word,distance_to_centroid,distance_to_domain,distance_to_first_item,ID
alpaca,0.82239520786158,1.1749418382249637,0.0,2
bear,0.790764016563342,1.123889483266586,1.2160801148326426,2
bruin,0.889070241401752,1.2644924734467433,1.1829682316356367,2
antelope,0.7150891565155978,1.092199807953824,0.9759222353960018,2
anteater,0.7656739069805691,1.1060189396094344,1.111101451515088,2
ant,0.8149866915237521,1.1858999298076058,1.1571557144377271,2
cow,0.7474299556231558,1.0393942981466475,1.1610000942105072,2
cat,0.7650643079441322,1.0192089061953933,1.2080873143916264,2
dog,0.7690871526669866,0.9269403591208584,1.1916374368783493,2
chicken,0.7772714695282821,1.1216453062598462,1.1880421039951554,2
rooster,0.7810506187857088,1.1265732474521417,1.1837995799904253,2
ox,0.8584621296935029,1.2273385680756248,1.1698879630907697,2
zebra,0.7809901735368322,1.1176582885897683,1.151827873561321,2
tiger,0.7713353957763409,1.1369978991343088,1.2161581459052229,2
lion,0.7436808523531786,1.058551939504521,1.110460821929974,2
quail,0.8136660438514597,1.2262037759898594,1.1179440419631377,2
peacock,0.7993449944265802,1.168361254856803,1.1482058589659327,2
monkey,0.7135918466719453,1.0776578204652905,1.2388420505639781,2
ape,0.7936952197694883,1.156598483866005,1.2966441531441717,2
chimpanzee,0.7353553840210592,1.087170527798375,1.148261949844126,2
kangaroo,0.7414357391172204,1.1105409242026874,1.08454270039499,2
koala,0.7860969298960541,1.1895973867495286,1.093396889311355,2
cow,0.7283911673337703,1.0393942981466475,0.0,4
pig,0.7582745243681541,1.1056965981978975,0.9929126781291894,4
chicken,0.7387982050311712,1.1216453062598462,1.0162881855174162,4
giraffe,0.8198922522085529,1.1884427465885492,1.1305682336689118,4
elephant,0.7260005530290183,1.0461949098088636,0.9669719308234811,4
panda,0.834979382018005,1.149531493643352,1.18345708984184,4
turtle,0.7551624533348167,1.1889045258357533,1.1199022038257016,4
fish,0.7117588731826425,0.9885987955423701,1.0275478231387047,4
snake,0.7454507388096073,1.1086529518216863,1.0499391336545345,4
cat,0.7155804472408054,1.0192089061953933,1.058624590599432,4
dog,0.7063473939931213,0.9269403591208584,1.0414556531936192,4
horse,0.6950625314858134,0.965888696108949,0.9447555067617948,4
lion,0.7928777229800088,1.058551939504521,1.1724233012971674,4
shrimp,0.8143170953474188,1.2163904981538947,1.1702461594303273,4
starfish,0.8283057605002826,1.201700587530752,1.1926108583154478,4
spider,0.7837684056435972,1.1726798248185308,1.1171039442859554,4
alligator,0.7685755957017599,1.172180497123028,1.0924049935775169,4
bird,0.7570731813868306,1.0737931483409942,1.1090797603865408,4
monkey,0.7430525400013785,1.0776578204652905,0.0,5
giraffe,0.7739363935993263,1.1884427465885492,1.158683011978648,5
elephant,0.7150244222615005,1.0461949098088636,1.0744040335030896,5
tiger,0.7585636448064671,1.1369978991343088,0.985557319304623,5
cheetah,0.7584386764996603,1.1395872374057958,1.074157562860689,5
lion,0.7531955506486625,1.058551939504521,0.9834021462067235,5
kangaroo,0.7617114067990164,1.1105409242026874,1.0776500825738193,5
opossum,0.7709312149968559,1.1629314908750732,1.168921539796274,5
raccoon,0.7904217031296092,1.1692551007961864,1.1304165067633039,5
quokka,0.7354151468595695,1.0707774015536164,1.1068190924757815,5
cat,0.7477697224583547,1.0192089061953933,1.0166223194661992,5
dog,0.7540053629769485,0.9269403591208584,1.0239431717162413,5
bird,0.7512992887507874,1.0737931483409942,1.1222629423776502,5
parrot,0.7883853300932742,1.1556004162000015,1.0371735109005824,5
turtle,0.7766613591123235,1.1889045258357533,1.11536810198824,5
fish,0.7850326138387508,0.9885987955423701,1.060962409626664,5
whale,0.7975566936241517,1.1430481592310042,1.153839943893535,5
starfish,0.8517058887894173,1.201700587530752,1.1877501106433692,5
honey badger,0.7951664519239802,1.1651304791470407,1.1515739903560556,5
wombat,0.762449875221184,1.2285356231169922,1.181730576679457,5
goose,0.8193139626951017,1.2294406812667837,0.0,6
duck,0.7815951470795194,1.178730043650054,0.8518944602014417,6
chicken,0.7930777300409247,1.1216453062598462,1.0980904907186495,6
snake,0.749170721308592,1.1086529518216863,1.1716738518843592,6
lizard,0.7565270017620862,1.15827964655824,1.305997039246444,6
alligator,0.7316687586811049,1.172180497123028,1.1750290436909432,6
turtle,0.7838623569376656,1.1889045258357533,1.1644233840536566,6
frog,0.7654390377898751,1.0931126652960574,1.1404436098728072,6
newt,0.8417427858200041,1.263853340581457,1.2670304370835428,6
skunk,0.8289000651547229,1.1773556800130514,1.206051306433934,6
stegosaurus,0.7756835403897478,1.2114675224452809,1.2247188452508995,6
velociraptor,0.7574462660123334,1.23768783844786,1.1677369061484104,6
tyrannosaurus rex,0.8241346271385122,1.2746881582616167,1.2119423138066359,6
triceratops,0.7849870982567978,1.180087212157795,1.2070765524070077,6
crow,0.7865971568899425,1.2192807729179764,1.0917864670077697,6
raven,0.8580183178291123,1.2406303899720232,1.1999215836779173,6
pigeon,0.7847187256494723,1.1202121094164363,1.0459819529490926,6
pheasant,0.7638028060625902,1.204832306555898,0.9940684332914251,6
deer,0.7859059490018657,1.0670022123976246,1.1216761193253322,6
bear,0.8257924775369787,1.123889483266586,1.121126225564397,6
horse,0.7551169105904098,0.965888696108949,1.1162473328005396,6
monkey,0.7986686404567874,1.0776578204652905,1.1204971314898922,6
gorilla,0.7987733646911571,1.1124524595952483,1.1840308570899247,6
caiman,0.8283265539138633,1.1783868556886186,1.2316241990166474,6
salamander,0.7576726096354962,1.1887950155232851,1.2466200144090696,6
boa constrictor,0.8586170561114652,1.2291137558257714,1.3027579563904548,6
ant,0.8053347241544749,1.1858999298076058,0.0,7
alligator,0.7823985831303528,1.172180497123028,1.2197659652474817,7
possum,0.7374215968885294,1.1384574350749013,1.0778732972143188,7
elephant,0.7364969295722775,1.0461949098088636,1.0237655198618376,7
giraffe,0.8309759033655545,1.1884427465885492,1.1701258605022853,7
tiger,0.7935875482594438,1.1369978991343088,1.252422979975634,7
lion,0.7736427916516656,1.058551939504521,1.1797100017801432,7
bear,0.7920156815453719,1.123889483266586,1.1796715398501432,7
dog,0.7281338288358632,0.9269403591208584,1.120906543570637,7
cat,0.7297906905745087,1.0192089061953933,1.1306459791942027,7
rat,0.7052603426439734,1.0799510283288585,1.0978542675496021,7
raccoon,0.8006406635537809,1.1692551007961864,1.199854844959399,7
deer,0.7710679227366737,1.0670022123976246,1.161199056627608,7
stinkbug,0.8069857308775341,1.1370332974089012,1.1130026546528173,7
scorpion,0.863837371943204,1.2141302043940712,1.2331046292177412,7
spider,0.7656159930976382,1.1726798248185308,1.0768099098076582,7
wolf,0.7690266162197273,1.0770628836108005,1.1513937396572864,7
fox,0.8450559980093845,1.1562210376241773,1.2321329861231245,7
muskrat,0.7560274708730299,1.17414527403126,1.1070495573649575,7
mouse,0.7477942486500635,1.1048159339711667,1.1152597001622582,7
hamster,0.7811223004826052,1.090381199521366,1.1722134521008256,7
squirrel,0.7597318805927861,1.1857650114949005,1.0991734155480086,7
guinea pig,0.7888388903989816,1.0762220833286011,1.1264056349592877,7
gerbil,0.7974258920580057,1.119089101232899,1.1852922361907459,7
anteater,0.7826996758952934,1.1060189396094344,0.8931370871273212,7
snake,0.7443961965870171,1.1086529518216863,1.162289538175381,7
cat,0.7567242217896647,1.0192089061953933,0.0,11
dog,0.7234441849219528,0.9269403591208584,0.8674575951584943,11
red panda,0.8590781849611845,1.178595548641194,1.183753933872535,11
lemur,0.7742662907970332,1.2056970111952872,1.152864399979503,11
fennec fox,0.8054475514479631,1.1750920894194832,1.196634597383327,11
tiger,0.7840745992139102,1.1369978991343088,1.0270121376671233,11
lion,0.7673766198101398,1.058551939504521,1.051988795264514,11
elephant,0.747413857939656,1.0461949098088636,1.0988771715258037,11
flamingo,0.7976987703266814,1.200739366653492,1.1800314336560256,11
sandpiper,0.8103569869945363,1.2109618343974042,1.1738713923340882,11
fairy tern,0.8526398788951612,1.2397111143622161,1.222926933533913,11
monkey,0.7322725289095106,1.0776578204652905,1.0166223194661992,11
chimpanzee,0.7742046007993373,1.087170527798375,1.1818607875036509,11
orangutan,0.7780842455590964,1.1710860462469639,1.2134488238362795,11
havanese dog,0.9014142613464489,1.2460176821775357,1.2273728660345469,11
dog,0.7234441849219528,0.9269403591208584,0.8674575951584943,11
snake,0.763607452048236,1.1086529518216863,1.0571680994100559,11
garter snake,0.8713627402550737,1.243429731403177,1.2352262269710994,11
deer,0.800212185871792,1.0670022123976246,1.136588276312349,11
fox,0.8337953496279692,1.1562210376241773,1.1291642861175204,11
porcupine,0.7639314650183257,1.1477724757763785,1.1372268483975012,11
hedgehog,0.7807506995342385,1.1815866432768223,1.12350715737608,11
ant,0.8274969467330793,1.1858999298076058,1.1306459791942027,11
butterfly,0.7999409158230547,1.1739238085649506,1.1251478792041218,11
dragonfly,0.8310449242028458,1.2260335103870341,1.2232005402716806,11
rabbit,0.7504449600043895,1.0467123341550726,0.9860531770815246,11
chicken,0.8136502923485303,1.1216453062598462,1.0119363553642762,11
anaconda,0.8422616124488643,1.234003772870135,0.0,12
bear,0.7761667380487103,1.123889483266586,1.2136555989885176,12
cat,0.7478055555122638,1.0192089061953933,1.2497753468991941,12
dog,0.7552703008980582,0.9269403591208584,1.2526886606982843,12
frog,0.7717354471715837,1.0931126652960574,1.2300080513612293,12
goat,0.8021577780958477,1.084723785451578,1.273685986156286,12
iguana,0.814906944340303,1.1855950697014557,1.1104802481090152,12
jaguar,0.830668444243108,1.223031024062769,1.1045485886892503,12
kangaroo,0.7501374921571157,1.1105409242026874,1.147036616576371,12
llama,0.7558138606749897,1.1520927992140997,1.21962198383588,12
orca,0.8046504453115028,1.1716034032607816,1.042757348511865,12
penguin,0.7552631851218696,1.1562000207801095,1.2316937184621548,12
rabbit,0.7702465286941653,1.0467123341550726,1.2431193149433235,12
spider,0.7715858796635587,1.1726798248185308,1.1588119365378793,12
tiger,0.7688209320259304,1.1369978991343088,1.1665318024042621,12
whale,0.7747777317535284,1.1430481592310042,1.1641082658978492,12
zebra,0.7780312520223875,1.1176582885897683,1.1734633011541657,12
alpaca,0.8065211784088854,1.1749418382249637,1.1852041524015042,12
baboon,0.7595875825737332,1.1501268499293378,1.094818365315629,12
komodo dragon,0.7951449787298992,1.2021091624858309,1.1112969923896951,12
cat,0.6979341336438311,1.0192089061953933,0.0,15
dog,0.6974517652596672,0.9269403591208584,0.8674575951584943,15
parrot,0.8073376896995235,1.1556004162000015,1.1125623197056222,15
lizard,0.8103747990707528,1.15827964655824,1.1278126332605123,15
fish,0.7570014142276805,0.9885987955423701,1.038206803388522,15
turtle,0.7671417666797516,1.1889045258357533,1.0991275841268757,15
snake,0.7420651088541377,1.1086529518216863,1.0571680994100559,15
tiger,0.7660898514484982,1.1369978991343088,1.0270121376671233,15
lion,0.7529555910800224,1.058551939504521,1.051988795264514,15
giraffe,0.8314935453043343,1.1884427465885492,1.1745012157564525,15
cheetah,0.7857557915640737,1.1395872374057958,1.10568407721678,15
mouse,0.77308099466053,1.1048159339711667,0.9267276706433802,15
deer,0.7821424096090712,1.0670022123976246,1.136588276312349,15
wolf,0.7513181326811691,1.0770628836108005,1.0534889515561048,15
rabbit,0.7201418886835101,1.0467123341550726,0.9860531770815246,15
cow,0.7550544263904125,1.0393942981466475,1.058624590599432,15
pig,0.7615410156042296,1.1056965981978975,1.025668791385112,15
horse,0.6893366861450915,0.965888696108949,0.9580666073422256,15
whale,0.8029676157749712,1.1430481592310042,1.1023516351710632,15
panda,0.8168793266744673,1.149531493643352,1.1332314848529572,15
raccoon,0.834573012770288,1.1692551007961864,1.1776170962032566,15
bear,0.7656566179871334,1.123889483266586,1.0535591492122485,15
rat,0.7221738080056243,1.0799510283288585,0.9725066279320393,15
zebra,0.7970948408301265,1.1176582885897683,0.0,16
lion,0.7645330068976033,1.058551939504521,1.0515769528469654,16
tiger,0.7748429997598479,1.1369978991343088,1.130216133565804,16
bear,0.7904222850602026,1.123889483266586,1.1867705786900442,16
shrimp,0.853045294159057,1.2163904981538947,1.1550155087594185,16
cod,0.8862908133629008,1.1811573284760393,1.2679443043668248,16
cat,0.7206466718171028,1.0192089061953933,1.1469297134943308,16
dog,0.7071766909880813,0.9269403591208584,1.1617665161541142,16
parrot,0.7743271800558685,1.1556004162000015,1.1313763671944612,16
fish,0.7097791376670072,0.9885987955423701,1.1298246135752799,16
hamster,0.7773517249664738,1.090381199521366,1.171678122019301,16
guinea pig,0.8014786441956163,1.0762220833286011,1.1232437186640438,16
horse,0.7053896377642512,0.965888696108949,1.0773014542222872,16
monkey,0.7341641454310808,1.0776578204652905,1.0371862293590313,16
gorilla,0.7766163299492276,1.1124524595952483,1.072420845972201,16
bird,0.7383301142472813,1.0737931483409942,1.1662335614780412,16
eagle,0.8070831730372144,1.1734411780010299,1.15043432898396,16
shark,0.7577430138134226,1.1805122403871113,1.104782467275103,16
whale,0.7899825801264061,1.1430481592310042,1.1739463954305616,16
frog,0.7607231401496359,1.0931126652960574,1.1386836061518757,16
salamander,0.8137764216326138,1.1887950155232851,1.147883894071587,16
spider,0.7886349451497531,1.1726798248185308,1.153444203345464,16
dog,0.7578441565837595,0.9269403591208584,0.0,17
cat,0.726445353180769,1.0192089061953933,0.8674575951584943,17
fish,0.779762940590639,0.9885987955423701,0.9917293707513966,17
snake,0.7933475172065834,1.1086529518216863,1.0457062768666496,17
frog,0.7947320272852297,1.0931126652960574,1.0501031932012101,17
bird,0.7273585867262055,1.0737931483409942,1.0100950735950691,17
monkey,0.750902507222356,1.0776578204652905,1.0239431717162413,17
giraffe,0.7696722876656624,1.1884427465885492,1.1766182122444033,17
elephant,0.7051481957932766,1.0461949098088636,1.116848090808271,17
zebra,0.7673392950501398,1.1176582885897683,1.1617665161541142,17
horse,0.7161158450904223,0.965888696108949,0.8992994905391918,17
rhino,0.7703458708380942,1.1848310376808922,1.2113231152707005,17
peacock,0.7317603100488489,1.168361254856803,1.1922444114602302,17
ostrich,0.7742321008257012,1.2283689367341117,1.2319197942987306,17
flamingo,0.7890515155223764,1.200739366653492,1.168386654484427,17
lion,0.7405697265697507,1.058551939504521,1.0955525339606704,17
cheetah,0.7303162315296299,1.1395872374057958,1.1469516023240474,17
panther,0.7323999520913806,1.1254029329238397,1.1214449503624764,17
bobcat,0.8236221733965904,1.2051783605583608,1.2161038254021095,17
dog,0.7578441565837595,0.9269403591208584,0.0,18
cat,0.726445353180769,1.0192089061953933,0.8674575951584943,18
fish,0.779762940590639,0.9885987955423701,0.9917293707513966,18
snake,0.7933475172065834,1.1086529518216863,1.0457062768666496,18
frog,0.7947320272852297,1.0931126652960574,1.0501031932012101,18
bird,0.7273585867262055,1.0737931483409942,1.0100950735950691,18
monkey,0.750902507222356,1.0776578204652905,1.0239431717162413,18
giraffe,0.7696722876656624,1.1884427465885492,1.1766182122444033,18
elephant,0.7051481957932766,1.0461949098088636,1.116848090808271,18
zebra,0.7673392950501398,1.1176582885897683,1.1617665161541142,18
horse,0.7161158450904223,0.965888696108949,0.8992994905391918,18
rhino,0.7703458708380942,1.1848310376808922,1.2113231152707005,18
peacock,0.7317603100488489,1.168361254856803,1.1922444114602302,18
ostrich,0.7742321008257012,1.2283689367341117,1.2319197942987306,18
flamingo,0.7890515155223764,1.200739366653492,1.168386654484427,18
lion,0.7405697265697507,1.058551939504521,1.0955525339606704,18
cheetah,0.7303162315296299,1.1395872374057958,1.1469516023240474,18
panther,0.7323999520913806,1.1254029329238397,1.1214449503624764,18
bobcat,0.8236221733965904,1.2051783605583608,1.2161038254021095,18
horse,0.7330735199665616,0.965888696108949,0.0,19
moose,0.8097798446491163,1.1649762820012772,1.0730611179294942,19
cow,0.7775939562141334,1.0393942981466475,0.9447555067617948,19
cat,0.7586955093129399,1.0192089061953933,0.9580666073422256,19
dog,0.7590820090273996,0.9269403591208584,0.8992994905391918,19
frog,0.7701882322569719,1.0931126652960574,1.0752195161615001,19
flamingo,0.8209087126208496,1.200739366653492,1.1592405404960204,19
hippo,0.7883960036420377,1.1574642872180168,1.120172362503391,19
penguin,0.7744354520155267,1.1562000207801095,1.1433401623102846,19
jaguar,0.8457767609036385,1.223031024062769,1.1412010154222445,19
bobcat,0.8378906022182405,1.2051783605583608,1.1284616628567277,19
octopus,0.7820852113121123,1.1974860366461029,1.1878369843718481,19
squid,0.83330944270434,1.2310155473584374,1.1642524388987998,19
fish,0.7661420570354414,0.9885987955423701,1.0135837905679772,19
shark,0.7694744280034993,1.1805122403871113,1.1048617298941157,19
dolphin,0.8475808210220591,1.148120934302907,1.175303133073912,19
jellyfish,0.8230427092509786,1.1612795760080417,1.2174612124738446,19
giraffe,0.7831638033239519,1.1884427465885492,1.1008319351754714,19
elephant,0.7267253419684429,1.0461949098088636,1.0229927581580591,19
zebra,0.7838249417024651,1.1176582885897683,1.0773014542222872,19
deer,0.7834918318749193,1.0670022123976246,1.0195750777567427,19
squirrel,0.7914208257018994,1.1857650114949005,1.1672727890357628,19
groundhog,0.8754289030725686,1.279876704496099,1.2001682483077192,19
butterfly,0.8220049422547934,1.1739238085649506,1.0989667311863174,19
caterpillar,0.8199654550533282,1.191985435712591,1.1500528829694743,19
beetle,0.8096686795429182,1.2170299576341577,1.160590178536641,19
stinkbug,0.8243163399196162,1.1370332974089012,1.150110978292288,19
rabbit,0.7605585355294862,1.0467123341550726,0.9153659373541607,19
iguana,0.8085312343660802,1.1855950697014557,1.104479504790078,19
lizard,0.7891419097855406,1.15827964655824,1.1298693867622591,19
turtle,0.7671282343377058,1.1889045258357533,1.0964979668398476,19
dog,0.7478948614269434,0.9269403591208584,0.0,20
bird,0.7390368860099986,1.0737931483409942,1.0100950735950691,20
cat,0.7437823865450484,1.0192089061953933,0.8674575951584943,20
fish,0.7530440226603642,0.9885987955423701,0.9917293707513966,20
elephant,0.7430108007358615,1.0461949098088636,1.116848090808271,20
giraffe,0.8067252780417211,1.1884427465885492,1.1766182122444033,20
mastodon,0.8497184029746396,1.1717388700119562,1.2661817415615289,20
dinosaur,0.7719419040001223,1.196026622924958,1.1783217100228494,20
snake,0.7469485984581353,1.1086529518216863,1.0457062768666496,20
lizard,0.759103475713461,1.15827964655824,1.1159477671030007,20
tarantula,0.8055052720645559,1.19450023482404,1.1699356221623092,20
weasel,0.7890028258601253,1.258857413758552,1.2012895289765078,20
ferret,0.7726135177726406,1.1584864674717275,1.1072546771914897,20
rat,0.7305664463906358,1.0799510283288585,1.0041203949456492,20
squirrel,0.7539577313169445,1.1857650114949005,1.145151989157597,20
whale,0.7721611801663956,1.1430481592310042,1.123968771597805,20
shark,0.7565856658866107,1.1805122403871113,1.0906027082873988,20
snake,0.7886412799575948,1.1086529518216863,0.0,21
bird,0.760320344468262,1.0737931483409942,1.101187326708709,21
lion,0.7576563692361041,1.058551939504521,1.1556508257697713,21
cat,0.7341414805299753,1.0192089061953933,1.0571680994100559,21
elephant,0.7276054957054199,1.0461949098088636,1.1122615591675962,21
coyote,0.8498469984441285,1.125675824343197,1.124690435319254,21
fish,0.7471298545359926,0.9885987955423701,1.0432954428366565,21
whale,0.7689751529703108,1.1430481592310042,1.1830907741471837,21
seal,0.8747169916006594,1.2073828598711756,1.2636176292452643,21
salmon,0.8532622194168589,1.2430573796274846,1.2365100285005663,21
deer,0.7678786419264007,1.0670022123976246,1.1196395777232204,21
cow,0.7310301997708245,1.0393942981466475,1.0499391336545345,21
pig,0.7624393520338912,1.1056965981978975,1.1276655774055395,21
chicken,0.7701440441252198,1.1216453062598462,1.078616664300605,21
goat,0.7713755794251395,1.084723785451578,1.081881841569668,21
sheep,0.7981478997336793,1.076740531262682,1.1369791748480544,21
human,0.802335187034754,1.0001323151978487,1.1503029761044141,21
monkey,0.7442230039121929,1.0776578204652905,1.1066980181744586,21
gorilla,0.7723815910524956,1.1124524595952483,1.1572823604129217,21
rhino,0.8105121933588121,1.1848310376808922,1.2537661962421,21
panda,0.8347375621444231,1.149531493643352,1.2107509177954412,21
bear,0.7579915190177587,1.123889483266586,1.122773051378375,21
spider,0.7853782134059171,1.1726798248185308,1.0583371210557808,21
ant,0.8297321988282594,1.1858999298076058,1.162289538175381,21
dog,0.7424111631781156,0.9269403591208584,0.0,22
cat,0.7463943175680953,1.0192089061953933,0.8674575951584943,22
snake,0.7624377703346281,1.1086529518216863,1.0457062768666496,22
sloth,0.8419847401067776,1.222548951499027,1.234996932250183,22
lion,0.757341039859544,1.058551939504521,1.0955525339606704,22
frog,0.76500867056078,1.0931126652960574,1.0501031932012101,22
octopus,0.7861664964704115,1.1974860366461029,1.204656380477579,22
butterfly,0.8140316317357882,1.1739238085649506,1.107960200263417,22
gorilla,0.7728912314478553,1.1124524595952483,1.1131189759455395,22
zebra,0.7912250985118624,1.1176582885897683,1.1617665161541142,22
ostrich,0.825215199921141,1.2283689367341117,1.2319197942987306,22
whale,0.7579625462023534,1.1430481592310042,1.123968771597805,22
dolphin,0.8048619964000508,1.148120934302907,1.1609553121142218,22
fish,0.7542150195363274,0.9885987955423701,0.9917293707513966,22
flamingo,0.8126028024143312,1.200739366653492,1.168386654484427,22
polar bear,0.7693374280228148,1.1610228591656826,1.1285885632302763,22
bear,0.7647019659784982,1.123889483266586,1.033089316171676,22
hamster,0.8002464140568328,1.090381199521366,1.033074695302684,22
chinchilla,0.7937572535269497,1.1626768187232164,1.1340197819991447,22
tiger,0.7501413499462222,1.1369978991343088,0.0,23
lion,0.7446511788668574,1.058551939504521,0.9708151297324147,23
bear,0.7905911075059326,1.123889483266586,1.0481941070028127,23
ostrich,0.8026551056630689,1.2283689367341117,1.138585454754609,23
dog,0.7429435599482231,0.9269403591208584,1.1164975264568107,23
cat,0.7363818586683536,1.0192089061953933,1.0270121376671233,23
bird,0.7643588645663603,1.0737931483409942,1.1040444269730285,23
fish,0.747760710395827,0.9885987955423701,1.1100251869461324,23
alpaca,0.8259886383609734,1.1749418382249637,1.2161581459052229,23
llama,0.7743064413791653,1.1520927992140997,1.1802966062061013,23
cow,0.737284762390732,1.0393942981466475,1.0704787409521863,23
pig,0.7713229251948286,1.1056965981978975,1.1009316096861084,23
chicken,0.7856391763429471,1.1216453062598462,1.152140010944935,23
elephant,0.7275984661661277,1.0461949098088636,0.9869363273120004,23
antelope,0.7569486484349671,1.092199807953824,1.1234465957558384,23
jaguar,0.8213465888169104,1.223031024062769,1.04045319583616,23
shark,0.7756008589518708,1.1805122403871113,1.0720181459277562,23
whale,0.7699874301500272,1.1430481592310042,1.1254110483027093,23
dolphin,0.8099423989310636,1.148120934302907,1.1774668230280367,23
monkey,0.7292119087835721,1.0776578204652905,0.985557319304623,23
baboon,0.743888965091279,1.1501268499293378,1.0771713444825994,23
gorilla,0.7782922186133832,1.1124524595952483,1.134522177471038,23
snake,0.7795599662513238,1.1086529518216863,1.1137590646212028,23
salamander,0.8372574182013098,1.1887950155232851,1.1688153231872485,23
cat,0.7131597231957223,1.0192089061953933,0.0,24
dog,0.7166672689518381,0.9269403591208584,0.8674575951584943,24
bird,0.7235971581514544,1.0737931483409942,0.9983949501850387,24
cheetah,0.7736079549299905,1.1395872374057958,1.10568407721678,24
lion,0.7576644349128528,1.058551939504521,1.051988795264514,24
giraffe,0.7884882410662891,1.1884427465885492,1.1745012157564525,24
zebra,0.7799510745356287,1.1176582885897683,1.1469297134943308,24
hippo,0.8019922021532416,1.1574642872180168,1.1783087575995743,24
panda,0.8366937744395287,1.149531493643352,1.1332314848529572,24
horse,0.6938810060468856,0.965888696108949,0.9580666073422256,24
pig,0.7644631144926093,1.1056965981978975,1.025668791385112,24
chicken,0.7660774582630592,1.1216453062598462,1.0119363553642762,24
lamb,0.8054749235017736,1.1388038401363187,1.1288517737364039,24
cow,0.7524273208106055,1.0393942981466475,1.058624590599432,24
bird,0.7235971581514544,1.0737931483409942,0.9983949501850387,24
butterfly,0.8040782135635787,1.1739238085649506,1.1251478792041218,24
scorpion,0.8681515072590724,1.2141302043940712,1.1895267440468367,24
shark,0.7632093059566258,1.1805122403871113,1.0996689429110984,24
whale,0.7798350129945711,1.1430481592310042,1.1023516351710632,24
cat,0.7085096430814074,1.0192089061953933,0.0,25
dog,0.7237007073845286,0.9269403591208584,0.8674575951584943,25
lizard,0.7893537430203703,1.15827964655824,1.1278126332605123,25
turtle,0.7607053462896725,1.1889045258357533,1.0991275841268757,25
mouse,0.7641553256049377,1.1048159339711667,0.9267276706433802,25
deer,0.805087517143954,1.0670022123976246,1.136588276312349,25
zebra,0.8117126774045548,1.1176582885897683,1.1469297134943308,25
lion,0.7517745285742977,1.058551939504521,1.051988795264514,25
tiger,0.7565594198232503,1.1369978991343088,1.0270121376671233,25
panther,0.7552827713748883,1.1254029329238397,1.0065949755262171,25
crocodile,0.7544643366146981,1.1427709632573886,1.1161417727257383,25
frog,0.76622645159912,1.0931126652960574,1.0537703614473668,25
bird,0.7548544540354304,1.0737931483409942,0.9983949501850387,25
crab,0.8077675026338391,1.2101634255908607,1.1305841293583596,25
fish,0.7204686107893963,0.9885987955423701,1.038206803388522,25
octopus,0.8057973975208843,1.1974860366461029,1.2057813856706245,25
dolphin,0.8183717124502329,1.148120934302907,1.1671267322870036,25
whale,0.7794457399815703,1.1430481592310042,1.1023516351710632,25
fox,0.8301223691787794,1.1562210376241773,1.1291642861175204,25
monkey,0.7366486075846217,1.0776578204652905,1.0166223194661992,25
koala,0.7818365850719486,1.1895973867495286,0.0,26
tiger,0.7690607438633223,1.1369978991343088,1.1284915328242733,26
bear,0.7672092668270206,1.123889483266586,1.0543251681981813,26
dog,0.7290139597463992,0.9269403591208584,1.1767929298903161,26
cat,0.7340605588389665,1.0192089061953933,1.178906507776127,26
shark,0.7749743772386702,1.1805122403871113,1.141890254244124,26
fish,0.7845819880097514,0.9885987955423701,1.2329735178033476,26
hamster,0.8035145717072061,1.090381199521366,1.1487751010790712,26
red panda,0.8168092082076602,1.178595548641194,1.039989915935457,26
giant panda,0.8256312202886226,1.205996685640187,1.059718723269458,26
giraffe,0.8009848069214484,1.1884427465885492,1.0749707693833088,26
elephant,0.7187070932829567,1.0461949098088636,1.0846428572754472,26
lion,0.7519981672733902,1.058551939504521,1.1368511523178222,26
leopard,0.8083108381729838,1.1379716320971307,1.1666328051393013,26
rabbit,0.7369963787671179,1.0467123341550726,1.0928631925662542,26
horse,0.6989491822413556,0.965888696108949,1.1914307371673516,26
bat,0.7572115653914169,1.147602934549153,1.106970487807954,26
anteater,0.808379093634813,1.1060189396094344,1.0848592338972776,26
deer,0.7680870810226212,1.0670022123976246,1.1606474093026145,26
sheep,0.8157924456516816,1.076740531262682,1.143763244064964,26
cow,0.7548983700939932,1.0393942981466475,1.16414431192547,26
pig,0.7671305258621647,1.1056965981978975,1.1740383815624644,26
praying mantis,0.8488696286652703,1.1923823270381992,1.107750005098323,26
butterfly,0.8078515985923146,1.1739238085649506,1.0835602498561618,26
moth,0.8439201387762003,1.2228916942898875,1.090341801271097,26
fly,0.8851149174313939,1.1852767326609974,0.0,28
deer,0.7901011377302489,1.0670022123976246,1.1960076760035172,28
polar bear,0.7455286515798641,1.1610228591656826,1.223020335971944,28
brown bear,0.8034936309957239,1.1885268485171616,1.3059181584913924,28
black bear,0.7517705093630811,1.131171484880373,1.2838556952520408,28
jellyfish,0.8314097535635928,1.1612795760080417,1.2385283329060122,28
giant squid,0.8010702460181448,1.2569426696416308,1.248941185231484,28
blue whale,0.7988774687418836,1.180390543395469,1.255814793181656,28
mako shark,0.845605836640981,1.3368839592627413,1.288010527024981,28
great white shark,0.7585222435083115,1.2070568813897746,1.209052055522304,28
barracuda,0.8204620440491773,1.2492671477474226,1.1956745133240019,28
elk,0.8164206038065958,1.0827157189117222,1.278488217770112,28
moose,0.7861220249411863,1.1649762820012772,1.1868931256198905,28
panther,0.7533587297239644,1.1254029329238397,1.1663433692165233,28
lion,0.7522929748621173,1.058551939504521,1.191134200672758,28
cheetah,0.7779033078630977,1.1395872374057958,1.1615916153892516,28
gorilla,0.8008532070512717,1.1124524595952483,1.2608501281554674,28
rhino,0.805211515107743,1.1848310376808922,1.204195763907239,28
sea lion,0.743664738330734,1.1073983190732704,1.213264568858668,28
seal,0.8512876485165486,1.2073828598711756,1.2174039753470869,28
viper,0.8466088453668378,1.3037254360685695,1.1813461616073286,28
sea snake,0.7907656303748308,1.1369607193775326,1.1583396052434956,28
penguin,0.7844427765690808,1.1562000207801095,1.1247464849943314,28
mantis,0.8643599783296002,1.2764085418824547,1.2316413182228716,28
tarantula,0.8295668181645224,1.19450023482404,1.2391418559206018,28
black widow,0.823902842995792,1.2338173338484792,1.191066977676,28
snake,0.7558373128722485,1.1086529518216863,0.0,29
lion,0.7283166352469675,1.058551939504521,1.1556508257697713,29
elephant,0.7210344548472455,1.0461949098088636,1.1122615591675962,29
zebra,0.7890826281559883,1.1176582885897683,1.1463059212437634,29
giraffe,0.7990826223958808,1.1884427465885492,1.192600083926896,29
bear,0.772697185246095,1.123889483266586,1.122773051378375,29
squirrel,0.7973187823808588,1.1857650114949005,1.093555872370262,29
frog,0.7717399675651341,1.0931126652960574,1.0482950793764183,29
dog,0.7563381112097916,0.9269403591208584,1.0457062768666496,29
cat,0.7491744757422779,1.0192089061953933,1.0571680994100559,29
bird,0.7638560725969951,1.0737931483409942,1.101187326708709,29
reptile,0.8177757632854494,1.0908773709672457,0.9644232923103386,29
lizard,0.7607914051118851,1.15827964655824,1.0306085120283073,29
seal,0.845363387833079,1.2073828598711756,1.2636176292452643,29
sea lion,0.7676987903102892,1.1073983190732704,1.202408138051572,29
fish,0.7858755332431947,0.9885987955423701,1.0432954428366565,29
tiger,0.7734095145914516,1.1369978991343088,1.1137590646212028,29
moose,0.7872127090254061,1.1649762820012772,1.0792948129211295,29
kangaroo,0.7607328975566994,1.1105409242026874,1.1376706714638094,29
emu,0.8528516431212279,1.2954851196862718,1.1849887753360062,29
platypus,0.791770890985697,1.1715054709027481,1.1089989620923115,29
cat,0.7309009254128175,1.0192089061953933,0.0,30
dog,0.7424706133363962,0.9269403591208584,0.8674575951584943,30
horse,0.7179110829490009,0.965888696108949,0.9580666073422256,30
tiger,0.7489365279784249,1.1369978991343088,1.0270121376671233,30
chipmunk,0.7741694444539872,1.1468303571103686,1.1232934006191098,30
squirrel,0.7796029272670888,1.1857650114949005,1.0922853473086314,30
fish,0.787476477088428,0.9885987955423701,1.038206803388522,30
guinea pig,0.802805811857609,1.0762220833286011,1.0845051908693168,30
hamster,0.7930717672451041,1.090381199521366,1.0224020614704792,30
zebra,0.778443495912382,1.1176582885897683,1.1469297134943308,30
giraffe,0.81779652024519,1.1884427465885492,1.1745012157564525,30
elephant,0.726467490931884,1.0461949098088636,1.0988771715258037,30
lion,0.7346324996391077,1.058551939504521,1.051988795264514,30
cheetah,0.7393756647882396,1.1395872374057958,1.10568407721678,30
leopard,0.7371608151022,1.1379716320971307,1.1468405124839476,30
snow leopard,0.7930754702931455,1.1851964463249967,1.1807448022105,30
panther,0.748921496943447,1.1254029329238397,1.0065949755262171,30
wolf,0.7569825313328811,1.0770628836108005,1.0534889515561048,30
bear,0.7841197754233393,1.123889483266586,1.0535591492122485,30
polar bear,0.786346123920237,1.1610228591656826,1.1305806262500382,30
bird,0.7550220870983149,1.0737931483409942,0.9983949501850387,30
pigeon,0.8037916838193682,1.1202121094164363,1.1114719980406547,30
alligator,0.7703964903912962,1.172180497123028,1.1287528704827587,30
crocodile,0.7589556106764727,1.1427709632573886,1.1161417727257383,30
crane,0.8930030277519935,1.2266546887758851,1.1937551438665728,30
lizard,0.7841914141307101,1.15827964655824,1.1278126332605123,30
snake,0.7652162066741507,1.1086529518216863,1.0571680994100559,30
ant,0.7808287538447186,1.1858999298076058,0.0,31
anteater,0.7543489353603202,1.1060189396094344,0.8931370871273212,31
fox,0.8540831188412478,1.1562210376241773,1.2321329861231245,31
red panda,0.8307646223552481,1.178595548641194,1.2786969502268395,31
aye aye,0.9984039417561089,1.4029790963764939,1.3268115108336755,31
sloth,0.8442722208406527,1.222548951499027,1.2047715063849065,31
quail,0.8136807319210908,1.2262037759898594,1.0832941375939167,31
cardinal,0.8477792890968571,1.221053231930023,1.2085083938351975,31
turtle,0.7585878540763278,1.1889045258357533,1.153399269568618,31
tortoise,0.7965335356869028,1.1905795200982734,1.1768864222068969,31
elephant,0.7190656789685386,1.0461949098088636,1.0237655198618376,31
hedgehog,0.7867582946101698,1.1815866432768223,1.1623338316379512,31
penis worm,0.8937310169101206,1.240953077153006,1.1662931425901084,31
human,0.847366580227768,1.0001323151978487,1.1692525401566434,31
tiger,0.7838419213581002,1.1369978991343088,1.252422979975634,31
lion,0.7757084500567564,1.058551939504521,1.1797100017801432,31
bee,0.8470948694406474,1.2012918058288875,1.0349362455217375,31
shark,0.7937250516008286,1.1805122403871113,1.166906213913442,31
sponge,0.830461209773261,1.253127691309013,1.134005270327018,31
cow,0.7939122991313751,1.0393942981466475,1.1451282418377187,31
dog,0.7348070537329258,0.9269403591208584,0.0,32
cat,0.7535781603615332,1.0192089061953933,0.8674575951584943,32
fish,0.7802656138297288,0.9885987955423701,0.9917293707513966,32
manatee,0.7707131667061453,1.1635746390865844,1.163096717339523,32
gorilla,0.7427768519879708,1.1124524595952483,1.1131189759455395,32
orangutan,0.7451834042765457,1.1710860462469639,1.1746227668021867,32
flamingo,0.8226843626791541,1.200739366653492,1.168386654484427,32
deer,0.7607653168573826,1.0670022123976246,1.0669601599977527,32
fox,0.8573036153894795,1.1562210376241773,1.119118599041205,32
bear,0.7615807351069966,1.123889483266586,1.033089316171676,32
lion,0.7212533066089168,1.058551939504521,1.0955525339606704,32
zebra,0.7716689622425349,1.1176582885897683,1.1617665161541142,32
giraffe,0.745549744179221,1.1884427465885492,1.1766182122444033,32
elephant,0.7025827456064481,1.0461949098088636,1.116848090808271,32
horse,0.733720180939242,0.965888696108949,0.0,33
pig,0.7929135415323992,1.1056965981978975,1.0326384802541124,33
fish,0.7743594299606494,0.9885987955423701,1.0135837905679772,33
duck,0.7947598372105105,1.178730043650054,1.0793234058012457,33
goose,0.8077982628808908,1.2294406812667837,1.1162473328005396,33
bird,0.7392752538630063,1.0737931483409942,1.0316672293990798,33
giraffe,0.7946519762734308,1.1884427465885492,1.1008319351754714,33
elephant,0.7103676760887293,1.0461949098088636,1.0229927581580591,33
whale,0.7786046076302667,1.1430481592310042,1.1197355024684548,33
shark,0.776875433234618,1.1805122403871113,1.1048617298941157,33
lion,0.7807639185664724,1.058551939504521,1.0642645521739367,33
tiger,0.7794047990051006,1.1369978991343088,1.0960662977512825,33
bear,0.7927556094647407,1.123889483266586,1.0711855139506028,33
mosquito,0.7985313711872036,1.136471101475299,1.1273263688277284,33
cicada,0.8894794343727557,1.2871212867355626,1.3127934517212536,33
ladybug,0.865598456398437,1.2407040841779837,1.2284411801647799,33
grasshopper,0.8239399525566558,1.226238483787997,1.214338119499524,33
spider,0.7507332079502602,1.1726798248185308,1.076486791366718,33
ant,0.7971181935371137,1.1858999298076058,1.1265387339390218,33
cat,0.742338957423492,1.0192089061953933,0.9580666073422256,33
snake,0.7856335974696379,1.1086529518216863,1.0430420881630733,33
iguana,0.8361211501734672,1.1855950697014557,1.104479504790078,33
ostrich,0.7803385990922707,1.2283689367341117,1.1349423392116456,33
dog,0.7228705134634369,0.9269403591208584,0.0,35
cat,0.7280018780720432,1.0192089061953933,0.8674575951584943,35
lion,0.7455430042328156,1.058551939504521,1.0955525339606704,35
tiger,0.7741168197713899,1.1369978991343088,1.1164975264568107,35
bear,0.7385886275461062,1.123889483266586,1.033089316171676,35
cow,0.7438162166845882,1.0393942981466475,1.0414556531936192,35
chicken,0.7819719042683055,1.1216453062598462,1.0464362366754159,35
pig,0.7685944740312657,1.1056965981978975,1.0471492139633691,35
sheep,0.8130257647716579,1.076740531262682,1.121370230535433,35
alligator,0.7970646500326709,1.172180497123028,1.1156113719491119,35
bird,0.7784791869867365,1.0737931483409942,1.0100950735950691,35
parrot,0.7859329606987141,1.1556004162000015,1.093349456370945,35
guinea pig,0.7917872320539683,1.0762220833286011,1.0698584479263833,35
hamster,0.7820983383690894,1.090381199521366,1.033074695302684,35
horse,0.6707991902735786,0.965888696108949,0.8992994905391918,35
donkey,0.7460893018834276,1.0837170815883463,1.077910915857676,35
mule,0.8390765107447042,1.1921343044165704,1.1774969182661956,35
giraffe,0.8058368734208865,1.1884427465885492,1.1766182122444033,35
hyena,0.8379850638678412,1.1195802588076653,1.1820774582359348,35
zebra,0.8016921064741941,1.1176582885897683,1.1617665161541142,35
polar bear,0.7705796448544076,1.1610228591656826,1.1285885632302763,35
black bear,0.7831945938564382,1.131171484880373,1.1140676266273708,35
koala,0.8140837925064444,1.1895973867495286,1.1767929298903161,35
seal,0.8546666669753499,1.2073828598711756,0.0,37
buffalo,0.8214261967520623,1.147911210324848,1.2230238446612343,37
bug,0.8620975597477369,1.2084927778995935,1.2439066609993352,37
beetle,0.8149610275157333,1.2170299576341577,1.1673584235164627,37
dog,0.7349944038254984,0.9269403591208584,1.201170143751627,37
cat,0.7288229482590558,1.0192089061953933,1.2262616898959957,37
mouse,0.7697464743691449,1.1048159339711667,1.1980454599082349,37
horse,0.7234656282615498,0.965888696108949,1.1868750207821586,37
zebra,0.7723444374256827,1.1176582885897683,1.1794336122538909,37
lion,0.7609350010177308,1.058551939504521,1.0997378673708647,37
kangaroo,0.801273263108253,1.1105409242026874,1.1846422171647317,37
zebra,0.7723444374256827,1.1176582885897683,1.1794336122538909,37
crab,0.8001923701662842,1.2101634255908607,1.1757484622897014,37
squirrel,0.8095285489607551,1.1857650114949005,1.2100889581610732,37
owl,0.8121979752163434,1.1809265024824427,1.1852098763458054,37
sheep,0.8017034636326411,1.076740531262682,1.2356739219634536,37
bobcat,0.8559398647364406,1.2051783605583608,1.2461175149445838,37
spider,0.7680751740314687,1.1726798248185308,1.2499679060430662,37
butterfly,0.7956661099524156,1.1739238085649506,1.1460584688115034,37
fish,0.7614662109970778,0.9885987955423701,1.1842612338186855,37
shark,0.7587969667541239,1.1805122403871113,1.1522549476950235,37
dolphin,0.845228336925842,1.148120934302907,1.1694703692703559,37
crab,0.8001923701662842,1.2101634255908607,1.1757484622897014,37
anteater,0.7880828958882136,1.1060189396094344,0.0,38
aardvark,0.7496299932839804,1.1650543022858948,0.823723987761043,38
elk,0.7922546988577661,1.0827157189117222,1.119300445093161,38
deer,0.7398959057287403,1.0670022123976246,1.095325049377851,38
bear,0.7685752572464888,1.123889483266586,1.1636956377493382,38
moose,0.7713511243540346,1.1649762820012772,1.1491276112193924,38
cat,0.7544907587426897,1.0192089061953933,1.1601288910025782,38
dog,0.7433039416090821,0.9269403591208584,1.1380287456152216,38
horse,0.7248758809788651,0.965888696108949,1.1273070617085008,38
goat,0.766639365683778,1.084723785451578,1.1186225806826704,38
sheep,0.802853553982568,1.076740531262682,1.183855539754984,38
wolf,0.7443235224034389,1.0770628836108005,1.193311247544074,38
polar bear,0.7960384052064224,1.1610228591656826,1.2063047978818202,38
panda,0.8362674746427307,1.149531493643352,1.238614742347488,38
red panda,0.8592930749910002,1.178595548641194,1.24470959258383,38
squirrel,0.7578457251068569,1.1857650114949005,1.0713415351659774,38
chipmunk,0.7539017754878024,1.1468303571103686,1.0436059787476513,38
owl,0.7680420663725007,1.1809265024824427,1.0716174718022082,38
bird,0.767600995088959,1.0737931483409942,1.115923472975569,38
pigeon,0.7902083912026318,1.1202121094164363,1.1613259576376704,38
bug,0.8818538874384884,1.2084927778995935,1.2517779303705328,38
butterfly,0.8188984174599574,1.1739238085649506,1.2355389671085601,38
cockroach,0.8217296020917629,1.2033915201534464,1.1090930131165349,38
beetle,0.8235982915861045,1.2170299576341577,1.101371213458079,38
grasshopper,0.8342065126660602,1.226238483787997,1.081978732836322,38
ostrich,0.7896828752530214,1.2283689367341117,0.0,39
dog,0.7863714291889602,0.9269403591208584,1.2319197942987306,39
cat,0.779574405621031,1.0192089061953933,1.1837729606662353,39
dolphin,0.8121756465435176,1.148120934302907,1.2096664455285195,39
shark,0.7831778661881365,1.1805122403871113,1.2069641735893972,39
whale,0.7764280564970649,1.1430481592310042,1.1004970720995204,39
bat,0.7745672245349544,1.147602934549153,1.1660282328439837,39
moose,0.8032602146363563,1.1649762820012772,1.2136787692677775,39
bear,0.7950975706175021,1.123889483266586,1.203969244581409,39
groundhog,0.8472671690538542,1.279876704496099,1.1764478733739105,39
hedgehog,0.7505533161883534,1.1815866432768223,1.1591973949559455,39
raccoon,0.7679261068890024,1.1692551007961864,1.164969026785109,39
possum,0.7245338241197871,1.1384574350749013,1.1051258068208696,39
anteater,0.7442941556315399,1.1060189396094344,1.0448265080890289,39
antelope,0.7255242999111783,1.092199807953824,0.9668758177182386,39
squid,0.7839417466497851,1.2310155473584374,1.052977383857208,39
octopus,0.7608942917402914,1.1974860366461029,1.048838896716142,39
bear,0.7922279129238322,1.123889483266586,0.0,40
bat,0.7900929528317735,1.147602934549153,1.1009416041585696,40
zebra,0.762494574887845,1.1176582885897683,1.1867705786900442,40
antelope,0.7516159476948266,1.092199807953824,1.1460762608198405,40
anteater,0.7883115235377155,1.1060189396094344,1.1636956377493382,40
dolphin,0.8261278752220598,1.148120934302907,1.1753669964517737,40
whale,0.8137441558480244,1.1430481592310042,1.0848407033556244,40
fish,0.7781451521375946,0.9885987955423701,1.1513380041928096,40
deer,0.7974721896589173,1.0670022123976246,1.075501112413634,40
lion,0.7509040804288972,1.058551939504521,1.0089698765673085,40
tiger,0.7830700554805146,1.1369978991343088,1.0481941070028127,40
cheetah,0.7397418514646943,1.1395872374057958,1.165755608555651,40
leopard,0.7537535839234558,1.1379716320971307,1.1615298082016443,40
panther,0.7503984962479483,1.1254029329238397,1.1016117925122328,40
monkey,0.7480578646441949,1.0776578204652905,1.1038720676033207,40
gorilla,0.7692994806884416,1.1124524595952483,1.0642070231079357,40
orangutan,0.7663213624164037,1.1710860462469639,1.1744176207523158,40
dog,0.7669866663553663,0.9269403591208584,1.033089316171676,40
cat,0.7641375927718491,1.0192089061953933,1.0535591492122485,40
otter,0.8029145399951844,1.2263863268378068,1.1449288616393538,40
weasel,0.8063412949035323,1.258857413758552,1.1264250870511232,40
ferret,0.7842280105339773,1.1584864674717275,1.172229935576491,40
hamster,0.8049398977035255,1.090381199521366,1.1938342582273693,40
chinchilla,0.785289505982463,1.1626768187232164,1.1568137565970817,40
hedgehog,0.7798739507915233,1.1815866432768223,1.2250625207093204,40
moose,0.7971302312658634,1.1649762820012772,1.074040534323723,40
salamander,0.7808182050285551,1.1887950155232851,1.2040745634451226,40
snake,0.772796080561041,1.1086529518216863,1.122773051378375,40
lizard,0.7814005785142872,1.15827964655824,1.167714263405714,40
crab,0.843744967390167,1.2101634255908607,1.135317296600242,40
lobster,0.8709761296121422,1.23174696520555,1.2349968944859326,40
lamb,0.8218829279047193,1.1388038401363187,0.0,41
cat,0.7449654417974405,1.0192089061953933,1.1288517737364039,41
cow,0.7381424570549157,1.0393942981466475,1.0521099790930613,41
dog,0.7447224094163379,0.9269403591208584,1.10694645474148,41
bird,0.7422548115013865,1.0737931483409942,1.1526799199883797,41
deer,0.7164579697793458,1.0670022123976246,1.0531892428805496,41
squirrel,0.7767073134145674,1.1857650114949005,1.220047437869065,41
snake,0.7761873820478656,1.1086529518216863,1.2010055857092397,41
kangaroo,0.75748768384293,1.1105409242026874,1.096116807036343,41
moose,0.7638005148047267,1.1649762820012772,1.1235997372870743,41
shark,0.7909680523217548,1.1805122403871113,1.1570086788600398,41
bird,0.7422548115013865,1.0737931483409942,1.1526799199883797,41
giraffe,0.7750601619993046,1.1884427465885492,1.1479825704559594,41
elephant,0.713421043302149,1.0461949098088636,1.1035940230904484,41
zebra,0.7916347460945511,1.1176582885897683,1.1547089027629793,41
gorilla,0.7871982820016482,1.1124524595952483,1.2596837591780372,41
elk,0.7776426963119183,1.0827157189117222,1.1492632750111604,41
black bear,0.8026272722770745,1.131171484880373,1.2143867012172778,41
tiger,0.766905410727148,1.1369978991343088,1.207886069859364,41
sloth,0.8856549280193827,1.222548951499027,1.266448367740723,41
dog,0.7609401504061898,0.9269403591208584,0.0,42
cat,0.7323032392036147,1.0192089061953933,0.8674575951584943,42
lizard,0.7835397469745965,1.15827964655824,1.1159477671030007,42
tiger,0.7972177475739173,1.1369978991343088,1.1164975264568107,42
giraffe,0.8100523143569359,1.1884427465885492,1.1766182122444033,42
elephant,0.7137906391250868,1.0461949098088636,1.116848090808271,42
ostrich,0.7940536215483803,1.2283689367341117,1.2319197942987306,42
peacock,0.8001769196715928,1.168361254856803,1.1922444114602302,42
goat,0.8096281686251614,1.084723785451578,1.067884247639462,42
whale,0.8023002239992727,1.1430481592310042,1.123968771597805,42
goldfish,0.8472988222723213,1.0680897449602824,1.0907515069809297,42
crocodile,0.7623313835645226,1.1427709632573886,1.105618772820428,42
alligator,0.7689976142663898,1.172180497123028,1.1156113719491119,42
koala,0.7861327217541387,1.1895973867495286,1.1767929298903161,42
panda,0.8260500085495099,1.149531493643352,1.142719214698211,42
black bear,0.8110530606113391,1.131171484880373,1.1140676266273708,42
brown bear,0.8547382525249555,1.1885268485171616,1.1677686173281183,42
gopher,0.8473142156553523,1.2207971095364605,1.2103914454517217,42
cat,0.7323032392036147,1.0192089061953933,0.8674575951584943,42
raccoon,0.8134542450504947,1.1692551007961864,1.1851123483024555,42
squirrel,0.7786129031256143,1.1857650114949005,1.145151989157597,42
hamster,0.7966514050568001,1.090381199521366,1.033074695302684,42
tarantula,0.8204404245471584,1.19450023482404,1.1699356221623092,42
grasshopper,0.8373486306675433,1.226238483787997,1.2048416022132438,42
centipede,0.8388747585624827,1.2343231938555754,1.2054876249265232,42
caterpillar,0.8078147949723705,1.191985435712591,1.1676256504333313,42
butterfly,0.8144078470945296,1.1739238085649506,1.107960200263417,42
tick,0.8448447663270389,1.2267298870489223,1.134296630496947,42
rat,0.7534143068918067,1.0799510283288585,1.0041203949456492,42
mouse,0.7912957396494195,1.1048159339711667,1.003588866916218,42
bird,0.7591449259214332,1.0737931483409942,1.0100950735950691,42
elephant,0.7137906391250868,1.0461949098088636,1.116848090808271,42
zebra,0.8028454433738903,1.1176582885897683,1.1617665161541142,42
eagle,0.8172744143397087,1.1734411780010299,1.125790730780947,42
bat,0.7823583739972761,1.147602934549153,0.0,43
dog,0.7803951735068761,0.9269403591208584,1.0867215047462848,43
cat,0.7765356323158307,1.0192089061953933,1.0314070962398882,43
alpaca,0.8503774621202059,1.1749418382249637,1.2631943363590232,43
zebra,0.7909811213921574,1.1176582885897683,1.1671299082366924,43
giraffe,0.8048697250178981,1.1884427465885492,1.1907461636907222,43
elephant,0.7437300917089592,1.0461949098088636,1.058253038825532,43
crocodile,0.7357172008279577,1.1427709632573886,1.0546437317013562,43
whale,0.7787672745575613,1.1430481592310042,1.1474862835136734,43
salmon,0.8463451717468999,1.2430573796274846,1.2383305298842153,43
leopard,0.7972584894090974,1.1379716320971307,1.1915807193385926,43
tiger,0.7777643847444191,1.1369978991343088,1.069346389823499,43
bird,0.7514188158359993,1.0737931483409942,1.006568305163485,43
lizard,0.7796100061110922,1.15827964655824,1.0896437735695848,43
armadillo,0.8184380199167919,1.173548965191927,1.1276856051158188,43
koala,0.7708120636314996,1.1895973867495286,1.106970487807954,43
kangaroo,0.7444842387914244,1.1105409242026874,1.0633806762981275,43
shark,0.7797662795962775,1.1805122403871113,1.1165143730598712,43
jellyfish,0.8179164404728091,1.1612795760080417,1.2388260341428183,43
plankton,0.8677666224571993,1.274312130092151,1.2375667888147002,43
eagle,0.7988785009758277,1.1734411780010299,1.1927995015309363,43
hawk,0.8082454488967054,1.18909948871919,1.140521735979358,43
owl,0.7727237755595696,1.1809265024824427,1.0559781238896775,43
parrot,0.8103455734784829,1.1556004162000015,1.1985241560474393,43
frog,0.7600728800408371,1.0931126652960574,1.1164401135762734,43
toad,0.8343240112860262,1.2052721638621182,1.196593828363852,43
worm,0.8491417966891255,1.2278000384699945,1.0975943618073183,43
salmon,0.8626652776764661,1.2430573796274846,0.0,44
rabbit,0.7565817616743664,1.0467123341550726,1.2152687376072608,44
dog,0.7543254190917217,0.9269403591208584,1.179335444785018,44
cat,0.7682489393665857,1.0192089061953933,1.2067888004501064,44
polar bear,0.835745676349782,1.1610228591656826,1.1117669513171453,44
red panda,0.8546913639114916,1.178595548641194,1.1782555784579767,44
raccoon,0.8081084590809695,1.1692551007961864,1.222008020329958,44
bee,0.8402637093539573,1.2012918058288875,1.2589534368885846,44
butterfly,0.8098121413872267,1.1739238085649506,1.1776460067969208,44
snail,0.8193490472675863,1.2004222961577098,1.209323951532548,44
cicada,0.9035637033002566,1.2871212867355626,1.3108769312219146,44
beaver,0.8298745432616139,1.176425965653546,1.1958533321382656,44
bird,0.69128595437819,1.0737931483409942,1.1619130429064384,44
raven,0.8459848358549453,1.2406303899720232,1.190212411654855,44
magpie,0.7198173329189432,1.1872374863441983,1.1633460934883109,44
vulture,0.839096591728259,1.2127792554949421,1.236279740679811,44
chickadee,0.684611633199103,1.1433513551297416,1.148767661798291,44
swallow,0.8553986900959052,1.2450654370820022,1.2100308592313307,44
sparrow,0.772897960030649,1.205875584194617,1.2093141810063774,44
bluebird,0.756843319867295,1.1730519493853704,1.1750865823653267,44
blue jay,0.8219751533538412,1.268247245651595,1.180501716556532,44
mockingbird,0.7989249585366822,1.1600882717153411,1.241501234272811,44
dog,0.7543254190917217,0.9269403591208584,1.179335444785018,44
ferret,0.7789026090519717,1.1584864674717275,1.1636183783236382,44
hamster,0.8147624806678698,1.090381199521366,1.2401291790622295,44
squirrel,0.7626810300276546,1.1857650114949005,1.2037475728323623,44
cat,0.707614232639391,1.0192089061953933,0.0,45
dog,0.7107571837711907,0.9269403591208584,0.8674575951584943,45
dolphin,0.8519928911061534,1.148120934302907,1.1671267322870036,45
elephant,0.7380175669916628,1.0461949098088636,1.0988771715258037,45
tiger,0.779618194541448,1.1369978991343088,1.0270121376671233,45
lion,0.7718947069442768,1.058551939504521,1.051988795264514,45
monkey,0.7354833535507426,1.0776578204652905,1.0166223194661992,45
gorilla,0.7656540047660708,1.1124524595952483,1.1656578736871719,45
bee,0.8330355120365552,1.2012918058288875,1.1144065499215337,45
bird,0.7439059355414713,1.0737931483409942,0.9983949501850387,45
squirrel,0.7811501637999526,1.1857650114949005,1.0922853473086314,45
mole,0.8890992661715006,1.2172621669172776,1.1995702838040252,45
snake,0.7399002414201166,1.1086529518216863,1.0571680994100559,45
spider,0.7755814661371031,1.1726798248185308,1.0874079010502482,45
lizard,0.7803310122771545,1.15827964655824,1.1278126332605123,45
hamster,0.7468999263938615,1.090381199521366,1.0224020614704792,45
gerbil,0.7667484798629948,1.119089101232899,1.1094487038188046,45
guinea pig,0.7740524901124596,1.0762220833286011,1.0845051908693168,45
zebra,0.7814149598225515,1.1176582885897683,0.0,50
flounder,0.7784105745719849,1.232700664580372,1.1320885234610405,50
penguin,0.7532704111118308,1.1562000207801095,1.0909576163583057,50
giraffe,0.7804101401814847,1.1884427465885492,1.046066512920382,50
rhino,0.7879642418250857,1.1848310376808922,1.1182246313592235,50
dog,0.7836118108119892,0.9269403591208584,1.1617665161541142,50
cat,0.7596328825603959,1.0192089061953933,1.1469297134943308,50
lion,0.7190788622239094,1.058551939504521,1.0515769528469654,50
tiger,0.7455908700751213,1.1369978991343088,1.130216133565804,50
panther,0.7243052148547174,1.1254029329238397,1.1015305899434904,50
owl,0.8008200550017993,1.1809265024824427,1.0925648322775419,50
betta fish,0.8899046924440115,1.1928851010323749,1.216977124471424,50
otter,0.799482278234355,1.2263863268378068,1.046772128256771,50
whale,0.7552480647038313,1.1430481592310042,1.1739463954305616,50
manatee,0.7316729162262432,1.1635746390865844,1.1513757812171208,50
sea lion,0.7359096237257807,1.1073983190732704,1.0768151586103853,50
stingray,0.8267431761079403,1.221492220592515,1.215892895795597,50
deer,0.7874738860279106,1.0670022123976246,1.1582287570018612,50
cow,0.7872474972044029,1.0393942981466475,1.157617942899287,50
pig,0.7896291380422127,1.1056965981978975,1.1871693623574884,50
cat,0.7149686238093985,1.0192089061953933,0.0,52
dog,0.7348046922616067,0.9269403591208584,0.8674575951584943,52
horse,0.7003480266069266,0.965888696108949,0.9580666073422256,52
tiger,0.792698171035806,1.1369978991343088,1.0270121376671233,52
dolphin,0.847801685305912,1.148120934302907,1.1671267322870036,52
turtle,0.7728952223540471,1.1889045258357533,1.0991275841268757,52
whale,0.7892778650499493,1.1430481592310042,1.1023516351710632,52
zebra,0.7992273220713363,1.1176582885897683,1.1469297134943308,52
chicken,0.7767448154657762,1.1216453062598462,1.0119363553642762,52
cow,0.7383772502527335,1.0393942981466475,1.058624590599432,52
fish,0.7501170948364476,0.9885987955423701,1.038206803388522,52
giraffe,0.7959713275701892,1.1884427465885492,1.1745012157564525,52
rhino,0.8215921344460884,1.1848310376808922,1.1617084414393235,52
elephant,0.7265759614307451,1.0461949098088636,1.0988771715258037,52
lion,0.7669556467774145,1.058551939504521,1.051988795264514,52
meerkat,0.757892045960831,1.0467364694498842,1.086261778368939,52
groundhog,0.8809463465418071,1.279876704496099,1.2027022926866393,52
squirrel,0.7658243724385368,1.1857650114949005,1.0922853473086314,52
bird,0.7441896950071856,1.0737931483409942,0.9983949501850387,52
chipmunk,0.7552582991393713,1.1468303571103686,1.1232934006191098,52
goat,0.7865420975116606,1.084723785451578,1.081715360094973,52
sheep,0.8019197276673847,1.076740531262682,1.1476769254451624,52
eel,0.8420844478230438,1.252213215586595,1.1954351000835326,52
hamster,0.7850676316111587,1.090381199521366,1.0224020614704792,52
rat,0.7195863777036342,1.0799510283288585,0.9725066279320393,52
mouse,0.7717445760292376,1.1048159339711667,0.9267276706433802,52
cat,0.7104585115562986,1.0192089061953933,0.0,53
dog,0.7632732138349154,0.9269403591208584,0.8674575951584943,53
horse,0.7194083367267705,0.965888696108949,0.9580666073422256,53
elephant,0.7369691685487448,1.0461949098088636,1.0988771715258037,53
donkey,0.7702169801102383,1.0837170815883463,1.0803699445104455,53
goat,0.8110057075168832,1.084723785451578,1.081715360094973,53
chicken,0.8030724901617898,1.1216453062598462,1.0119363553642762,53
turkey,0.8793997810050773,1.2185709622898062,1.1162134500623802,53
caterpillar,0.8203638544774514,1.191985435712591,1.0779448182612925,53
bumblebee,0.8579777495482359,1.254623667594754,1.2390745398764258,53
hornet,0.8139467284641134,1.226720547598112,1.2396560024524843,53
wasp,0.8163129738048228,1.2289432298194916,1.2037133222360636,53
cow,0.7655588836184929,1.0393942981466475,1.058624590599432,53
alpaca,0.8211634925730771,1.1749418382249637,1.2080873143916264,53
pallass cat,0.7939574359935724,1.1643693777576378,0.7364914998746366,53
lion,0.7310045766440235,1.058551939504521,1.051988795264514,53
puma,0.765389929369105,1.1557666105053703,1.1108512647611533,53
jaguar,0.8079052942995402,1.223031024062769,1.1244788047415961,53
mountain lion,0.786257142878546,1.1676886669537843,1.1064468933196632,53
bobcat,0.7880911298533229,1.2051783605583608,1.1068535659002392,53
flamingo,0.8244186423704157,1.200739366653492,1.1800314336560256,53
snake,0.7399768950252026,1.1086529518216863,0.0,54
seahorse,0.8630282326690857,1.185826276673446,1.1181038686692635,54
fish,0.7794800679447618,0.9885987955423701,1.0432954428366565,54
whale,0.8169659502686503,1.1430481592310042,1.1830907741471837,54
shark,0.7874769416464534,1.1805122403871113,1.1191774362464717,54
dog,0.7340100989515079,0.9269403591208584,1.0457062768666496,54
cat,0.7434223407390549,1.0192089061953933,1.0571680994100559,54
lizard,0.782896840023487,1.15827964655824,1.0306085120283073,54
gecko,0.8512682673962001,1.2147596022450806,1.1270810844474324,54
zebra,0.797842739036736,1.1176582885897683,1.1463059212437634,54
lion,0.7521367563575732,1.058551939504521,1.1556508257697713,54
tiger,0.7738646702783565,1.1369978991343088,1.1137590646212028,54
bear,0.7873918935345,1.123889483266586,1.122773051378375,54
monkey,0.7590977053649142,1.0776578204652905,1.1066980181744586,54
lemur,0.7972779250473294,1.2056970111952872,1.1789518677148987,54
koala,0.7966744795075142,1.1895973867495286,1.1491979124316078,54
alligator,0.7679872053819126,1.172180497123028,1.0020116829260026,54
crocodile,0.7429834748563962,1.1427709632573886,1.0384036971974941,54
hyena,0.8120918206844775,1.1195802588076653,1.2027090267856133,54
bunny,0.7835064968186924,1.1271975975283697,1.0340330547397967,54
fox,0.8400046609944564,1.1562210376241773,1.1052441706515885,54
coyote,0.8256495930731778,1.125675824343197,1.124690435319254,54
wolf,0.7566108642886981,1.0770628836108005,1.0730261721960932,54
deer,0.7912750751128793,1.0670022123976246,1.1196395777232204,54
buck,0.8090362086024414,1.1987910790399128,1.0704551081826252,54
mouse,0.7695211196303285,1.1048159339711667,0.9917544771431859,54
squirrel,0.781515171836664,1.1857650114949005,1.093555872370262,54
meerkat,0.7372109841044961,1.0467364694498842,1.1376413679377215,54
muskrat,0.7754838296211326,1.17414527403126,1.0699998251160248,54
gerbil,0.8073497101824386,1.119089101232899,1.048667235027801,54
hamster,0.7896231281482468,1.090381199521366,1.0786144039202747,54
crab,0.8175203438517159,1.2101634255908607,0.0,55
lobster,0.858369366543101,1.23174696520555,0.8310750107002506,55
shrimp,0.8190667611682888,1.2163904981538947,0.9557275426243345,55
krill,0.8253527263630377,1.269705989248892,1.1284432256588988,55
fish,0.7692558737733686,0.9885987955423701,1.0311063481248608,55
shark,0.7639126203580213,1.1805122403871113,1.0882715312173603,55
whale,0.7730906610431518,1.1430481592310042,1.1004476856818683,55
snail,0.8099634184491746,1.2004222961577098,1.1756068023869637,55
albatross,0.8283671328473586,1.2309734619403672,1.2579618448297065,55
cardinal,0.8736928188718792,1.221053231930023,1.1617683748061423,55
cat,0.7817457138888675,1.0192089061953933,1.1305841293583596,55
cow,0.7906510770837806,1.0393942981466475,1.1570695197549015,55
pig,0.7860889862623963,1.1056965981978975,1.21133361679889,55
seagull,0.8222425046724036,1.201168236694969,1.1848581276322645,55
elephant,0.7215498555581831,1.0461949098088636,1.1223686609217447,55
rhino,0.7891027153645979,1.1848310376808922,1.2113727655914805,55
hippo,0.7891700616477761,1.1574642872180168,1.1998080674825673,55
tiger,0.789697676279915,1.1369978991343088,1.2099095079628648,55
lion,0.7746051875882215,1.058551939504521,1.1848611587217368,55
bear,0.8044584615985847,1.123889483266586,1.135317296600242,55
human,0.8676487272939907,1.0001323151978487,1.1412617427427465,55
zebra,0.7951568419162083,1.1176582885897683,1.2873189486104868,55
antelope,0.7600365158354612,1.092199807953824,1.2470109644939291,55
aardvark,0.7373332515237678,1.1650543022858948,1.1956891341008573,55
boar,0.8393471222674473,1.2381057547039065,1.2347492865540595,55
finch,0.8800745900129855,1.2736109763312753,1.2632817757118309,55
gorilla,0.7976501172308398,1.1124524595952483,1.190951404429858,55
monkey,0.778670816419212,1.0776578204652905,1.1630094929646255,55
iguana,0.8397412728865221,1.1855950697014557,1.1561465450757362,55
lizard,0.806233894718657,1.15827964655824,1.0891131151962155,55
salamander,0.8103414324987194,1.1887950155232851,1.08046449247024,55
worm,0.8610088790153656,1.2278000384699945,1.1871519972255553,55
fly,0.8432564556383174,1.1852767326609974,1.2171496805393933,55
ant,0.7895765127275756,1.1858999298076058,1.1343715804634706,55
bee,0.817677613813163,1.2012918058288875,1.2501763645264847,55
wasp,0.8188587686501431,1.2289432298194916,1.2687807230294983,55
hornet,0.8271911303239516,1.226720547598112,1.2378695936938602,55
shrimp,0.8484267706398975,1.2163904981538947,0.0,56
ostrich,0.7746499529628726,1.2283689367341117,1.216436519073156,56
tiger,0.7148426407953877,1.1369978991343088,1.2113468158831215,56
crab,0.8403363795035069,1.2101634255908607,0.9557275426243345,56
dolphin,0.821829857769599,1.148120934302907,1.2127031589369295,56
whale,0.757202279941652,1.1430481592310042,1.112114944694069,56
seal,0.8597427458413831,1.2073828598711756,1.2231657101040945,56
horse,0.7525876628721084,0.965888696108949,1.1920351123125834,56
cow,0.7568382789271344,1.0393942981466475,1.1702461594303273,56
pig,0.8035347410722086,1.1056965981978975,1.1683067612229743,56
elephant,0.6840203621817993,1.0461949098088636,1.1201084965745414,56
tiger,0.7148426407953877,1.1369978991343088,1.2113468158831215,56
lion,0.7321963780025784,1.058551939504521,1.203541775260966,56
zebra,0.7813684032604589,1.1176582885897683,1.1550155087594185,56
giraffe,0.777451400197885,1.1884427465885492,1.2282577039040452,56
leopard,0.7597692615256302,1.1379716320971307,1.23666661449515,56
gazelle,0.8336662532349268,1.228218816866728,1.267613626236201,56
cardinal,0.853239743542826,1.221053231930023,1.1979807224993246,56
woodpecker,0.8016394483130748,1.1698568072489115,1.24717990895421,56
dog,0.7376546078240362,0.9269403591208584,0.0,57
cat,0.7209695423065342,1.0192089061953933,0.8674575951584943,57
fish,0.7680503893681673,0.9885987955423701,0.9917293707513966,57
giraffe,0.8129212922704313,1.1884427465885492,1.1766182122444033,57
gorilla,0.7584956673162478,1.1124524595952483,1.1131189759455395,57
lion,0.7119222377461856,1.058551939504521,1.0955525339606704,57
tiger,0.7363596514293832,1.1369978991343088,1.1164975264568107,57
cheetah,0.7374655487840424,1.1395872374057958,1.1469516023240474,57
bobcat,0.8012843498124764,1.2051783605583608,1.2161038254021095,57
bear,0.7573056384841047,1.123889483266586,1.033089316171676,57
otter,0.8278125135887444,1.2263863268378068,1.2455502665121307,57
fox,0.8268213349361085,1.1562210376241773,1.119118599041205,57
meerkat,0.7208539474600908,1.0467364694498842,1.1053184370792812,57
turtle,0.78138504279902,1.1889045258357533,1.0841428655255323,57
snake,0.7688040858261588,1.1086529518216863,1.0457062768666496,57
monkey,0.7183681718305448,1.0776578204652905,1.0239431717162413,57
giraffe,0.7854027359510793,1.1884427465885492,0.0,60
flamingo,0.7914478090581922,1.200739366653492,1.081569677037537,60
snake,0.7524409108585667,1.1086529518216863,1.192600083926896,60
alligator,0.7297783644926322,1.172180497123028,1.194570156983245,60
crocodile,0.748809650853097,1.1427709632573886,1.230526652914991,60
ostrich,0.7727586323992961,1.2283689367341117,0.965561230273809,60
cat,0.7698638078703522,1.0192089061953933,1.1745012157564525,60
dog,0.7647603772809325,0.9269403591208584,1.1766182122444033,60
butterfly,0.8232544714077286,1.1739238085649506,1.168866333433491,60
spider,0.7672544425548209,1.1726798248185308,1.1230475050136048,60
hippo,0.7705496863044555,1.1574642872180168,0.9875023648914911,60
rhino,0.7963173810431337,1.1848310376808922,1.0297691933721809,60
bluebird,0.8207521497554809,1.1730519493853704,1.1973281897869286,60
squirrel,0.7875891089299681,1.1857650114949005,1.1652681366845525,60
komodo dragon,0.7933327332101355,1.2021091624858309,1.101131070043294,60
gecko,0.8614061486417467,1.2147596022450806,1.2299775924717486,60
fish,0.7886866490113569,0.9885987955423701,1.164073602759584,60
shark,0.767234396305633,1.1805122403871113,1.137191714772717,60
dolphin,0.8440816505252187,1.148120934302907,1.154939353978899,60
worm,0.8400489696754458,1.2278000384699945,1.296548836007173,60
rabbit,0.757583493417138,1.0467123341550726,1.1737958105252506,60
deer,0.789140665997581,1.0670022123976246,1.0273426313544987,60
antelope,0.7507254052505664,1.092199807953824,0.9529449557846559,60
bird,0.7131762399713568,1.0737931483409942,0.0,61
parrot,0.7054534695314855,1.1556004162000015,0.897533285884635,61
monkey,0.7233646987719116,1.0776578204652905,1.1222629423776502,61
zebra,0.7592896374374192,1.1176582885897683,1.1662335614780412,61
dog,0.7130997602863236,0.9269403591208584,1.0100950735950691,61
cat,0.7311446803479714,1.0192089061953933,0.9983949501850387,61
giraffe,0.7930031627662512,1.1884427465885492,1.116770379599942,61
gorilla,0.7396192733568411,1.1124524595952483,1.07190117765283,61
chinchilla,0.7350108411289583,1.1626768187232164,1.1807501164640755,61
ferret,0.7616196089292315,1.1584864674717275,1.1080585539963788,61
coyote,0.8331722175544507,1.125675824343197,1.1287177057297328,61
tiger,0.7594441913162784,1.1369978991343088,0.0,62
lion,0.7366793080337626,1.058551939504521,0.9708151297324147,62
parrot,0.7834718407368826,1.1556004162000015,1.124986512159895,62
gorilla,0.7619263085818073,1.1124524595952483,1.134522177471038,62
zebra,0.7590003563159262,1.1176582885897683,1.130216133565804,62
giraffe,0.7591739383186276,1.1884427465885492,1.1935868464150592,62
hippo,0.7436691554642257,1.1574642872180168,1.0823706696051005,62
chimpanzee,0.7327134738229718,1.087170527798375,1.144722033464832,62
flamingo,0.7985295272831296,1.200739366653492,1.098626165401994,62
walrus,0.7766516239721801,1.1955822088047579,1.199801581612472,62
elephant,0.6905705370732834,1.0461949098088636,0.9869363273120004,62
dog,0.7713338603848364,0.9269403591208584,1.1164975264568107,62
cat,0.7689653295868775,1.0192089061953933,1.0270121376671233,62
guinea pig,0.7959060403478562,1.0762220833286011,1.1897138473324032,62
pig,0.7799297022345476,1.1056965981978975,1.1009316096861084,62
panda,0.8053843604261178,1.149531493643352,1.0689931867725155,62
koala,0.7605960048695622,1.1895973867495286,1.1284915328242733,62
kangaroo,0.7731643249319149,1.1105409242026874,1.1241360777768035,62
frog,0.808632866257488,1.0931126652960574,0.0,63
bear,0.7757205233206714,1.123889483266586,1.1302989880896634,63
moose,0.7429739609167951,1.1649762820012772,1.1401896054555856,63
deer,0.7197273559050377,1.0670022123976246,1.1856540412352221,63
squirrel,0.7772582475396831,1.1857650114949005,1.148291355915728,63
lion,0.7608871630506795,1.058551939504521,1.1828636326975632,63
tiger,0.7761928532292823,1.1369978991343088,1.1859518198452097,63
raccoon,0.7926658429914801,1.1692551007961864,1.222461619582137,63
skunk,0.7995259479842142,1.1773556800130514,1.1712078638216687,63
possum,0.7376231175678427,1.1384574350749013,1.147861974911847,63
sloth,0.8508259961196041,1.222548951499027,1.2334761638563354,63
moose,0.7429739609167951,1.1649762820012772,1.1401896054555856,63
stag,0.8235311361043656,1.164197392904885,1.2290725347721718,63
red deer,0.7870499260008186,1.1258360924224184,1.2403392638377813,63
alligator,0.7642490164238556,1.172180497123028,1.0363015639233486,63
crocodile,0.7735101548438548,1.1427709632573886,1.021255456237422,63
elephant,0.7154659700518078,1.0461949098088636,1.1636776715168635,63
giraffe,0.8008612578815677,1.1884427465885492,1.200550576133279,63
hippo,0.785375323061523,1.1574642872180168,1.0796992105939527,63
ostrich,0.7936772060907861,1.2283689367341117,1.1544365465356303,63
pelican,0.8259143985971015,1.1632689034345767,1.0991565900646705,63
robin,0.8765718851530213,1.2498393598693802,1.171069630715137,63
cardinal,0.8620407111183267,1.221053231930023,1.1732478987411334,63
dog,0.7966343558352448,0.9269403591208584,1.0501031932012101,63
wolf,0.7706624314769956,1.0770628836108005,1.0666816978639988,63
coyote,0.7906005280936691,1.125675824343197,1.1652500427906884,63
zebra,0.7990219359843557,1.1176582885897683,0.0,64
giraffe,0.7795177096176861,1.1884427465885492,1.046066512920382,64
donkey,0.7391088787157245,1.0837170815883463,1.0660296526184865,64
cat,0.7369561610422161,1.0192089061953933,1.1469297134943308,64
dog,0.7405837707355962,0.9269403591208584,1.1617665161541142,64
fish,0.7555573236381922,0.9885987955423701,1.1298246135752799,64
deer,0.7730831137497417,1.0670022123976246,1.1582287570018612,64
pig,0.7695695627351039,1.1056965981978975,1.1871693623574884,64
cow,0.7253851900481929,1.0393942981466475,1.157617942899287,64
goat,0.7817150113564741,1.084723785451578,1.1542009900415118,64
chicken,0.782640222688135,1.1216453062598462,1.2093145537881482,64
shark,0.7684733861863173,1.1805122403871113,1.104782467275103,64
seahorse,0.8503275159080574,1.185826276673446,1.161418834618568,64
crab,0.8279850494288473,1.2101634255908607,1.2873189486104868,64
kangaroo,0.7738769663843311,1.1105409242026874,1.1088669858977211,64
lion,0.7497829213036434,1.058551939504521,1.0515769528469654,64
tiger,0.7588906487164796,1.1369978991343088,1.130216133565804,64
bear,0.7783036083116615,1.123889483266586,1.1867705786900442,64
flamingo,0.8378757722658199,1.200739366653492,1.1827913125074818,64
elephant,0.698203827123764,1.0461949098088636,1.0966810438397752,64
monkey,0.7197129062018124,1.0776578204652905,1.0371862293590313,64
gorilla,0.7854460333977249,1.1124524595952483,1.072420845972201,64
rhino,0.799285995400193,1.1848310376808922,1.1182246313592235,64
dog,0.7897461300682248,0.9269403591208584,0.0,65
cat,0.7777566981962343,1.0192089061953933,0.8674575951584943,65
bird,0.8187979375507057,1.0737931483409942,1.0100950735950691,65
mouse,0.8147706355223233,1.1048159339711667,1.003588866916218,65
moose,0.7965971874973696,1.1649762820012772,1.13924183367507,65
deer,0.7865535890816119,1.0670022123976246,1.0669601599977527,65
bear,0.7640789132615369,1.123889483266586,1.033089316171676,65
badger,0.8126320732668963,1.2118156746578124,1.1993607738186027,65
alligator,0.7574529946203791,1.172180497123028,1.1156113719491119,65
crocodile,0.7658172835890092,1.1427709632573886,1.105618772820428,65
giraffe,0.7783161677828354,1.1884427465885492,1.1766182122444033,65
elephant,0.7014139024224847,1.0461949098088636,1.116848090808271,65
rhino,0.7888139219415428,1.1848310376808922,1.2113231152707005,65
lion,0.7544749179582091,1.058551939504521,1.0955525339606704,65
tiger,0.7693172561391296,1.1369978991343088,1.1164975264568107,65
bear,0.7640789132615369,1.123889483266586,1.033089316171676,65
dolphin,0.8178387989206077,1.148120934302907,1.1609553121142218,65
whale,0.7637151520149755,1.1430481592310042,1.123968771597805,65
shark,0.7717783590927836,1.1805122403871113,1.0906027082873988,65
jellyfish,0.800182989420649,1.1612795760080417,1.2127563575719373,65
octopus,0.7697898684065572,1.1974860366461029,1.204656380477579,65
squid,0.8183452463760944,1.2310155473584374,1.235316204228645,65
aardvark,0.7486647618519077,1.1650543022858948,1.1532761405328569,65
otter,0.8003121035141069,1.2263863268378068,1.2455502665121307,65
hippo,0.7527681859790653,1.1574642872180168,1.1549610192019544,65
sloth,0.8441636154712034,1.222548951499027,1.234996932250183,65
manatee,0.7297398343220226,1.1635746390865844,1.163096717339523,65
bobcat,0.8431211369149094,1.2051783605583608,1.2161038254021095,65
dog,0.7447921355031322,0.9269403591208584,0.0,66
cat,0.7489824846912932,1.0192089061953933,0.8674575951584943,66
mouse,0.7796139874316685,1.1048159339711667,1.003588866916218,66
rat,0.7612963145278537,1.0799510283288585,1.0041203949456492,66
frog,0.7395455064840767,1.0931126652960574,1.0501031932012101,66
snake,0.7568545599766605,1.1086529518216863,1.0457062768666496,66
tadpole,0.7707249176295053,1.1599481141909462,1.1388124106884723,66
lizard,0.7558431950661075,1.15827964655824,1.1159477671030007,66
gecko,0.8451130067642301,1.2147596022450806,1.1911313437660174,66
elephant,0.7335589978284758,1.0461949098088636,1.116848090808271,66
zebra,0.7960416808672359,1.1176582885897683,1.1617665161541142,66
giraffe,0.8169687130719205,1.1884427465885492,1.1766182122444033,66
monkey,0.7557985360728972,1.0776578204652905,1.0239431717162413,66
gorilla,0.7648836224747432,1.1124524595952483,1.1131189759455395,66
crocodile,0.7532166478061166,1.1427709632573886,1.105618772820428,66
whale,0.7800426624411537,1.1430481592310042,1.123968771597805,66
shark,0.7882851641759211,1.1805122403871113,1.0906027082873988,66
dolphin,0.8082961463350739,1.148120934302907,1.1609553121142218,66
anteater,0.7672367519201031,1.1060189396094344,1.1380287456152216,66
ant,0.7814505112298589,1.1858999298076058,1.120906543570637,66
centipede,0.8320201751403282,1.2343231938555754,1.2054876249265232,66
manatee,0.7809479225135133,1.1635746390865844,1.163096717339523,66
bird,0.7659035626445977,1.0737931483409942,1.0100950735950691,66
dog,0.6879854970418313,0.9269403591208584,0.0,67
cat,0.6995398881416266,1.0192089061953933,0.8674575951584943,67
squirrel,0.8002741966314126,1.1857650114949005,1.145151989157597,67
lion,0.7638426910183551,1.058551939504521,1.0955525339606704,67
bear,0.7778105118473689,1.123889483266586,1.033089316171676,67
otter,0.8838391484877958,1.2263863268378068,1.2455502665121307,67
horse,0.6919420947987683,0.965888696108949,0.8992994905391918,67
cow,0.7351650485646851,1.0393942981466475,1.0414556531936192,67
pig,0.7471906427792857,1.1056965981978975,1.0471492139633691,67
insect,0.805195481158743,1.0684983491783304,1.0648826180460633,67
octopus,0.8370833952669747,1.1974860366461029,1.204656380477579,67
fish,0.7336886802914516,0.9885987955423701,0.9917293707513966,67
human,0.7633782151659659,1.0001323151978487,0.9932881738980344,67
sheep,0.7920882659901768,1.076740531262682,1.121370230535433,67
monkey,0.7157964148746112,1.0776578204652905,1.0239431717162413,67
ape,0.8047977041269745,1.156598483866005,1.1306036503677557,67
bird,0.7603342228062161,1.0737931483409942,1.0100950735950691,67
turtle,0.7725430902555109,1.1889045258357533,0.0,68
penguin,0.7639275960905689,1.1562000207801095,1.142791660752038,68
hamster,0.8083992197327652,1.090381199521366,1.10676901981087,68
spider,0.7616626679591295,1.1726798248185308,1.1415237019770879,68
dog,0.7402757033597092,0.9269403591208584,1.0841428655255323,68
cat,0.7383922867909035,1.0192089061953933,1.0991275841268757,68
bird,0.7638532637009912,1.0737931483409942,1.0974705571310281,68
frog,0.74820915599665,1.0931126652960574,0.998098812990209,68
ant,0.8191738601841754,1.1858999298076058,1.153399269568618,68
worm,0.8312555082519568,1.2278000384699945,1.1441638537496652,68
butterfly,0.7990960441672261,1.1739238085649506,1.18033014492845,68
ladybug,0.8574566827209461,1.2407040841779837,1.2288149813233238,68
cheetah,0.772421879320757,1.1395872374057958,1.1136845873127237,68
lion,0.7767740579413639,1.058551939504521,1.1404357202803832,68
tiger,0.7957030169877239,1.1369978991343088,1.1599785641614,68
bear,0.7944849291326006,1.123889483266586,1.1173780205621513,68
killer whale,0.7611981676102428,1.1685412268649198,1.1105831991688828,68
dolphin,0.8101429350405283,1.148120934302907,1.1537254222196385,68
fish,0.7387423376297669,0.9885987955423701,1.0697030020075484,68
piranha,0.8213314995889659,1.1859476003199574,1.129319519681221,68
eel,0.7943063520585568,1.252213215586595,1.132995482669745,68
barracuda,0.8407075246795124,1.2492671477474226,1.1879415398529103,68
zebra,0.7832095663349713,1.1176582885897683,0.0,69
pig,0.7502905775885459,1.1056965981978975,1.1871693623574884,69
duck,0.8160430785943129,1.178730043650054,1.2187594597519626,69
bat,0.7533214206963041,1.147602934549153,1.1671299082366924,69
owl,0.7846140593926046,1.1809265024824427,1.0925648322775419,69
cat,0.7110307547372264,1.0192089061953933,1.1469297134943308,69
dog,0.7235595594303027,0.9269403591208584,1.1617665161541142,69
bug,0.890413162046211,1.2084927778995935,1.18438753986797,69
hedgehog,0.7841532750003188,1.1815866432768223,1.052825703172811,69
snake,0.757117109431132,1.1086529518216863,1.1463059212437634,69
turtle,0.7566778382337128,1.1889045258357533,1.1033410151975898,69
lizard,0.7735416823034281,1.15827964655824,1.1174692507984367,69
horse,0.6938946340662536,0.965888696108949,1.0773014542222872,69
cow,0.7505842704606137,1.0393942981466475,1.157617942899287,69
flamingo,0.8192057827105361,1.200739366653492,1.1827913125074818,69
elephant,0.7240792984147995,1.0461949098088636,1.0966810438397752,69
tiger,0.7667475335964176,1.1369978991343088,1.130216133565804,69
leopard,0.7758346239085397,1.1379716320971307,0.9439810158508121,69
cat,0.7058493221894637,1.0192089061953933,0.0,70
dog,0.7378409841258989,0.9269403591208584,0.8674575951584943,70
mouse,0.7624715201048259,1.1048159339711667,0.9267276706433802,70
rat,0.7224321597255771,1.0799510283288585,0.9725066279320393,70
giraffe,0.8026161858456943,1.1884427465885492,1.1745012157564525,70
lion,0.7697021926184504,1.058551939504521,1.051988795264514,70
tiger,0.7754491359295989,1.1369978991343088,1.0270121376671233,70
monkey,0.740187147290079,1.0776578204652905,1.0166223194661992,70
penguin,0.746504130622341,1.1562000207801095,1.094310747909636,70
stork,0.9097934526992372,1.292726127162646,1.3033993555963164,70
dolphin,0.8487643009673065,1.148120934302907,1.1671267322870036,70
kangaroo,0.7915327502730641,1.1105409242026874,1.1281526201047334,70
ferret,0.7864734741441889,1.1584864674717275,1.0950742739509092,70
hamster,0.769649834270842,1.090381199521366,1.0224020614704792,70
raccoon,0.8028966192832622,1.1692551007961864,1.1776170962032566,70
squirrel,0.7704773196267828,1.1857650114949005,1.0922853473086314,70
bird,0.7095524478083666,1.0737931483409942,0.9983949501850387,70
peacock,0.7804677764164281,1.168361254856803,1.1443460627156858,70
antelope,0.7714174952560785,1.092199807953824,0.0,71
shark,0.7889497537512768,1.1805122403871113,1.16657449867057,71
whale,0.7944142950733253,1.1430481592310042,1.165415609389396,71
bunny,0.781722817562471,1.1271975975283697,1.1528004348752787,71
rabbit,0.7182558866717627,1.0467123341550726,1.0999236472767226,71
dog,0.764833030172772,0.9269403591208584,1.1651381687080575,71
cat,0.7450439421848692,1.0192089061953933,1.177927896742471,71
bird,0.7374571611598334,1.0737931483409942,1.1643749321129138,71
turtle,0.7669594887430817,1.1889045258357533,1.139149792194963,71
hippo,0.7858237932191283,1.1574642872180168,1.0329063535299166,71
beaver,0.7944999003961227,1.176425965653546,1.0650994590222502,71
squirrel,0.737595120696977,1.1857650114949005,1.066731669374942,71
chipmunk,0.7425383981916184,1.1468303571103686,1.0361313085323558,71
lion,0.7770662162535225,1.058551939504521,0.9941809996187848,71
tiger,0.772288394089913,1.1369978991343088,1.1234465957558384,71
ostrich,0.7933404890326143,1.2283689367341117,0.9668758177182386,71
leopard,0.7980923024870894,1.1379716320971307,1.0767449704160472,71
fox,0.849854362400027,1.1562210376241773,1.2366754016874464,71
swan,0.811153614907017,1.2232295314254824,1.1884575886162392,71
goose,0.8104954952520644,1.2294406812667837,1.2085114933070567,71
duck,0.7867798383291493,1.178730043650054,1.2414827079611845,71
porcupine,0.7574681822652897,1.1477724757763785,0.9560142761293043,71
skunk,0.8165990582551914,1.1773556800130514,1.1336308643822275,71
sugar glider,0.8714654127734244,1.2221663329325463,1.2000537285551762,71
cat,0.720033763795798,1.0192089061953933,0.0,72
dog,0.7205297937547608,0.9269403591208584,0.8674575951584943,72
elephant,0.7153171223312687,1.0461949098088636,1.0988771715258037,72
giraffe,0.802704960659342,1.1884427465885492,1.1745012157564525,72
lizard,0.7566776430134127,1.15827964655824,1.1278126332605123,72
chameleon,0.8023656635192633,1.180818202408043,1.1909912561399454,72
crocodile,0.7711533111138843,1.1427709632573886,1.1161417727257383,72
centipede,0.877708134803169,1.2343231938555754,1.2201566427781572,72
sheep,0.7986678121397557,1.076740531262682,1.1476769254451624,72
goat,0.7738841983800244,1.084723785451578,1.081715360094973,72
chicken,0.7640950196620377,1.1216453062598462,1.0119363553642762,72
duck,0.7969144903931136,1.178730043650054,1.0741752951264614,72
penguin,0.7495570710012218,1.1562000207801095,1.094310747909636,72
polar bear,0.7995415170612269,1.1610228591656826,1.1305806262500382,72
bird,0.7307943262359814,1.0737931483409942,0.9983949501850387,72
tiger,0.791762077651732,1.1369978991343088,1.0270121376671233,72
horse,0.6914003292956789,0.965888696108949,0.9580666073422256,72
gerbil,0.8383062602526916,1.119089101232899,1.1094487038188046,72
dog,0.7203635250347341,0.9269403591208584,0.0,73
cat,0.713406022717784,1.0192089061953933,0.8674575951584943,73
crocodile,0.7512972794381807,1.1427709632573886,1.105618772820428,73
alligator,0.7666188945037267,1.172180497123028,1.1156113719491119,73
zebra,0.8069872614538767,1.1176582885897683,1.1617665161541142,73
giraffe,0.8144722351351912,1.1884427465885492,1.1766182122444033,73
kangaroo,0.8142711130434485,1.1105409242026874,1.1355565075125476,73
gorilla,0.7859720006180431,1.1124524595952483,1.1131189759455395,73
bird,0.7328690378022867,1.0737931483409942,1.0100950735950691,73
parrot,0.7804193953612922,1.1556004162000015,1.093349456370945,73
lion,0.773585571470857,1.058551939504521,1.0955525339606704,73
buffalo,0.8237881622023154,1.147911210324848,1.097989450272677,73
fish,0.7273137669126655,0.9885987955423701,0.9917293707513966,73
ferret,0.7949895536035376,1.1584864674717275,1.1072546771914897,73
hamster,0.7632273002054478,1.090381199521366,1.033074695302684,73
mouse,0.7609145881466935,1.1048159339711667,1.003588866916218,73
rat,0.7146233556265182,1.0799510283288585,1.0041203949456492,73
snake,0.74446714560066,1.1086529518216863,1.0457062768666496,73
jaguar,0.8255672394674171,1.223031024062769,1.1971249054468265,73
shark,0.7657796231997497,1.1805122403871113,1.0906027082873988,73
whale,0.7898022299487356,1.1430481592310042,1.123968771597805,73
aardvark,0.7375208637464991,1.1650543022858948,0.0,74
antelope,0.7047684714949036,1.092199807953824,0.8753967113327521,74
bear,0.8026459556585454,1.123889483266586,1.108000929474821,74
bunny,0.8185876373550892,1.1271975975283697,1.2024376660130809,74
cat,0.7717019798415123,1.0192089061953933,1.140956381978044,74
cheetah,0.7238613507343922,1.1395872374057958,1.0353097764849237,74
dog,0.7811698829795958,0.9269403591208584,1.1532761405328569,74
dolphin,0.8459627270768936,1.148120934302907,1.1751984717835549,74
dinosaur,0.8151689052934731,1.196026622924958,1.134128195179419,74
elephant,0.6943976321925146,1.0461949098088636,1.006298347529972,74
frog,0.7993716721046568,1.0931126652960574,1.0937362418749041,74
giraffe,0.7569992882423487,1.1884427465885492,1.0473020252442702,74
horse,0.7481506012612227,0.965888696108949,1.1452579840470214,74
iguana,0.8087144089289435,1.1855950697014557,1.1832229817075335,74
lion,0.7432873831612247,1.058551939504521,1.1261724970835971,74
leopard,0.7621186213966837,1.1379716320971307,1.1188049301547236,74
lemur,0.7461660710001751,1.2056970111952872,0.9723602642861238,74
monkey,0.7522935694891287,1.0776578204652905,1.151569896427771,74
narwhal,0.7827144748581087,1.166324089443743,0.9918243779334815,74
octopus,0.8054489572645888,1.1974860366461029,1.0631976577165843,74
kangaroo,0.7647745698927916,1.1105409242026874,1.0568353275756792,74
hippo,0.7470251625016205,1.1574642872180168,1.0453458550470656,74
zebra,0.7442600585018606,1.1176582885897683,1.038725549994274,74
yak,0.8235909671168266,1.2416897088712116,1.0344412074896165,74
tiger,0.7614172858026823,1.1369978991343088,1.157386166227556,74
rhino,0.7800132564633607,1.1848310376808922,1.078780037944901,74
lion,0.7548049464532076,1.058551939504521,0.0,76
tiger,0.7744188655078353,1.1369978991343088,0.9708151297324147,76
ant,0.8237329137437254,1.1858999298076058,1.1797100017801432,76
boar,0.832165385073211,1.2381057547039065,1.1215961735871645,76
hippo,0.7881791983126113,1.1574642872180168,1.09933572868942,76
giraffe,0.7978439499753669,1.1884427465885492,1.0866808861940485,76
cheetah,0.7714851239902475,1.1395872374057958,1.023447482056082,76
cat,0.7259985155957405,1.0192089061953933,1.051988795264514,76
dog,0.7281280023484042,0.9269403591208584,1.0955525339606704,76
rat,0.7455384203194104,1.0799510283288585,1.0962713888814763,76
chicken,0.7612489136299396,1.1216453062598462,1.1329171227448296,76
bird,0.7375662590067192,1.0737931483409942,1.1590624304700987,76
toucan,0.8529798938714812,1.2609560585356738,1.194974654528894,76
horse,0.678960987224137,0.965888696108949,1.0642645521739367,76
pony,0.7720571209200067,1.1687398691054156,1.0892530506631364,76
fish,0.7526740137984966,0.9885987955423701,1.1647911954586816,76
toad,0.8576345439570872,1.2052721638621182,1.2126687240716914,76
clownfish,0.8889786942743998,1.1987786807906564,1.2341275606312863,76
zebra,0.7815580111758849,1.1176582885897683,0.0,77
ox,0.8934315406295905,1.2273385680756248,1.2676720479655958,77
cat,0.7379280117619488,1.0192089061953933,1.1469297134943308,77
alligator,0.7829517036783373,1.172180497123028,1.2303161641962177,77
butterfly,0.8192414397542541,1.1739238085649506,1.1420924661952836,77
hamster,0.7847168000585466,1.090381199521366,1.171678122019301,77
ferret,0.8044794083881645,1.1584864674717275,1.1446256291803352,77
snail,0.8044281837544028,1.2004222961577098,1.0976712083742854,77
mouse,0.7817786366982752,1.1048159339711667,1.1923546378916239,77
tarantula,0.8290706571010402,1.19450023482404,1.2139202354839524,77
snake,0.744595447721382,1.1086529518216863,1.1463059212437634,77
fly,0.8233575089576403,1.1852767326609974,1.1703031627776666,77
horse,0.7107214508594413,0.965888696108949,1.0773014542222872,77
ostrich,0.7875309430256453,1.2283689367341117,1.1737909118674235,77
giraffe,0.7753892312042436,1.1884427465885492,1.046066512920382,77
hippo,0.761846992480713,1.1574642872180168,1.055323467342385,77
lion,0.7647322467847946,1.058551939504521,1.0515769528469654,77
tiger,0.7783709028500084,1.1369978991343088,1.130216133565804,77
liger,0.828802512361142,1.1886191730946674,1.09480252814354,77
donkey,0.7693668698838333,1.0837170815883463,1.0660296526184865,77
kangaroo,0.7643305796014968,1.1105409242026874,0.0,78
spider,0.7680980922310846,1.1726798248185308,1.1116965741087108,78
snake,0.7383394978423695,1.1086529518216863,1.1376706714638094,78
snail,0.82189806680232,1.2004222961577098,1.1569031339063085,78
dog,0.7125285580213432,0.9269403591208584,1.1355565075125476,78
cat,0.7068063987419552,1.0192089061953933,1.1281526201047334,78
frog,0.7394941500083839,1.0931126652960574,1.110520924154537,78
turtle,0.7604728727705551,1.1889045258357533,1.1728475391093973,78
gerbil,0.7755597418503125,1.119089101232899,1.2107085245606344,78
hamster,0.7413349936161445,1.090381199521366,1.1966581500217253,78
guinea pig,0.7663160982153168,1.0762220833286011,1.2018360058916588,78
bird,0.7557971313609013,1.0737931483409942,1.140090992000259,78
kangaroo,0.7643305796014968,1.1105409242026874,0.0,78
lizard,0.7626489926366983,1.15827964655824,1.0963789031343052,78
lion,0.7867757399513733,1.058551939504521,1.1500524789245077,78
tiger,0.7878078781364741,1.1369978991343088,1.1241360777768035,78
leopard,0.781056234320247,1.1379716320971307,1.1462008053438622,78
dog,0.7628916359449651,0.9269403591208584,0.0,79
cat,0.7610387559499787,1.0192089061953933,0.8674575951584943,79
horse,0.7393446290546853,0.965888696108949,0.8992994905391918,79
bat,0.8024614993380159,1.147602934549153,1.0867215047462848,79
bear,0.7961510582217827,1.123889483266586,1.033089316171676,79
fish,0.7801669887003101,0.9885987955423701,0.9917293707513966,79
fox,0.8481303726107841,1.1562210376241773,1.119118599041205,79
turtle,0.792906911117672,1.1889045258357533,1.0841428655255323,79
monkey,0.7290514720422637,1.0776578204652905,1.0239431717162413,79
elephant,0.7415813320655549,1.0461949098088636,1.116848090808271,79
lion,0.7340767138479699,1.058551939504521,1.0955525339606704,79
zebra,0.7704038974611161,1.1176582885897683,1.1617665161541142,79
octopus,0.8001658902214998,1.1974860366461029,1.204656380477579,79
ox,0.8948520933043589,1.2273385680756248,1.224697545357431,79
gazelle,0.8428586521338653,1.228218816866728,1.2658730297345386,79
giraffe,0.7655362306874066,1.1884427465885492,1.1766182122444033,79
gibbon,0.7753249119947151,1.182997725459442,1.166492875777393,79
orangutan,0.745967185059603,1.1710860462469639,1.1746227668021867,79
toucan,0.8564010024182598,1.2609560585356738,1.2424613725024456,79
lemur,0.7607307699035323,1.2056970111952872,1.1815618119392926,79
eagle,0.7981635398527029,1.1734411780010299,1.125790730780947,79
snake,0.7683534501195762,1.1086529518216863,1.0457062768666496,79
tarantula,0.8529161903383167,1.19450023482404,1.1699356221623092,79
tiger,0.7539752932188843,1.1369978991343088,1.1164975264568107,79
jaguar,0.8106864122723447,1.223031024062769,1.1971249054468265,79
horse,0.7113984063415476,0.965888696108949,0.0,80
dog,0.7026083955159675,0.9269403591208584,0.8992994905391918,80
cat,0.7004722606163228,1.0192089061953933,0.9580666073422256,80
snake,0.7509786227231815,1.1086529518216863,1.0430420881630733,80
tiger,0.7694941877955075,1.1369978991343088,1.0960662977512825,80
hamster,0.76029623758038,1.090381199521366,0.9971947598844144,80
gerbil,0.7880742513971365,1.119089101232899,1.0767914921489532,80
spider,0.763312774043089,1.1726798248185308,1.076486791366718,80
mouse,0.7625622094517452,1.1048159339711667,1.0903601702692132,80
lion,0.7462014076592935,1.058551939504521,1.0642645521739367,80
gorilla,0.8031371905993224,1.1124524595952483,1.1747819327284184,80
giraffe,0.8022518611834791,1.1884427465885492,1.1008319351754714,80
polar bear,0.789536851092445,1.1610228591656826,1.1413905857548068,80
panda,0.8208627797742656,1.149531493643352,1.1568625036029943,80
sloth,0.8713439289153587,1.222548951499027,1.2135728075032448,80
bee,0.8196977579456988,1.2012918058288875,1.1303943471048108,80
butterfly,0.8089929568734687,1.1739238085649506,1.0989667311863174,80
elephant,0.7449745531699447,1.0461949098088636,0.0,81
giraffe,0.809929513280957,1.1884427465885492,0.9677513033157933,81
zebra,0.7610753111974983,1.1176582885897683,1.0966810438397752,81
antelope,0.782490067145643,1.092199807953824,0.98234714573012,81
alligator,0.7583565141115586,1.172180497123028,1.0336800463146392,81
crocodile,0.7508719139138871,1.1427709632573886,1.0453741254316584,81
seal,0.8716327999587911,1.2073828598711756,1.1611736524961105,81
shark,0.751493041225722,1.1805122403871113,1.1286688689145834,81
dolphin,0.785816939341682,1.148120934302907,1.1429390006851605,81
caterpillar,0.8305215383348973,1.191985435712591,1.201273105709502,81
zebra,0.7610753111974983,1.1176582885897683,1.0966810438397752,81
whale,0.7582430747189619,1.1430481592310042,1.0595479156893635,81
dolphin,0.785816939341682,1.148120934302907,1.1429390006851605,81
fish,0.7494898306491379,0.9885987955423701,1.1387070946771083,81
frog,0.7460726526419894,1.0931126652960574,1.1636776715168635,81
dog,0.7606874273969192,0.9269403591208584,1.116848090808271,81
cat,0.763491246358421,1.0192089061953933,1.0988771715258037,81
snail,0.7939221001114418,1.2004222961577098,1.133988594102829,81
tadpole,0.7575101426551492,1.1599481141909462,1.1553463652518399,81
ant,0.8050412759697393,1.1858999298076058,1.0237655198618376,81
spider,0.7761922779443075,1.1726798248185308,1.0926249052402794,81
snake,0.7649199991663176,1.1086529518216863,1.1122615591675962,81
kangaroo,0.7709206533492862,1.1105409242026874,0.0,82
dog,0.7677941967565443,0.9269403591208584,1.1355565075125476,82
cat,0.7586043793963325,1.0192089061953933,1.1281526201047334,82
tiger,0.7537011668478864,1.1369978991343088,1.1241360777768035,82
leopard,0.773624471973898,1.1379716320971307,1.1462008053438622,82
jaguar,0.8401006407697714,1.223031024062769,1.2239866588509913,82
flamingo,0.7827494996113834,1.200739366653492,1.14378483991228,82
peacock,0.7682058985501975,1.168361254856803,1.1629871551871669,82
koala,0.7789260885204291,1.1895973867495286,0.8709790182920916,82
bear,0.7861162205584513,1.123889483266586,1.083720080088026,82
cicada,0.8942123774423221,1.2871212867355626,1.230774432941103,82
wasp,0.8066092350511431,1.2289432298194916,1.2366755552050546,82
bee,0.8038995365495509,1.2012918058288875,1.2322027048486472,82
fly,0.8178563583534059,1.1852767326609974,1.1579659389092443,82
butterfly,0.7748854760613748,1.1739238085649506,1.1268306013910598,82
elephant,0.7121646076940946,1.0461949098088636,1.0409508495674495,82
giraffe,0.7840889743805924,1.1884427465885492,1.1087852500916773,82
monkey,0.746754713893669,1.0776578204652905,1.0776500825738193,82
chimpanzee,0.7665739450881833,1.087170527798375,1.0512915522528496,82
dog,0.7522604453070315,0.9269403591208584,0.0,83
cat,0.7619029456407013,1.0192089061953933,0.8674575951584943,83
alligator,0.7630898314467824,1.172180497123028,1.1156113719491119,83
giraffe,0.7821286897814335,1.1884427465885492,1.1766182122444033,83
zebra,0.8046096620271672,1.1176582885897683,1.1617665161541142,83
kangaroo,0.7750636098637302,1.1105409242026874,1.1355565075125476,83
pig,0.7857848338576703,1.1056965981978975,1.0471492139633691,83
dinosaur,0.7589085159207748,1.196026622924958,1.1783217100228494,83
hippo,0.7740946450418967,1.1574642872180168,1.1549610192019544,83
lizard,0.7402378790424051,1.15827964655824,1.1159477671030007,83
bird,0.7660599339010851,1.0737931483409942,1.0100950735950691,83
cicada,0.869785449339477,1.2871212867355626,1.264597069622242,83
ant,0.7755120520290514,1.1858999298076058,1.120906543570637,83
mole,0.8513135756578087,1.2172621669172776,1.1783464745017305,83
mosquito,0.7809968037831545,1.136471101475299,1.160896056990128,83
dog,0.7338766440110575,0.9269403591208584,0.0,84
cat,0.7365699323085914,1.0192089061953933,0.8674575951584943,84
horse,0.7017154722634343,0.965888696108949,0.8992994905391918,84
fish,0.7803774393825147,0.9885987955423701,0.9917293707513966,84
frog,0.7600714013540362,1.0931126652960574,1.0501031932012101,84
cow,0.7511149018407646,1.0393942981466475,1.0414556531936192,84
pig,0.7506047399491175,1.1056965981978975,1.0471492139633691,84
chicken,0.7990325684778478,1.1216453062598462,1.0464362366754159,84
bunny,0.7606218302512378,1.1271975975283697,1.0109194752319464,84
lizard,0.7749444537835978,1.15827964655824,1.1159477671030007,84
snake,0.7627610653346676,1.1086529518216863,1.0457062768666496,84
elephant,0.7372151436375193,1.0461949098088636,1.116848090808271,84
guinea pig,0.7828636549613999,1.0762220833286011,1.0698584479263833,84
llama,0.7686010138345972,1.1520927992140997,1.1060330343028217,84
alpaca,0.8316964313361132,1.1749418382249637,1.1916374368783493,84
tiger,0.8004177973276893,1.1369978991343088,1.1164975264568107,84
zebra,0.7843553839041522,1.1176582885897683,1.1617665161541142,84
monkey,0.7469752094881376,1.0776578204652905,1.0239431717162413,84
sloth,0.8819361386094117,1.222548951499027,1.234996932250183,84
dinosaur,0.8172270027414656,1.196026622924958,1.1783217100228494,84
turtle,0.7489162385207034,1.1889045258357533,1.0841428655255323,84
ferret,0.7903861322361014,1.1584864674717275,1.1072546771914897,84
aardvark,0.7720400898037857,1.1650543022858948,1.1532761405328569,84
tortoise,0.8031715456043605,1.1905795200982734,1.159398379360515,84
koala,0.7901041472280255,1.1895973867495286,1.1767929298903161,84
kangaroo,0.7672222574667136,1.1105409242026874,1.1355565075125476,84
snake,0.7608433401849827,1.1086529518216863,0.0,85
tiger,0.7770354882658871,1.1369978991343088,1.1137590646212028,85
bear,0.7945571218732647,1.123889483266586,1.122773051378375,85
dog,0.7436783706265474,0.9269403591208584,1.0457062768666496,85
cat,0.7378019796085259,1.0192089061953933,1.0571680994100559,85
whale,0.7805662366836795,1.1430481592310042,1.1830907741471837,85
dolphin,0.8243735565222908,1.148120934302907,1.1474684116266542,85
lizard,0.782095130371444,1.15827964655824,1.0306085120283073,85
guinea pig,0.8151289572742999,1.0762220833286011,1.1417807268620963,85
bird,0.7648004404510514,1.0737931483409942,1.101187326708709,85
insect,0.8344016912065332,1.0684983491783304,1.153833921879555,85
cardinal,0.8776505095360446,1.221053231930023,1.1767965800742348,85
bald eagle,0.8418657901664199,1.1647144577231867,1.1728449937398906,85
panda,0.8339658841058102,1.149531493643352,1.2107509177954412,85
tasmanian devil,0.8329338592940724,1.251387012059123,1.1204559146395592,85
jellyfish,0.8415063029013369,1.1612795760080417,1.1621301350164206,85
sea turtle,0.7660905053537893,1.1864061911271258,1.1285695157471973,85
box turtle,0.8373071303702628,1.2411833838409345,1.144877003384252,85
mountain lion,0.8521207220791206,1.1676886669537843,1.2396870688161263,85
alligator,0.7577837456698318,1.172180497123028,1.0020116829260026,85
cow,0.7726354595432852,1.0393942981466475,1.0499391336545345,85
goat,0.7968777061639555,1.084723785451578,1.081881841569668,85
sheep,0.8073230333752193,1.076740531262682,1.1369791748480544,85
pig,0.7673811771894274,1.1056965981978975,1.1276655774055395,85
lemur,0.8099765172289659,1.2056970111952872,1.1789518677148987,85
anteater,0.7637790354877798,1.1060189396094344,0.0,86
armadillo,0.7830553058518281,1.173548965191927,1.0278008363931568,86
badger,0.8055143924101499,1.2118156746578124,1.0358509183999947,86
baboon,0.74179876653444,1.1501268499293378,1.0168009797015396,86
giraffe,0.8011670444525042,1.1884427465885492,1.0754127153927822,86
elephant,0.7775700911228686,1.0461949098088636,1.0453816630593884,86
american toad,0.859965165601144,1.229608452515671,1.1295850602519981,86
bullfrog,0.7794820460189277,1.073932519650238,1.0942203061161093,86
northern cricket frog,0.8894194992466226,1.2770507979537236,1.1548462752764528,86
gray treefrog,0.8688390481787719,1.2576878829752784,1.1568936303936659,86
eastern newt,0.8857983566626038,1.2919985938073377,1.2077859860246158,86
long tailed salamander,0.8398952273026985,1.2975668072332185,1.1700486029184418,86
dolphin,0.839555689749799,1.148120934302907,1.1423162683413832,86
manatee,0.734976359566042,1.1635746390865844,1.085497101452683,86
beluga whale,0.8042322177048637,1.2465429557198247,1.1862005404460965,86
whale shark,0.7975533316215098,1.207974128963239,1.1924592307188882,86
great white shark,0.8224634338287996,1.2070568813897746,1.1758884477957632,86
hammerhead,0.8061731958678366,1.1756916095426158,1.101628886395764,86
blowfish,0.8288594695822977,1.2239497444363006,1.2481260055466907,86
clownfish,0.8378188526663671,1.1987786807906564,1.2435810274141754,86
robin,0.8924470627594621,1.2498393598693802,1.239072766378439,86
blue jay,0.8505124303518065,1.268247245651595,1.1946003082722043,86
bald eagle,0.8267339002023307,1.1647144577231867,1.1752637557080212,86
barn owl,0.8380345389325413,1.203841241834799,1.1744528442584183,86
white tailed deer,0.8413606092232806,1.2550908484866905,1.1900135317393992,86
possum,0.7439887751919549,1.1384574350749013,1.0163973591950408,86
opossum,0.7672160053826627,1.1629314908750732,0.9750756183300516,86
macaw,0.8248174987625317,1.221029577063028,1.232428937630445,86
pygmy marmoset,0.7620675415504607,1.2465873219773493,1.078099005351728,86
dog,0.7520900877869579,0.9269403591208584,0.0,87
cat,0.7371076544458492,1.0192089061953933,0.8674575951584943,87
fish,0.7947651555852897,0.9885987955423701,0.9917293707513966,87
hamster,0.8165403543021,1.090381199521366,1.033074695302684,87
rat,0.768495365990123,1.0799510283288585,1.0041203949456492,87
lizard,0.8031427364349302,1.15827964655824,1.1159477671030007,87
tiger,0.7910662242314737,1.1369978991343088,1.1164975264568107,87
lion,0.7599088154503881,1.058551939504521,1.0955525339606704,87
zebra,0.7816661791125,1.1176582885897683,1.1617665161541142,87
bear,0.7907335258138875,1.123889483266586,1.033089316171676,87
monkey,0.7612239313585776,1.0776578204652905,1.0239431717162413,87
giraffe,0.7963855633091884,1.1884427465885492,1.1766182122444033,87
elephant,0.710718353693947,1.0461949098088636,1.116848090808271,87
turkey,0.8725031961634463,1.2185709622898062,1.1444863220988817,87
anteater,0.7607284661087048,1.1060189396094344,1.1380287456152216,87
ostrich,0.7912353731878967,1.2283689367341117,1.2319197942987306,87
whale,0.7896976778359958,1.1430481592310042,1.123968771597805,87
rhino,0.7946818271386761,1.1848310376808922,1.2113231152707005,87
anteater,0.7607284661087048,1.1060189396094344,1.1380287456152216,87
ant,0.7787588657686192,1.1858999298076058,1.120906543570637,87
bee,0.8070822367659894,1.2012918058288875,1.0961625519989635,87
wasp,0.8258726978447818,1.2289432298194916,1.1854274463870356,87
caterpillar,0.8102267607144233,1.191985435712591,1.1676256504333313,87
butterfly,0.8124534329800646,1.1739238085649506,1.107960200263417,87
grasshopper,0.8355237743507872,1.226238483787997,1.2048416022132438,87
panda,0.8428357863303453,1.149531493643352,1.142719214698211,87
crane,0.8432067149622497,1.2266546887758851,1.215224184698148,87
bunny,0.8028114801092804,1.1271975975283697,1.0109194752319464,87
pig,0.8119907189444426,1.1056965981978975,0.0,88
cow,0.7930773025228706,1.0393942981466475,0.9929126781291894,88
rabbit,0.7644710720868838,1.0467123341550726,1.0418251254632633,88
tiger,0.7878625988181952,1.1369978991343088,1.1009316096861084,88
horse,0.7244336533757288,0.965888696108949,1.0326384802541124,88
cat,0.749930797437591,1.0192089061953933,1.025668791385112,88
dog,0.7378871429528416,0.9269403591208584,1.0471492139633691,88
komodo dragon,0.8145202457965071,1.2021091624858309,1.2451370632869525,88
lizard,0.7841539483646321,1.15827964655824,1.1530482213923205,88
iguana,0.8069882325206874,1.1855950697014557,1.211959158204263,88
scorpion,0.8291868357183853,1.2141302043940712,1.2071407855009961,88
snake,0.7313168386175289,1.1086529518216863,1.1276655774055395,88
bird,0.7352978172066065,1.0737931483409942,1.1706602515213922,88
raven,0.8443592849995553,1.2406303899720232,1.2734145403809167,88
crow,0.8051619881268197,1.2192807729179764,1.2298705650158788,88
hawk,0.774852082075083,1.18909948871919,1.226853433331574,88
falcon,0.8115884749220794,1.2328106437296498,1.2464566369481018,88
eagle,0.7617580747776024,1.1734411780010299,1.2065183281542962,88
worm,0.8366933126442266,1.2278000384699945,1.1578347590795777,88
bug,0.8929633669475696,1.2084927778995935,1.2195400572354704,88
fox,0.7911929190111405,1.1562210376241773,1.1831624400902514,88
coyote,0.7951691767993865,1.125675824343197,1.1692275957413523,88
wolf,0.7260893245891021,1.0770628836108005,1.093891708543744,88
squirrel,0.7793992962332412,1.1857650114949005,1.0915112046064641,88
mole,0.8812974115970841,1.2172621669172776,1.165276463958186,88
groundhog,0.8574515339869903,1.279876704496099,1.1817141750312823,88
wolverine,0.8510977171623441,1.2411632103028682,1.2707691980053535,88
fox,0.834129167651532,1.1562210376241773,0.0,89
horse,0.7085738267924154,0.965888696108949,1.1264945651069707,89
bee,0.8235740858767658,1.2012918058288875,1.1970992812306247,89
dog,0.7096562156907477,0.9269403591208584,1.119118599041205,89
cat,0.7072028703723449,1.0192089061953933,1.1291642861175204,89
hamster,0.7777463805028391,1.090381199521366,1.243645600884019,89
rabbit,0.7433284424601401,1.0467123341550726,1.130743699426437,89
snake,0.7395921718658353,1.1086529518216863,1.1052441706515885,89
dolphin,0.8353692951778566,1.148120934302907,1.1294020905574789,89
hippo,0.8140442592339662,1.1574642872180168,1.3352435211434874,89
giraffe,0.8191867826020696,1.1884427465885492,1.29498858610152,89
tiger,0.7750336478742937,1.1369978991343088,1.0926132620938305,89
lion,0.771559895394736,1.058551939504521,1.1580601795804468,89
cheetah,0.7638475686693901,1.1395872374057958,1.1735468425327396,89
zebra,0.7843700505130179,1.1176582885897683,1.1805284526854638,89
rat,0.7253657278317892,1.0799510283288585,1.077057701739367,89
mouse,0.755230255250758,1.1048159339711667,1.1226747306229679,89
bird,0.7497967583260742,1.0737931483409942,1.1368310528399486,89
fish,0.7307991152116389,0.9885987955423701,1.1447055178777041,89
shark,0.757378252019742,1.1805122403871113,1.1497850168861299,89
stingray,0.8421243745489297,1.221492220592515,1.1735669028031497,89
starfish,0.839814896121034,1.201700587530752,1.2076774900322325,89
axolotl,0.7933458625809571,1.2192737315408295,0.0,90
anteater,0.7765924789067863,1.1060189396094344,1.1432917097270021,90
lion,0.7527544162793244,1.058551939504521,1.2036629619568053,90
lemur,0.7544905418073504,1.2056970111952872,1.0301731345598037,90
emu,0.8217468169451512,1.2954851196862718,1.1843574528273744,90
ostrich,0.7910791503969832,1.2283689367341117,1.1657467230776448,90
tiger,0.7878594277172876,1.1369978991343088,1.2288143366111808,90
elephant,0.7477455049470927,1.0461949098088636,1.2022714944951451,90
bee,0.8550549074252378,1.2012918058288875,1.2942691383613465,90
tasmanian devil,0.8195434937347653,1.251387012059123,1.1728471717270574,90
gopher,0.7958228754585637,1.2207971095364605,1.2125708544483613,90
groundhog,0.8542479916181147,1.279876704496099,1.2423588413103757,90
otter,0.8089243371795181,1.2263863268378068,1.0692933840091936,90
bear,0.7839888171190372,1.123889483266586,1.2209445240822412,90
cockroach,0.8175757601755821,1.2033915201534464,1.1124398025677096,90
snake,0.7571376332973786,1.1086529518216863,1.0917446093536438,90
frog,0.7580886038000765,1.0931126652960574,1.018775210829035,90
salamander,0.7612190219872642,1.1887950155232851,0.818140155268171,90
turtle,0.7781751329107067,1.1889045258357533,1.041053950344579,90
cat,0.772322266794601,1.0192089061953933,1.199309189757466,90
dog,0.77919839609906,0.9269403591208584,1.1717258294251818,90
mountain lion,0.8235353769437761,1.1676886669537843,1.2136796098523137,90
goldfish,0.8641147247498577,1.0680897449602824,1.119188031549371,90
ant,0.8139546821789184,1.1858999298076058,0.0,91
baboon,0.7623710742805496,1.1501268499293378,1.0929755929307612,91
cat,0.740765337671629,1.0192089061953933,1.1306459791942027,91
dog,0.7372900576949746,0.9269403591208584,1.120906543570637,91
fish,0.7649439889028199,0.9885987955423701,1.221461829218271,91
bird,0.7644042611920454,1.0737931483409942,1.1520835487514447,91
snake,0.7601574455466376,1.1086529518216863,1.162289538175381,91
worm,0.8675174490065303,1.2278000384699945,1.0714281160074697,91
butterfly,0.8181518069603819,1.1739238085649506,1.1628316784847423,91
bear,0.8050921851751442,1.123889483266586,1.1796715398501432,91
flamingo,0.7985683345371923,1.200739366653492,1.1815801943290045,91
octopus,0.7813543660579454,1.1974860366461029,1.159391900942086,91
whale,0.7772386723214285,1.1430481592310042,1.115519794691721,91
starfish,0.8176296775352772,1.201700587530752,1.2113941540748585,91
chinchilla,0.8008385139860067,1.1626768187232164,1.2160824476436243,91
hamster,0.7898086499719708,1.090381199521366,1.1722134521008256,91
guinea pig,0.8002702458625672,1.0762220833286011,1.1264056349592877,91
tiger,0.7910906542552485,1.1369978991343088,1.252422979975634,91
lion,0.7636499014881427,1.058551939504521,1.1797100017801432,91
elephant,0.7164733536325587,1.0461949098088636,1.0237655198618376,91
hippo,0.7694753694011475,1.1574642872180168,1.1217338863993234,91
giraffe,0.7887883384143155,1.1884427465885492,1.1701258605022853,91
turtle,0.7595493544590782,1.1889045258357533,1.153399269568618,91
dog,0.7618884060335963,0.9269403591208584,0.0,92
cat,0.7777114893949425,1.0192089061953933,0.8674575951584943,92
painted dog,0.8520075919945815,1.0340614784406787,0.9093184250266476,92
goat,0.8133707095402367,1.084723785451578,1.067884247639462,92
lion,0.7354623848565932,1.058551939504521,1.0955525339606704,92
bear,0.8090783254376589,1.123889483266586,1.033089316171676,92
tiger,0.8005782466562855,1.1369978991343088,1.1164975264568107,92
lion,0.7354623848565932,1.058551939504521,1.0955525339606704,92
elephant,0.7377331284612894,1.0461949098088636,1.116848090808271,92
giraffe,0.7974181493875157,1.1884427465885492,1.1766182122444033,92
flamingo,0.8171038949693433,1.200739366653492,1.168386654484427,92
bass,0.8412404226946202,1.181379623042275,1.1629216658362547,92
trout,0.837637199964922,1.2848508722714065,1.2284971556086075,92
butterfly,0.8109865742063876,1.1739238085649506,1.107960200263417,92
walleye,0.8384808014138588,1.2470671912649678,1.2506405586420362,92
sturgeon,0.8180890069801087,1.2944589610015644,1.249638522790752,92
shark,0.752421684570305,1.1805122403871113,1.0906027082873988,92
tigerfish,0.8553038151690033,1.1919209691503507,1.106412713618726,92
hammerhead,0.7704432935731675,1.1756916095426158,1.1794970070884043,92
whale,0.7652212145744748,1.1430481592310042,1.123968771597805,92
dolphin,0.8363284461716423,1.148120934302907,1.1609553121142218,92
seagull,0.8261816714841925,1.201168236694969,1.1753341768434082,92
catfish,0.7960493441362364,1.1263432803667268,1.1439474157824172,92
ant,0.8197808402780927,1.1858999298076058,1.120906543570637,92
beetle,0.8291369048090785,1.2170299576341577,1.1785663575345486,92
prairie dog,0.8424775191876402,1.0991553727370817,1.0123775335387295,92
water buffalo,0.8610803777085465,1.1589522402956036,1.2009053190971248,92
antelope,0.7471372315501448,1.092199807953824,1.1651381687080575,92
zebra,0.7993770995497398,1.1176582885897683,1.1617665161541142,92
aardvark,0.7523005751574982,1.1650543022858948,0.0,93
anteater,0.786030489150447,1.1060189396094344,0.823723987761043,93
elephant,0.7225136502840754,1.0461949098088636,1.006298347529972,93
tiger,0.7870414217612255,1.1369978991343088,1.157386166227556,93
lion,0.7804915833607544,1.058551939504521,1.1261724970835971,93
bear,0.7994204475274651,1.123889483266586,1.108000929474821,93
cub,0.8182784876085061,1.1751031527128375,1.136887968409058,93
goat,0.7945617834683212,1.084723785451578,1.141280523762382,93
cow,0.7532742742251777,1.0393942981466475,1.1084236605878073,93
rooster,0.8061778639755307,1.1265732474521417,1.1274986365387736,93
chicken,0.7937221902903817,1.1216453062598462,1.157426929531965,93
pig,0.7755872302141363,1.1056965981978975,1.082531024285566,93
giraffe,0.796582563564391,1.1884427465885492,1.0473020252442702,93
snake,0.7653214688581917,1.1086529518216863,1.164494808265621,93
sloth,0.8734804662265064,1.222548951499027,1.1511187869679183,93
bird,0.7689721364573565,1.0737931483409942,1.1318093882487676,93
penguin,0.7717616107082288,1.1562000207801095,1.1107748513723221,93
pelican,0.8242047061306357,1.1632689034345767,1.091257228786885,93
buffalo,0.7963613363620391,1.147911210324848,1.1398875137400792,93
bison,0.8390649446883603,1.2104974056595734,1.1095518236796686,93
horse,0.754233089157273,0.965888696108949,1.1452579840470214,93
moose,0.800607007210393,1.1649762820012772,1.1125142343738441,93
deer,0.7733015837910485,1.0670022123976246,1.1052628969897498,93
squirrel,0.7948140806276437,1.1857650114949005,1.0337527191112745,93
frog,0.7827814905512481,1.0931126652960574,1.0937362418749041,93
salamander,0.7996672913706762,1.1887950155232851,1.066161425477544,93
whale,0.7705830442870687,1.1430481592310042,1.1123034751512542,93
dolphin,0.8231501899803636,1.148120934302907,1.1751984717835549,93
turtle,0.767548258175347,1.1889045258357533,1.0564102170382295,93
fish,0.7598380019421761,0.9885987955423701,1.1843429472134896,93
octopus,0.7797491687697228,1.1974860366461029,1.0631976577165843,93
stingray,0.8407731945150114,1.221492220592515,1.1536631026948816,93
jellyfish,0.8339592385666116,1.1612795760080417,1.0933080746225454,93
crab,0.811416342245998,1.2101634255908607,1.1956891341008573,93
starfish,0.8124880508893327,1.201700587530752,1.1113480368066704,93
aardvark,0.7593359458953767,1.1650543022858948,0.0,94
monkey,0.7713127873600973,1.0776578204652905,1.151569896427771,94
lion,0.7382823813789505,1.058551939504521,1.1261724970835971,94
tiger,0.76451415834935,1.1369978991343088,1.157386166227556,94
giraffe,0.808253930405592,1.1884427465885492,1.0473020252442702,94
anteater,0.7863254835445201,1.1060189396094344,0.823723987761043,94
tick,0.8936883394550006,1.2267298870489223,1.1337115965076168,94
whale,0.7539799502361089,1.1430481592310042,1.1123034751512542,94
walrus,0.7578256144025699,1.1955822088047579,1.0624457913663135,94
clam,0.8533369147417165,1.230810164661928,1.1419349364640567,94
sea anemone,0.852925891176642,1.235452307870412,1.1701647881798038,94
clownfish,0.8560475265149061,1.1987786807906564,1.2087731124983156,94
tiger,0.76451415834935,1.1369978991343088,1.157386166227556,94
dog,0.7723186246073689,0.9269403591208584,1.1532761405328569,94
cat,0.7673702221428539,1.0192089061953933,1.140956381978044,94
dolphin,0.8052628753643746,1.148120934302907,1.1751984717835549,94
hyena,0.789436677567562,1.1195802588076653,1.1279757094168175,94
wolf,0.7669177387995402,1.0770628836108005,1.1265139830162145,94
eagle,0.7913229121757662,1.1734411780010299,1.1515820851830934,94
falcon,0.8338556673650562,1.2328106437296498,1.1624879409086315,94
crow,0.7947038659094551,1.2192807729179764,1.137233099547481,94
pigeon,0.7926947801063066,1.1202121094164363,1.103182741555609,94
bobcat,0.8249288828982887,1.2051783605583608,1.1309592899403706,94
cat,0.7285004243569249,1.0192089061953933,0.0,95
dog,0.734314875942409,0.9269403591208584,0.8674575951584943,95
hamster,0.809868953240286,1.090381199521366,1.0224020614704792,95
rat,0.7142536167849242,1.0799510283288585,0.9725066279320393,95
tiger,0.7910831574412451,1.1369978991343088,1.0270121376671233,95
lion,0.7447018749871114,1.058551939504521,1.051988795264514,95
cheetah,0.7650774280944773,1.1395872374057958,1.10568407721678,95
leopard,0.7742204777801622,1.1379716320971307,1.1468405124839476,95
bobcat,0.795335954143088,1.2051783605583608,1.1068535659002392,95
wolf,0.7549659699739318,1.0770628836108005,1.0534889515561048,95
coyote,0.7765836799265141,1.125675824343197,1.178175264181012,95
mouse,0.7559099177344341,1.1048159339711667,0.9267276706433802,95
horse,0.7075514592121712,0.965888696108949,0.9580666073422256,95
deer,0.7688888513737203,1.0670022123976246,1.136588276312349,95
moose,0.780829908853975,1.1649762820012772,1.1502722133662604,95
mule,0.8508290648126532,1.1921343044165704,1.1972412995073982,95
donkey,0.7724370853177537,1.0837170815883463,1.0803699445104455,95
snake,0.743181544360765,1.1086529518216863,1.0571680994100559,95
lizard,0.8080546650554971,1.15827964655824,1.1278126332605123,95
turtle,0.7827376486341643,1.1889045258357533,1.0991275841268757,95
possum,0.7265756104618682,1.1384574350749013,1.1369060435575016,95
opossum,0.7468555326364813,1.1629314908750732,1.1381963719270127,95
raccoon,0.787584327812617,1.1692551007961864,1.1776170962032566,95
rainbowfish,0.692610956554233,1.0934777008009755,0.0,96
starling,0.8062155793410505,1.2045904648849848,1.035731486022649,96
dog,0.7330045002872804,0.9269403591208584,1.0998542888555467,96
cat,0.723441447166454,1.0192089061953933,1.1063256953190874,96
aardvark,0.7903544283111721,1.1650543022858948,1.1397914174268335,96
tiger,0.7853643545947459,1.1369978991343088,1.0963898246412462,96
eel,0.7796151303473455,1.252213215586595,0.9888198040669465,96
corydoras,0.8522882311599986,1.2646722188763233,0.8177407903338647,96
ocelot,0.8363872040283901,1.239988553903691,1.1315962723879949,96
rattlesnake,0.8064893471009316,1.1741033606432256,1.0722543946235386,96
rat,0.7069992633228127,1.0799510283288585,1.0895904142802497,96
sheep,0.8230541321528293,1.076740531262682,1.1588321859975033,96
chicken,0.7695490029396672,1.1216453062598462,1.1039134821793717,96
rabbit,0.7419234560551348,1.0467123341550726,1.1484073534076669,96
tiger,0.7861483695088578,1.1369978991343088,0.0,97
bear,0.777792778904225,1.123889483266586,1.0481941070028127,97
lion,0.7479096892045678,1.058551939504521,0.9708151297324147,97
giraffe,0.7679275079531275,1.1884427465885492,1.1935868464150592,97
gray treefrog,0.9012607264552585,1.2576878829752784,1.2531248510727675,97
green tree frog,0.9179416858643551,1.2117620799529956,1.2820096463702533,97
anole,0.8439401752494965,1.198516155946207,1.1788697351950375,97
long tailed lizard,0.8909389866900552,1.2718902973961133,1.2230000917532002,97
cat,0.7655599088794011,1.0192089061953933,1.0270121376671233,97
dog,0.7733954570144768,0.9269403591208584,1.1164975264568107,97
puma,0.8421786871639564,1.1557666105053703,1.0135908404136342,97
zebra,0.7992189240923924,1.1176582885897683,1.130216133565804,97
elephant,0.7137792687235714,1.0461949098088636,0.9869363273120004,97
giraffe,0.7679275079531275,1.1884427465885492,1.1935868464150592,97
buffalo,0.7945428929020046,1.147911210324848,1.133705067273303,97
bison,0.8450787128710741,1.2104974056595734,1.1459593008886304,97
deer,0.7664234950326284,1.0670022123976246,1.1170317083649912,97
reindeer,0.8443419161040653,1.1599143110863275,1.244600664291824,97
polar bear,0.777322643775701,1.1610228591656826,1.0404982941112881,97
narwhal,0.781930127777555,1.166324089443743,1.176180398527952,97
flounder,0.7957622043433562,1.232700664580372,1.1447718743348991,97
shrimp,0.841489389900576,1.2163904981538947,1.2113468158831215,97
crab,0.821335965221629,1.2101634255908607,1.2099095079628648,97
cow,0.7623132913465223,1.0393942981466475,1.0704787409521863,97
pig,0.7914231989921268,1.1056965981978975,1.1009316096861084,97
sheep,0.7899043291069459,1.076740531262682,1.2511958415478202,97
goat,0.7997330994922346,1.084723785451578,1.1830676865539902,97
horse,0.7315307081163899,0.965888696108949,1.0960662977512825,97
chicken,0.800746070386952,1.1216453062598462,1.152140010944935,97
seagull,0.8397285246686212,1.201168236694969,1.1699938062964055,97
croaker,0.8248730905915779,1.2021301620900064,1.1125712679420254,97
dolphin,0.84481196577526,1.148120934302907,1.1774668230280367,97
whale,0.7754332796531074,1.1430481592310042,1.1254110483027093,97
dog,0.7183578605839197,0.9269403591208584,0.0,98
cat,0.7325817459891997,1.0192089061953933,0.8674575951584943,98
iguana,0.7931989607626804,1.1855950697014557,1.127729597035416,98
fish,0.752440837078548,0.9885987955423701,0.9917293707513966,98
elephant,0.7362714232980997,1.0461949098088636,1.116848090808271,98
camel,0.825542063999571,1.1599943725029038,1.1756603944983446,98
ant,0.8309698309967906,1.1858999298076058,1.120906543570637,98
groundhog,0.89283324417751,1.279876704496099,1.2207238004756773,98
eagle,0.8257306823705209,1.1734411780010299,1.125790730780947,98
bird,0.7494406454243564,1.0737931483409942,1.0100950735950691,98
turtle,0.759638272008899,1.1889045258357533,1.0841428655255323,98
rabbit,0.7181997562816586,1.0467123341550726,0.9768018336197154,98
bunny,0.7695497555787942,1.1271975975283697,1.0109194752319464,98
horse,0.6877323629537262,0.965888696108949,0.8992994905391918,98
lizard,0.7737502647876799,1.15827964655824,1.1159477671030007,98
shark,0.7826151300538491,1.1805122403871113,1.0906027082873988,98
octopus,0.8243175230127902,1.1974860366461029,1.204656380477579,98
cow,0.7414127356976614,1.0393942981466475,1.0414556531936192,98
goat,0.770182707942521,1.084723785451578,1.067884247639462,98
sheep,0.7903619912427583,1.076740531262682,1.121370230535433,98
chicken,0.7543078193938909,1.1216453062598462,1.0464362366754159,98
pig,0.7498137646747646,1.1056965981978975,1.0471492139633691,98
alligator,0.7470617139156188,1.172180497123028,1.1156113719491119,98
crocodile,0.7519813049297686,1.1427709632573886,1.105618772820428,98
cat,0.7073222412216931,1.0192089061953933,0.0,99
dog,0.7048208269309595,0.9269403591208584,0.8674575951584943,99
fish,0.7353453731135355,0.9885987955423701,1.038206803388522,99
bird,0.7218770649914531,1.0737931483409942,0.9983949501850387,99
monkey,0.74354075672201,1.0776578204652905,1.0166223194661992,99
lizard,0.7795337029272955,1.15827964655824,1.1278126332605123,99
elephant,0.7020437399864167,1.0461949098088636,1.0988771715258037,99
giraffe,0.777392911921691,1.1884427465885492,1.1745012157564525,99
manatee,0.795214557879616,1.1635746390865844,1.1677648532300666,99
snake,0.7519854851467958,1.1086529518216863,1.0571680994100559,99
rat,0.7328077845828709,1.0799510283288585,0.9725066279320393,99
deer,0.776907927270377,1.0670022123976246,1.136588276312349,99
rhino,0.7931027947606293,1.1848310376808922,1.1617084414393235,99
cat,0.7267109129150272,1.0192089061953933,0.0,100
dog,0.7266219812580044,0.9269403591208584,0.8674575951584943,100
lizard,0.8239785654006785,1.15827964655824,1.1278126332605123,100
bird,0.7311281871779264,1.0737931483409942,0.9983949501850387,100
bug,0.8929790221418631,1.2084927778995935,1.1183215163402158,100
otter,0.8652828937336372,1.2263863268378068,1.2327221660975756,100
giraffe,0.7958431596696626,1.1884427465885492,1.1745012157564525,100
elephant,0.7352923822365556,1.0461949098088636,1.0988771715258037,100
seal,0.8600940221737936,1.2073828598711756,1.2262616898959957,100
horse,0.6707613143760733,0.965888696108949,0.9580666073422256,100
zebra,0.788518221579236,1.1176582885897683,1.1469297134943308,100
lion,0.7386995274364303,1.058551939504521,1.051988795264514,100
tiger,0.7700693655091256,1.1369978991343088,1.0270121376671233,100
penguin,0.7494744869067367,1.1562000207801095,1.094310747909636,100
eagle,0.7864921659955623,1.1734411780010299,1.1497393343031173,100
ox,0.8900566002544921,1.2273385680756248,1.271236001907964,100
cow,0.7509107304647322,1.0393942981466475,1.058624590599432,100
chicken,0.7465520378112579,1.1216453062598462,1.0119363553642762,100
rooster,0.750550474016832,1.1265732474521417,1.0648726571002796,100
horse,0.6707613143760733,0.965888696108949,0.9580666073422256,100
ant,0.8052031566334591,1.1858999298076058,0.0,101
alligator,0.7877947602122765,1.172180497123028,1.2197659652474817,101
boar,0.8452193546544785,1.2381057547039065,1.097720161173013,101
cat,0.7360137765597912,1.0192089061953933,1.1306459791942027,101
dog,0.7356824996682447,0.9269403591208584,1.120906543570637,101
elephant,0.7355223544195032,1.0461949098088636,1.0237655198618376,101
fish,0.7224453255686583,0.9885987955423701,1.221461829218271,101
rat,0.7418661663750125,1.0799510283288585,1.0978542675496021,101
cow,0.7418750023785872,1.0393942981466475,1.1451282418377187,101
shark,0.7089437380077162,1.1805122403871113,1.166906213913442,101
zebra,0.8088950680016995,1.1176582885897683,1.168666386543416,101
monkey,0.726460057137875,1.0776578204652905,1.159039285067741,101
orangutan,0.7941684898709924,1.1710860462469639,1.113776166273177,101
dolphin,0.7983069941821633,1.148120934302907,1.1193120586422978,101
whale,0.7616916161642283,1.1430481592310042,1.115519794691721,101
shark,0.7089437380077162,1.1805122403871113,1.166906213913442,101
bird,0.762673435137403,1.0737931483409942,1.1520835487514447,101
turtle,0.7608315836831508,1.1889045258357533,1.153399269568618,101
bat,0.7543464632100261,1.147602934549153,1.096144571995888,101
dog,0.7720041806763692,0.9269403591208584,0.0,104
bird,0.7641787596638895,1.0737931483409942,1.0100950735950691,104
cat,0.7644890124434982,1.0192089061953933,0.8674575951584943,104
rabbit,0.7854830415159566,1.0467123341550726,0.9768018336197154,104
human,0.8344255282893349,1.0001323151978487,0.9932881738980344,104
elephant,0.7058165275942281,1.0461949098088636,1.116848090808271,104
flamingo,0.7964472745195156,1.200739366653492,1.168386654484427,104
rhino,0.775789510739772,1.1848310376808922,1.2113231152707005,104
bobcat,0.8412762539869109,1.2051783605583608,1.2161038254021095,104
tiger,0.7729674141182489,1.1369978991343088,1.1164975264568107,104
wolf,0.7756626940439694,1.0770628836108005,0.9736121220680493,104
seal,0.874993698193745,1.2073828598711756,1.201170143751627,104
squirrel,0.795962202509128,1.1857650114949005,1.145151989157597,104
dolphin,0.8190809053286364,1.148120934302907,1.1609553121142218,104
octopus,0.7746891169210758,1.1974860366461029,1.204656380477579,104
starfish,0.828665605731787,1.201700587530752,1.1733402246176,104
jellyfish,0.8250822633272773,1.1612795760080417,1.2127563575719373,104
giraffe,0.7819035453753317,1.1884427465885492,1.1766182122444033,104
zebra,0.7900263356407412,1.1176582885897683,1.1617665161541142,104
vulture,0.8466007920477735,1.2127792554949421,1.2699261575895269,104
monkey,0.7304106368635148,1.0776578204652905,1.0239431717162413,104
chimpanzee,0.7381956138067499,1.087170527798375,1.1401558736364064,104
gorilla,0.7443404765463262,1.1124524595952483,1.1131189759455395,104
sloth,0.8257695712285887,1.222548951499027,1.234996932250183,104
pig,0.7716614842808172,1.1056965981978975,0.0,105
cat,0.7240322092396949,1.0192089061953933,1.025668791385112,105
dog,0.7275563335809557,0.9269403591208584,1.0471492139633691,105
horse,0.7039842256711916,0.965888696108949,1.0326384802541124,105
alligator,0.7699102900522724,1.172180497123028,1.1227484970135522,105
snake,0.7496042941111432,1.1086529518216863,1.1276655774055395,105
lion,0.7724225373912914,1.058551939504521,1.1524499089926366,105
hippo,0.7936664830553728,1.1574642872180168,1.1104707494126416,105
elephant,0.7020163154752233,1.0461949098088636,1.064461028532839,105
tiger,0.777075458877202,1.1369978991343088,1.1009316096861084,105
giraffe,0.8016861718912459,1.1884427465885492,1.2035025953841894,105
antelope,0.7559213877664014,1.092199807953824,1.116153794122321,105
deer,0.755296214958334,1.0670022123976246,1.1132985423364974,105
moose,0.7848320935265577,1.1649762820012772,1.1273069322997344,105
iguana,0.8282596346020982,1.1855950697014557,1.211959158204263,105
bird,0.7651180871541235,1.0737931483409942,1.1706602515213922,105
fish,0.7713094477049075,0.9885987955423701,1.1104264991243766,105
whale,0.8020853680980758,1.1430481592310042,1.1020379582086408,105
dolphin,0.843416057519382,1.148120934302907,1.1577586557491515,105
ant,0.8083537580544823,1.1858999298076058,1.0893221962526833,105
spider,0.7798560016682751,1.1726798248185308,1.123330715862674,105
bat,0.7473418318144729,1.147602934549153,1.097687972687456,105
possum,0.7727266485862302,1.1384574350749013,1.1208511973372717,105
mouse,0.7614721175007405,1.1048159339711667,1.137675483173679,105
rat,0.7353488105550257,1.0799510283288585,0.9895637397869708,105
dog,0.6929856140577089,0.9269403591208584,0.0,106
cat,0.6873438812450131,1.0192089061953933,0.8674575951584943,106
hamster,0.767601370109851,1.090381199521366,1.033074695302684,106
horse,0.688724005359472,0.965888696108949,0.8992994905391918,106
cow,0.7579931385526052,1.0393942981466475,1.0414556531936192,106
chicken,0.7228252495450518,1.1216453062598462,1.0464362366754159,106
rooster,0.7583756019080136,1.1265732474521417,1.093734448172408,106
bird,0.6902688301569962,1.0737931483409942,1.0100950735950691,106
fish,0.7539367605246219,0.9885987955423701,0.9917293707513966,106
deer,0.798474416271926,1.0670022123976246,1.0669601599977527,106
possum,0.79970217695065,1.1384574350749013,1.1481974911014174,106
squirrel,0.775846849287049,1.1857650114949005,1.145151989157597,106
frog,0.7697186969448264,1.0931126652960574,1.0501031932012101,106
butterfly,0.812368047637623,1.1739238085649506,1.107960200263417,106
bee,0.8154664343004981,1.2012918058288875,1.0961625519989635,106
fly,0.7977131919186433,1.1852767326609974,1.0970507675898897,106
mouse,0.7227083527130823,1.1048159339711667,1.003588866916218,106
rat,0.687284721038654,1.0799510283288585,1.0041203949456492,106
chipmunk,0.749784085336717,1.1468303571103686,1.1489437146424568,106
bird,0.7125031684022495,1.0737931483409942,0.0,801
cat,0.6985134056790163,1.0192089061953933,0.9983949501850387,801
dog,0.6956344326566676,0.9269403591208584,1.0100950735950691,801
horse,0.687962616687117,0.965888696108949,1.0316672293990798,801
duck,0.7673730751661514,1.178730043650054,0.9977765236570256,801
butterfly,0.8165086236297552,1.1739238085649506,1.101114064534349,801
squirrel,0.7957528654391854,1.1857650114949005,1.037804676992589,801
monkey,0.7626602529564308,1.0776578204652905,1.1222629423776502,801
ant,0.792260603371732,1.1858999298076058,1.1520835487514447,801
anteater,0.7975906993215289,1.1060189396094344,1.115923472975569,801
beetle,0.8491630870097455,1.2170299576341577,1.149478824174609,801
pig,0.7229289374528616,1.1056965981978975,1.1706602515213922,801
cow,0.7266062532564462,1.0393942981466475,1.1090797603865408,801
chicken,0.7237971438463421,1.1216453062598462,0.961245701408951,801
hen,0.7331750962421667,1.1378017011971533,0.9494141933184636,801
bull,0.8184973845536758,1.155668187508973,1.1575899837333181,801
frog,0.7550327337485048,1.0931126652960574,1.0510177239008933,801
leopard,0.7925913872890035,1.1379716320971307,0.0,802
jaguar,0.7964759429543977,1.223031024062769,1.005388071386041,802
ocelot,0.8534809056974363,1.239988553903691,1.1810374298605015,802
pigeon,0.7230412115107493,1.1202121094164363,1.1595870116642033,802
dove,0.8423546850051439,1.2189623398162457,1.174251601687604,802
dog,0.7574293931763618,0.9269403591208584,1.1468493040129226,802
cat,0.7447009142278678,1.0192089061953933,1.1468405124839476,802
lizard,0.8052926466683682,1.15827964655824,1.0944053092104182,802
chicken,0.7650301342317675,1.1216453062598462,1.2543972932185734,802
jungle fowl,0.8164550628690896,1.1682374417048385,1.1408940984475517,802
pelican,0.7817050937819296,1.1632689034345767,1.2153054694163348,802
seagull,0.7509773949373009,1.201168236694969,1.2152626297146747,802
fish,0.7213262780133143,0.9885987955423701,1.1522066150659145,802
dog,0.7409241535533502,0.9269403591208584,0.0,803
cat,0.7409670221559821,1.0192089061953933,0.8674575951584943,803
gerbil,0.7515392306977997,1.119089101232899,1.0684728492510733,803
ferret,0.7543830169138354,1.1584864674717275,1.1072546771914897,803
guinea pig,0.7678728492109993,1.0762220833286011,1.0698584479263833,803
fish,0.7122816021642929,0.9885987955423701,0.9917293707513966,803
salmon,0.8532559435591321,1.2430573796274846,1.179335444785018,803
bass,0.8332898038444961,1.181379623042275,1.1629216658362547,803
walleye,0.8180492992278905,1.2470671912649678,1.2506405586420362,803
bluegill,0.7990055197663646,1.2569128261594282,1.228835656328883,803
mouse,0.7421246365581516,1.1048159339711667,1.003588866916218,803
rat,0.702904658513316,1.0799510283288585,1.0041203949456492,803
hamster,0.7126386221145325,1.090381199521366,1.033074695302684,803
crocodile,0.7582735458796659,1.1427709632573886,1.105618772820428,803
alligator,0.7538569587178674,1.172180497123028,1.1156113719491119,803
caiman,0.8074409275379668,1.1783868556886186,1.1696234876641978,803
bat,0.7875192701348968,1.147602934549153,1.0867215047462848,803
squirrel,0.796367489681261,1.1857650114949005,1.145151989157597,803
chipmunk,0.7744461615665044,1.1468303571103686,1.1489437146424568,803
rabbit,0.7313529922383091,1.0467123341550726,0.9768018336197154,803
goldfish,0.7844689932971797,1.0680897449602824,1.0907515069809297,803
dog,0.775399570217031,0.9269403591208584,0.0,804
cat,0.7702629205147642,1.0192089061953933,0.8674575951584943,804
bird,0.7272214796963589,1.0737931483409942,1.0100950735950691,804
manta ray,0.8504694878251174,1.2897225241271832,1.2909132539129105,804
stingray,0.7890692256032475,1.221492220592515,1.17353680591612,804
tiger,0.7762451495529022,1.1369978991343088,1.1164975264568107,804
lion,0.7895132378614992,1.058551939504521,1.0955525339606704,804
zebra,0.7958930087959663,1.1176582885897683,1.1617665161541142,804
hippo,0.7970010202386442,1.1574642872180168,1.1549610192019544,804
giraffe,0.8043635735072038,1.1884427465885492,1.1766182122444033,804
whale,0.7468119560727936,1.1430481592310042,1.123968771597805,804
dolphin,0.8247908008557139,1.148120934302907,1.1609553121142218,804
kiwi,0.8724584664462812,1.2348611094577226,1.1899751367329205,804
elephant,0.7441252354992018,1.0461949098088636,1.116848090808271,804
dodo,0.8045620014562718,1.1740231310221791,1.1636806646100935,804
robin,0.8386561720995478,1.2498393598693802,1.1949968911955882,804
sparrow,0.8391485785046447,1.205875584194617,1.1762829447655132,804
pigeon,0.7809128255785565,1.1202121094164363,1.1092387430563277,804
mouse,0.8146488871404247,1.1048159339711667,1.003588866916218,804
dinosaur,0.8114188950560842,1.196026622924958,1.1783217100228494,804
fish,0.7405269422028551,0.9885987955423701,0.9917293707513966,804
bluegill,0.8521683559860286,1.2569128261594282,1.228835656328883,804
shark,0.7161412791035436,1.1805122403871113,1.0906027082873988,804
hammerhead shark,0.8251378242835985,1.2847643886927063,1.252203687722756,804
dog,0.7201982401627391,0.9269403591208584,0.0,805
cat,0.7165735056737529,1.0192089061953933,0.8674575951584943,805
lizard,0.7831816648339814,1.15827964655824,1.1159477671030007,805
goat,0.7882629813537227,1.084723785451578,1.067884247639462,805
lion,0.756028896134317,1.058551939504521,1.0955525339606704,805
tiger,0.760557835646159,1.1369978991343088,1.1164975264568107,805
bear,0.7537599525794237,1.123889483266586,1.033089316171676,805
fish,0.7743166397851525,0.9885987955423701,0.9917293707513966,805
cheetah,0.7626595166357927,1.1395872374057958,1.1469516023240474,805
ape,0.8132818464787029,1.156598483866005,1.1306036503677557,805
pig,0.7502242020490804,1.1056965981978975,1.0471492139633691,805
cow,0.7408833868972289,1.0393942981466475,1.0414556531936192,805
raccoon,0.8226364310786868,1.1692551007961864,1.1851123483024555,805
owl,0.8030879255439686,1.1809265024824427,1.1643323785030264,805
ram,0.8777636106888206,1.1975310995478967,1.1885276718237814,805
koala,0.809338865953467,1.1895973867495286,1.1767929298903161,805
snake,0.7466728185963554,1.1086529518216863,1.0457062768666496,805
kangaroo,0.7506502408860913,1.1105409242026874,0.0,806
octopus,0.7928536396885285,1.1974860366461029,1.0961690712823,806
dog,0.7732146177002155,0.9269403591208584,1.1355565075125476,806
cat,0.784091725260932,1.0192089061953933,1.1281526201047334,806
bird,0.7845922013510852,1.0737931483409942,1.140090992000259,806
penguin,0.7756502226224584,1.1562000207801095,1.0354972428309017,806
flamingo,0.8244816047935982,1.200739366653492,1.14378483991228,806
emu,0.8236492536697134,1.2954851196862718,1.0320414508074383,806
koala,0.7796793406143326,1.1895973867495286,0.8709790182920916,806
polar bear,0.7762645825852147,1.1610228591656826,1.0793208699863743,806
rat,0.7863675295547592,1.0799510283288585,1.1751490054546734,806
grizzly bear,0.7504553741015655,1.1414378484723573,1.0728481909511685,806
moose,0.7886538935988601,1.1649762820012772,1.0888594233775946,806
clownfish,0.8590911236321018,1.1987786807906564,1.247351719493728,806
pufferfish,0.8020754724526044,1.1777689141475423,1.1495894771509065,806
coyote,0.801620690639088,1.125675824343197,1.197378641261485,806
mountain lion,0.827843731854007,1.1676886669537843,1.1757950334726552,806
raccoon,0.7855968541277799,1.1692551007961864,1.1217465796479607,806
possum,0.7244859809448028,1.1384574350749013,1.0141412438394248,806
deer,0.7625763391380125,1.0670022123976246,1.0743691443978947,806
snake,0.7420920133667627,1.1086529518216863,1.1376706714638094,806
copperhead,0.8003758338572955,1.1514317900077085,1.1980871060223062,806
ape,0.7838117763516947,1.156598483866005,0.0,807
monkey,0.7352778256793389,1.0776578204652905,0.8081079388054273,807
orangutan,0.7604395714048201,1.1710860462469639,0.8418703897860054,807
salamander,0.8081388230834395,1.1887950155232851,1.1488073316474696,807
lizard,0.7707757196387593,1.15827964655824,1.1164693616358996,807
dog,0.7114395077409039,0.9269403591208584,1.1306036503677557,807
cat,0.7521560230274437,1.0192089061953933,1.1703648282773522,807
hamster,0.7821470501409894,1.090381199521366,1.2120233039926676,807
ferret,0.7998234447812917,1.1584864674717275,1.2378083710811967,807
sun bear,0.8029535983015358,1.1655272660208185,1.1814000289406075,807
gerbil,0.8129612130873677,1.119089101232899,1.1589260893553406,807
sheep,0.8249882236630365,1.076740531262682,1.219808530163231,807
fox,0.8433280619274293,1.1562210376241773,1.1616256778087117,807
raccoon,0.8028687393034978,1.1692551007961864,1.1596896234790162,807
opossum,0.8080614775486206,1.1629314908750732,1.2106554115641883,807
goose,0.8597519433855522,1.2294406812667837,1.1770232292670608,807
raven,0.8983883547496911,1.2406303899720232,1.2020396391523758,807
horse,0.7140028180970445,0.965888696108949,1.197524449451034,807
dog,0.7114395077409039,0.9269403591208584,1.1306036503677557,807
cow,0.768837542364538,1.0393942981466475,1.084819438862839,807
goat,0.8056230722809874,1.084723785451578,1.1693648514805992,807
polar bear,0.808807478789799,1.1610228591656826,1.2514265063143541,807
grizzly bear,0.7647767350157265,1.1414378484723573,1.1177011080700852,807
gorilla,0.7596282020034695,1.1124524595952483,0.8002201896344786,807
leopard,0.8004487446351766,1.1379716320971307,1.1556069817427546,807
antelope,0.7745337191546579,1.092199807953824,1.0798247464609625,807
crocodile,0.7800897850530185,1.1427709632573886,1.1602832269282741,807
dog,0.7565760345081395,0.9269403591208584,0.0,808
cat,0.7702652801597271,1.0192089061953933,0.8674575951584943,808
pig,0.7836309440162816,1.1056965981978975,1.0471492139633691,808
sheep,0.8148232690420192,1.076740531262682,1.121370230535433,808
llama,0.7959270069698511,1.1520927992140997,1.1060330343028217,808
maned wolf,0.7530193104074736,1.1114740628372666,1.074491459201873,808
wolf,0.7152087176679809,1.0770628836108005,0.9736121220680493,808
coyote,0.8241238103803128,1.125675824343197,1.1096463662195755,808
whale,0.7422433382500202,1.1430481592310042,1.123968771597805,808
ostrich,0.8096069548263435,1.2283689367341117,1.2319197942987306,808
giraffe,0.8170234295981476,1.1884427465885492,1.1766182122444033,808
hippo,0.7907869445659,1.1574642872180168,1.1549610192019544,808
lion,0.7628313562256485,1.058551939504521,1.0955525339606704,808
tiger,0.7763026971120972,1.1369978991343088,1.1164975264568107,808
bear,0.7832942124198524,1.123889483266586,1.033089316171676,808
panda,0.8134647683252164,1.149531493643352,1.142719214698211,808
fox,0.8548274934140815,1.1562210376241773,1.119118599041205,808
turtle,0.7680943660573097,1.1889045258357533,1.0841428655255323,808
squid,0.8200006520590754,1.2310155473584374,1.235316204228645,808
alligator,0.7726413058975663,1.172180497123028,1.1156113719491119,808
fish,0.748621808571882,0.9885987955423701,0.9917293707513966,808
pufferfish,0.7786166925696697,1.1777689141475423,1.157156418824645,808
shark,0.7191076563758968,1.1805122403871113,1.0906027082873988,808
whale shark,0.7669302788135712,1.207974128963239,1.205530951474254,808
piranha,0.8086762502753854,1.1859476003199574,1.2140338075710435,808
dog,0.7316827010579513,0.9269403591208584,0.0,809
cat,0.7310890707773614,1.0192089061953933,0.8674575951584943,809
hamster,0.7792256418669636,1.090381199521366,1.033074695302684,809
gerbil,0.8077486656007468,1.119089101232899,1.0684728492510733,809
snake,0.7549325931203933,1.1086529518216863,1.0457062768666496,809
lizard,0.7904396724104348,1.15827964655824,1.1159477671030007,809
frog,0.7718347299047957,1.0931126652960574,1.0501031932012101,809
tarantula,0.8092784709003529,1.19450023482404,1.1699356221623092,809
ant,0.8056710412062432,1.1858999298076058,1.120906543570637,809
elephant,0.7341177674735183,1.0461949098088636,1.116848090808271,809
giraffe,0.8073801830084626,1.1884427465885492,1.1766182122444033,809
lion,0.7877883373540955,1.058551939504521,1.0955525339606704,809
tiger,0.7924851802436373,1.1369978991343088,1.1164975264568107,809
blue whale,0.8097176493977285,1.180390543395469,1.1836284047155636,809
shark,0.757255251047569,1.1805122403871113,1.0906027082873988,809
fish,0.7426451889502591,0.9885987955423701,0.9917293707513966,809
dolphin,0.817865779711834,1.148120934302907,1.1609553121142218,809
stingray,0.8332572013849012,1.221492220592515,1.17353680591612,809
anteater,0.8033419414218013,1.1060189396094344,1.1380287456152216,809
bird,0.7355907871556732,1.0737931483409942,1.0100950735950691,809
seagull,0.8254706772355038,1.201168236694969,1.1753341768434082,809
butterfly,0.8227909469510287,1.1739238085649506,1.107960200263417,809
dog,0.6530030169793684,0.9269403591208584,0.0,810
cat,0.6393008529720541,1.0192089061953933,0.8674575951584943,810
horse,0.6615142716581237,0.965888696108949,0.8992994905391918,810
deer,0.7383073515707413,1.0670022123976246,1.0669601599977527,810
alligator,0.7724942417364008,1.172180497123028,1.1156113719491119,810
mouse,0.719640914651363,1.1048159339711667,1.003588866916218,810
lion,0.7253457164572958,1.058551939504521,1.0955525339606704,810
tiger,0.7268630800767996,1.1369978991343088,1.1164975264568107,810
pigeon,0.7526821475220061,1.1202121094164363,0.0,811
sparrow,0.8455683177768608,1.205875584194617,1.0402135495936498,811
chicken,0.782946910627412,1.1216453062598462,1.0638690183380068,811
crow,0.7762848744711368,1.2192807729179764,1.0116475906021698,811
dolphin,0.8038912580693753,1.148120934302907,1.171582870900916,811
pig,0.7898848069899723,1.1056965981978975,1.1344334796146311,811
cow,0.7382798244042711,1.0393942981466475,1.0916826098729375,811
donkey,0.6982925353974215,1.0837170815883463,1.1007433110108422,811
horse,0.7289637388094552,0.965888696108949,1.0485537795190274,811
monkey,0.6770750279834845,1.0776578204652905,1.1217912446628575,811
orangutan,0.7159383665859205,1.1710860462469639,1.1584680184448546,811
chimpanzee,0.6888960723211598,1.087170527798375,1.0994360118495883,811
lion,0.7655139790333879,1.058551939504521,1.1661985360486982,811
zebra,0.7694112047480047,1.1176582885897683,1.1194923324341028,811
gazelle,0.811777526978467,1.228218816866728,1.1356329540502608,811
cat,0.7985102502606473,1.0192089061953933,0.0,812
dog,0.7821559019648666,0.9269403591208584,0.8674575951584943,812
snake,0.6866509462549624,1.1086529518216863,1.0571680994100559,812
corn snake,0.805370891962367,1.2170868671505637,1.2125489150461408,812
boa,0.8419608102382152,1.2092315067826744,1.2211339281748474,812
anaconda,0.7936041709760734,1.234003772870135,1.2497753468991941,812
human,0.8798114700316598,1.0001323151978487,1.0287495757200507,812
manatee,0.7822946882846447,1.1635746390865844,1.1677648532300666,812
sperm whale,0.79950724300208,1.1938570136193318,1.2157178032996891,812
blue whale,0.830208846186968,1.180390543395469,1.1395549088359225,812
killer whale,0.7767465242442843,1.1685412268649198,1.1413356901722067,812
frog,0.7349960183264853,1.0931126652960574,1.0537703614473668,812
treefrog,0.8274743430658916,1.2795487040988898,1.2548491660469476,812
toad,0.7920663096534467,1.2052721638621182,1.1921028588898341,812
horned toad,0.8236019792688166,1.2249895778732502,1.2805998893936137,812
salamander,0.7686387728306318,1.1887950155232851,1.184238911679645,812
crawdad,0.8290452632170896,1.2947826997511318,1.187948500929592,812
clownfish,0.8210919719139195,1.1987786807906564,1.244416768857725,812
guppy,0.8168700761903523,1.2230339104244539,1.1522081926114807,812
goldfish,0.8174800440338426,1.0680897449602824,1.1326760378727587,812
parrot,0.8274014492055338,1.1556004162000015,1.1125623197056222,812
anaconda,0.7936041709760734,1.234003772870135,1.2497753468991941,812
coral,0.8726680524564921,1.2324415581802373,1.211900533593164,812
rabbit,0.7713955811430317,1.0467123341550726,0.9860531770815246,812
deer,0.8307323976201804,1.0670022123976246,1.136588276312349,812
dog,0.7444416412214893,0.9269403591208584,0.0,813
gopher,0.8571990864236684,1.2207971095364605,1.2103914454517217,813
cat,0.7498553855926573,1.0192089061953933,0.8674575951584943,813
lion,0.7435695360950887,1.058551939504521,1.0955525339606704,813
tiger,0.793859846464634,1.1369978991343088,1.1164975264568107,813
platypus,0.8105819579982105,1.1715054709027481,1.1956556374613785,813
walrus,0.7678066620036433,1.1955822088047579,1.1834481146910407,813
dolphin,0.8058590939590148,1.148120934302907,1.1609553121142218,813
parrot,0.7935493460829531,1.1556004162000015,1.093349456370945,813
parakeet,0.8359328872083044,1.1946089193588953,1.1217132597822244,813
spider,0.7642198530555567,1.1726798248185308,1.0748308005968314,813
lion,0.7435695360950887,1.058551939504521,1.0955525339606704,813
fish,0.7795649705204014,0.9885987955423701,0.9917293707513966,813
snake,0.7474087073479829,1.1086529518216863,1.0457062768666496,813
stingray,0.8358840320953701,1.221492220592515,1.17353680591612,813
mantis,0.8573160599316574,1.2764085418824547,1.222074365576409,813
butterfly,0.8187544168950033,1.1739238085649506,1.107960200263417,813
ant,0.785714176654407,1.1858999298076058,1.120906543570637,813
fire ant,0.8701720090432368,1.2080982199985386,1.2195359065249987,813
cat,0.7666657677131115,1.0192089061953933,0.0,814
dog,0.7763027227139224,0.9269403591208584,0.8674575951584943,814
snake,0.7760130744982386,1.1086529518216863,1.0571680994100559,814
lizard,0.8066817196651187,1.15827964655824,1.1278126332605123,814
ostrich,0.7893438134734773,1.2283689367341117,1.1837729606662353,814
goldfish,0.823407591825875,1.0680897449602824,1.1326760378727587,814
koi fish,0.8474348375562428,1.1187450174012847,1.179288344838492,814
lion,0.7724266120389798,1.058551939504521,1.051988795264514,814
tiger,0.7617659162900626,1.1369978991343088,1.0270121376671233,814
bear,0.7501004514728173,1.123889483266586,1.0535591492122485,814
panda,0.8071807011134551,1.149531493643352,1.1332314848529572,814
polar bear,0.741794182620166,1.1610228591656826,1.1305806262500382,814
grizzly bear,0.7514846707866387,1.1414378484723573,1.178913129639343,814
jellyfish,0.8683272920003277,1.1612795760080417,1.1982060384066289,814
sunfish,0.7808126057733994,1.1972498550260409,1.2005826557699601,814
bluegill,0.8432138817156623,1.2569128261594282,1.2333525084228472,814
kangaroo,0.7694710026026739,1.1105409242026874,1.1281526201047334,814
flamingo,0.8160278953281002,1.200739366653492,1.1800314336560256,814
penguin,0.7328787572962299,1.1562000207801095,1.094310747909636,814
squirrel,0.7890008627263512,1.1857650114949005,1.0922853473086314,814
chipmunk,0.7942989182388381,1.1468303571103686,1.1232934006191098,814
bluebird,0.7994224031071607,1.1730519493853704,1.1958266733364815,814
robin,0.8497990910949648,1.2498393598693802,1.1770259324774388,814
dog,0.7415242086955962,0.9269403591208584,0.0,815
cat,0.7302132539233651,1.0192089061953933,0.8674575951584943,815
squirrel,0.7313476910260158,1.1857650114949005,1.145151989157597,815
ferret,0.7856061940678581,1.1584864674717275,1.1072546771914897,815
tiger,0.759585718740594,1.1369978991343088,1.1164975264568107,815
lion,0.7573997704085099,1.058551939504521,1.0955525339606704,815
zebra,0.7961381148328587,1.1176582885897683,1.1617665161541142,815
giraffe,0.8026949741416005,1.1884427465885492,1.1766182122444033,815
rhino,0.7958395520765706,1.1848310376808922,1.2113231152707005,815
crocodile,0.8005478437962907,1.1427709632573886,1.105618772820428,815
hamster,0.7751143563182824,1.090381199521366,1.033074695302684,815
rat,0.7230615992012015,1.0799510283288585,1.0041203949456492,815
flamingo,0.8226948432236768,1.200739366653492,1.168386654484427,815
deer,0.8001964622288618,1.0670022123976246,1.0669601599977527,815
bull,0.8412565506302807,1.155668187508973,1.106377853192661,815
bird,0.7378374402621514,1.0737931483409942,1.0100950735950691,815
squirrel,0.7313476910260158,1.1857650114949005,1.145151989157597,815
raccoon,0.8049007335440029,1.1692551007961864,1.1851123483024555,815
monkey,0.7429109953347629,1.0776578204652905,1.0239431717162413,815
gorilla,0.7743450295511216,1.1124524595952483,1.1131189759455395,815
gerbil,0.7852344709451458,1.119089101232899,1.0684728492510733,815
cat,0.7733014989172047,1.0192089061953933,0.0,816
dog,0.7783439783699615,0.9269403591208584,0.8674575951584943,816
skunk,0.840796243749666,1.1773556800130514,1.1731801130718325,816
horse,0.7660116821296324,0.965888696108949,0.9580666073422256,816
cow,0.7958097570803613,1.0393942981466475,1.058624590599432,816
bird,0.7051312333102476,1.0737931483409942,0.9983949501850387,816
toucan,0.8547052468377442,1.2609560585356738,1.248395512354233,816
parakeet,0.8072007648876935,1.1946089193588953,1.133095939504688,816
penguin,0.7235702140623615,1.1562000207801095,1.094310747909636,816
seal,0.83100405877136,1.2073828598711756,1.2262616898959957,816
polar bear,0.788194152295187,1.1610228591656826,1.1305806262500382,816
stork,0.9055548490887537,1.292726127162646,1.3033993555963164,816
albatross,0.7928347840050298,1.2309734619403672,1.2255531565403384,816
whale,0.7565243176062608,1.1430481592310042,1.1023516351710632,816
killer whale,0.7549761686912527,1.1685412268649198,1.1413356901722067,816
narwhal,0.7685427748275916,1.166324089443743,1.1341967656430068,816
sea lion,0.7688266862662677,1.1073983190732704,1.168931664845717,816
lion,0.7532628298198016,1.058551939504521,1.051988795264514,816
tiger,0.7673751619471508,1.1369978991343088,1.0270121376671233,816
gorilla,0.7563390645771166,1.1124524595952483,1.1656578736871719,816
monkey,0.7550048760349908,1.0776578204652905,1.0166223194661992,816
ape,0.8103482530647002,1.156598483866005,1.1703648282773522,816
pelican,0.8022769571150838,1.1632689034345767,1.2311372806040208,816
flamingo,0.7876535640982426,1.200739366653492,1.1800314336560256,816
dog,0.7487029043050686,0.9269403591208584,0.0,817
cat,0.7607230139363261,1.0192089061953933,0.8674575951584943,817
okapi,0.8264570636880125,1.1197208204824545,1.1888116849518982,817
kangaroo,0.7692350140387566,1.1105409242026874,1.1355565075125476,817
pigeon,0.7962208762787102,1.1202121094164363,1.1092387430563277,817
koala,0.8083265957194624,1.1895973867495286,1.1767929298903161,817
giraffe,0.7828796081873225,1.1884427465885492,1.1766182122444033,817
aardvark,0.735321632859772,1.1650543022858948,1.1532761405328569,817
anteater,0.7551124555017593,1.1060189396094344,1.1380287456152216,817
antelope,0.7502789255651565,1.092199807953824,1.1651381687080575,817
deer,0.7485886575850704,1.0670022123976246,1.0669601599977527,817
mouse,0.7872382573486396,1.1048159339711667,1.003588866916218,817
bat,0.7594843840330892,1.147602934549153,1.0867215047462848,817
camel,0.8301599370082535,1.1599943725029038,1.1756603944983446,817
shark,0.7673500601275667,1.1805122403871113,1.0906027082873988,817
fish,0.767202241972682,0.9885987955423701,0.9917293707513966,817
ray,0.8654227574971598,1.1863809352060293,1.1551367818656406,817
sawfish,0.7926104992955626,1.143834486134327,1.1155472279109426,817
coral,0.8823780475914497,1.2324415581802373,1.2311316083309696,817
sponge,0.8697900101688049,1.253127691309013,1.2178881746668757,817
snail,0.7782574463187578,1.2004222961577098,1.115227679018503,817
bee,0.8138534102866294,1.2012918058288875,1.0961625519989635,817
wasp,0.8410042641746988,1.2289432298194916,1.1854274463870356,817
spider,0.7801245011740989,1.1726798248185308,1.0748308005968314,817
cow,0.7559227810227296,1.0393942981466475,1.0414556531936192,817
horse,0.7365271353862923,0.965888696108949,0.8992994905391918,817
dolphin,0.8220925495869518,1.148120934302907,0.0,818
alligator,0.7788775210462932,1.172180497123028,1.079773378081023,818
shark,0.73599504807185,1.1805122403871113,1.0896906800508799,818
scorpion,0.830504853518215,1.2141302043940712,1.2268334031488277,818
fish,0.7839713483985206,0.9885987955423701,1.066609012053775,818
lion,0.7953354103471947,1.058551939504521,1.1785309468498455,818
ram,0.8712814047459005,1.1975310995478967,1.2002185776462653,818
goat,0.8198846887731154,1.084723785451578,1.1423904422894986,818
raven,0.8485945848203411,1.2406303899720232,1.2132902925920321,818
weasel,0.813291534993946,1.258857413758552,1.2595687311880526,818
beaver,0.8214719612402989,1.176425965653546,1.1903430761263,818
snake,0.7721352022019671,1.1086529518216863,1.1474684116266542,818
snow goose,0.8525783398462639,1.2506661311149943,1.2488230265015976,818
ant,0.8090182035015456,1.1858999298076058,1.1193120586422978,818
beetle,0.7832353572486569,1.2170299576341577,1.2461660110184034,818
wasp,0.7937336696943919,1.2289432298194916,1.2768943389861167,818
fly,0.804613362883215,1.1852767326609974,1.1991296996264893,818
dragonfly,0.7840875553660239,1.2260335103870341,1.2469070119512469,818
lightning bug,0.8552548795761494,1.3033791687510095,1.2627996538854733,818
whale,0.7782286523439716,1.1430481592310042,1.0391858609876765,818
dog,0.6908640952654517,0.9269403591208584,0.0,819
pig,0.7753860887349531,1.1056965981978975,1.0471492139633691,819
cow,0.7508027473474792,1.0393942981466475,1.0414556531936192,819
horse,0.6788509206849552,0.965888696108949,0.8992994905391918,819
sheep,0.8353085987756558,1.076740531262682,1.121370230535433,819
bird,0.7200616561771626,1.0737931483409942,1.0100950735950691,819
shark,0.7725377513685666,1.1805122403871113,1.0906027082873988,819
fish,0.7046441423538529,0.9885987955423701,0.9917293707513966,819
bear,0.779435399980486,1.123889483266586,1.033089316171676,819
lion,0.7682127460806965,1.058551939504521,1.0955525339606704,819
tiger,0.7700279328281113,1.1369978991343088,1.1164975264568107,819
canary,0.8463626878795097,1.1954171932132125,1.1680124417370599,819
ant,0.8318402016250227,1.1858999298076058,1.120906543570637,819
ladybug,0.9090206501780573,1.2407040841779837,1.1706822141017508,819
fish,0.7046441423538529,0.9885987955423701,0.9917293707513966,819
cat,0.6957280354733024,1.0192089061953933,0.8674575951584943,819
eagle,0.7907405951972116,1.1734411780010299,1.125790730780947,819
falcon,0.8442464492609033,1.2328106437296498,1.1825570409223372,819
pig,0.7738670675579479,1.1056965981978975,0.0,820
horse,0.6968556750763786,0.965888696108949,1.0326384802541124,820
cow,0.7466395678431473,1.0393942981466475,0.9929126781291894,820
bird,0.7709772286124471,1.0737931483409942,1.1706602515213922,820
sheep,0.8110187317324905,1.076740531262682,1.0633908367127953,820
lamb,0.8143873664844605,1.1388038401363187,1.0810797530254725,820
fish,0.7524066043785833,0.9885987955423701,1.1104264991243766,820
dog,0.7357466844222649,0.9269403591208584,1.0471492139633691,820
cat,0.7386695105800838,1.0192089061953933,1.025668791385112,820
monkey,0.7283908076605663,1.0776578204652905,1.050963062069557,820
bear,0.7999848358174492,1.123889483266586,1.1404842350961315,820
tiger,0.7628261601183421,1.1369978991343088,1.1009316096861084,820
jaguar,0.824972043566678,1.223031024062769,1.1654512771657963,820
leopard,0.7857396811360914,1.1379716320971307,1.0981988985589832,820
lion,0.7217654716100803,1.058551939504521,1.1524499089926366,820
hippo,0.8023708646283639,1.1574642872180168,1.1104707494126416,820
hyena,0.8304506746718961,1.1195802588076653,1.2208919742502131,820
snake,0.7895571759967942,1.1086529518216863,1.1276655774055395,820
bird,0.7709772286124471,1.0737931483409942,1.1706602515213922,820
ostrich,0.8049672575740436,1.2283689367341117,1.1525061507939165,820
shrimp,0.8610555247147275,1.2163904981538947,1.1683067612229743,820
crab,0.8323619331601255,1.2101634255908607,1.21133361679889,820
lobster,0.8788667784373329,1.23174696520555,1.2212393317481711,820
horse,0.6968556750763786,0.965888696108949,1.0326384802541124,820
llama,0.7741299784259597,1.1520927992140997,1.1302710260513096,820
alpaca,0.8261413828425932,1.1749418382249637,1.1966479085049886,820
camel,0.8095718163499898,1.1599943725029038,1.0853208290033094,820
cheetah,0.7748494728494697,1.1395872374057958,1.1242424675732532,820
lion,0.7217654716100803,1.058551939504521,1.1524499089926366,820
ape,0.8237823459667101,1.156598483866005,1.1064904406204343,820
monkey,0.7283908076605663,1.0776578204652905,1.050963062069557,820
cow,0.741058298443731,1.0393942981466475,0.0,821
pig,0.7374466413355687,1.1056965981978975,0.9929126781291894,821
dog,0.70480239483954,0.9269403591208584,1.0414556531936192,821
horse,0.662556222232292,0.965888696108949,0.9447555067617948,821
cat,0.7067802763147298,1.0192089061953933,1.058624590599432,821
sheep,0.7827214441068258,1.076740531262682,1.0111073449884085,821
rabbit,0.7403784704743979,1.0467123341550726,1.1007077925301454,821
muskrat,0.7659129707092839,1.17414527403126,1.1105005520360318,821
catfish,0.8104368589281922,1.1263432803667268,1.1507586712403948,821
goldfish,0.8228850915560304,1.0680897449602824,1.1553720123656366,821
bull,0.8070386985606308,1.155668187508973,0.9221013940128138,821
goat,0.7635841690200845,1.084723785451578,1.0523352474918644,821
mouse,0.7669593635465528,1.1048159339711667,1.1236854647071952,821
rat,0.6763466478141,1.0799510283288585,1.09668285854152,821
ant,0.8322935033392952,1.1858999298076058,1.1451282418377187,821
cricket,0.8497456133904621,1.1776188138156456,1.1681974698562676,821
human,0.8179186388470449,1.0001323151978487,1.118171859758349,821
seagull,0.8284120007661114,1.201168236694969,1.2346461654045642,821
goose,0.8013795863859265,1.2294406812667837,1.1765477814989451,821
swan,0.8285949510543611,1.2232295314254824,1.22632356261294,821
dog,0.7651762038531611,0.9269403591208584,0.0,822
cat,0.7609265450913424,1.0192089061953933,0.8674575951584943,822
lion,0.7473007021662671,1.058551939504521,1.0955525339606704,822
turtle,0.73332298529754,1.1889045258357533,1.0841428655255323,822
fish,0.7362436867238,0.9885987955423701,0.9917293707513966,822
gerbil,0.8263558595337226,1.119089101232899,1.0684728492510733,822
giraffe,0.7831311770865446,1.1884427465885492,1.1766182122444033,822
elephant,0.7147348758927478,1.0461949098088636,1.116848090808271,822
rhinoceros,0.7225619312116294,1.1123694359237712,1.1870219947030711,822
hippopotamus,0.761970808138141,1.1565997789751088,1.1666862854957027,822
ostrich,0.7893140021705838,1.2283689367341117,1.2319197942987306,822
bird,0.7632739644070672,1.0737931483409942,1.0100950735950691,822
toucan,0.8602324748376503,1.2609560585356738,1.2424613725024456,822
lion,0.7473007021662671,1.058551939504521,1.0955525339606704,822
bear,0.8027958034981209,1.123889483266586,1.033089316171676,822
tiger,0.7724088775421263,1.1369978991343088,1.1164975264568107,822
rat,0.7725334667816801,1.0799510283288585,1.0041203949456492,822
whale,0.7667237440434643,1.1430481592310042,1.123968771597805,822
jellyfish,0.818479897160711,1.1612795760080417,1.2127563575719373,822
stingray,0.8268483359728155,1.221492220592515,1.17353680591612,822
clownfish,0.8389599866817934,1.1987786807906564,1.201183030413229,822
swordfish,0.8353133736855543,1.259760426561614,1.2252819502038643,822
turtle,0.73332298529754,1.1889045258357533,1.0841428655255323,822
snake,0.7722223651603899,1.1086529518216863,1.0457062768666496,822
dog,0.7447758230141959,0.9269403591208584,0.0,823
cat,0.7405781764326215,1.0192089061953933,0.8674575951584943,823
hamster,0.7939278891785654,1.090381199521366,1.033074695302684,823
bunny,0.7472781992845937,1.1271975975283697,1.0109194752319464,823
lizard,0.7906020255873387,1.15827964655824,1.1159477671030007,823
snake,0.7595430966254078,1.1086529518216863,1.0457062768666496,823
turtle,0.7793470495402154,1.1889045258357533,1.0841428655255323,823
kangaroo,0.7909200593710157,1.1105409242026874,1.1355565075125476,823
zebra,0.7861345434073779,1.1176582885897683,1.1617665161541142,823
tiger,0.8075571466254395,1.1369978991343088,1.1164975264568107,823
lion,0.7912571871738617,1.058551939504521,1.0955525339606704,823
gazelle,0.8648289254756765,1.228218816866728,1.2658730297345386,823
reindeer,0.8807789301429488,1.1599143110863275,1.226677217014267,823
doe,0.8655295271695227,1.2161057290846857,1.080977834950769,823
skunk,0.8212834808776509,1.1773556800130514,1.1643919726845229,823
snail,0.8100199173856726,1.2004222961577098,1.115227679018503,823
butterfly,0.8126263984046976,1.1739238085649506,1.107960200263417,823
worm,0.8557577012879681,1.2278000384699945,1.152471988275422,823
blue jay,0.8557021635814809,1.268247245651595,1.2231592751472926,823
bird,0.7014715703801889,1.0737931483409942,1.0100950735950691,823
swan,0.8523076139997134,1.2232295314254824,1.2089058452853456,823
canary,0.8321200951588786,1.1954171932132125,1.1680124417370599,823
cardinal,0.8593496608810114,1.221053231930023,1.2184534035638714,823
parakeet,0.8027834562195397,1.1946089193588953,1.1217132597822244,823
dog,0.7108179159978844,0.9269403591208584,0.0,824
bear,0.768628965355487,1.123889483266586,1.033089316171676,824
cat,0.736821542204543,1.0192089061953933,0.8674575951584943,824
lion,0.7563290344065812,1.058551939504521,1.0955525339606704,824
cheetah,0.7720636292419996,1.1395872374057958,1.1469516023240474,824
tiger,0.7486965578385273,1.1369978991343088,1.1164975264568107,824
penguin,0.7687299177466861,1.1562000207801095,1.090240621956026,824
zebra,0.7894494825562312,1.1176582885897683,1.1617665161541142,824
gorilla,0.7762296411558838,1.1124524595952483,1.1131189759455395,824
alligator,0.7398552797996707,1.172180497123028,1.1156113719491119,824
crocodile,0.7084599022193692,1.1427709632573886,1.105618772820428,824
koala,0.791506220279628,1.1895973867495286,1.1767929298903161,824
lizard,0.7705717590187957,1.15827964655824,1.1159477671030007,824
iguana,0.7987763806373502,1.1855950697014557,1.127729597035416,824
fish,0.7482815421386665,0.9885987955423701,0.9917293707513966,824
jellyfish,0.8465841666429257,1.1612795760080417,1.2127563575719373,824
shark,0.7463568402446968,1.1805122403871113,1.0906027082873988,824
whale,0.7775087071328199,1.1430481592310042,1.123968771597805,824
dog,0.7108179159978844,0.9269403591208584,0.0,824
dog,0.701915610042928,0.9269403591208584,0.0,825
cat,0.6959805912516936,1.0192089061953933,0.8674575951584943,825
mouse,0.768347858550416,1.1048159339711667,1.003588866916218,825
rat,0.7275090917139823,1.0799510283288585,1.0041203949456492,825
muskrat,0.7800768611139892,1.17414527403126,1.1560824274510657,825
frog,0.7904555321992581,1.0931126652960574,1.0501031932012101,825
fish,0.7302734690278263,0.9885987955423701,0.9917293707513966,825
giraffe,0.8113494410104609,1.1884427465885492,1.1766182122444033,825
horse,0.6982160287226119,0.965888696108949,0.8992994905391918,825
elephant,0.7350427205773198,1.0461949098088636,1.116848090808271,825
zebra,0.7907802239552841,1.1176582885897683,1.1617665161541142,825
leopard,0.7773559818975613,1.1379716320971307,1.1468493040129226,825
cheetah,0.7673298072429539,1.1395872374057958,1.1469516023240474,825
tiger,0.7658757010491478,1.1369978991343088,1.1164975264568107,825
eagle,0.8182064595649421,1.1734411780010299,1.125790730780947,825
cockatoo,0.8048175812442953,1.207136202531527,1.1129600907244162,825
dog,0.701915610042928,0.9269403591208584,0.0,825
cat,0.6959805912516936,1.0192089061953933,0.8674575951584943,825
ferret,0.7980510915799177,1.1584864674717275,1.1072546771914897,825
goldfish,0.8118695341746862,1.0680897449602824,1.0907515069809297,825
bass,0.8720364836775147,1.181379623042275,1.1629216658362547,825
crappie,0.866012690270078,1.2727731304233627,1.2212850303123006,825
tapir,0.7765558873319232,1.118709783867061,1.1294691061526483,825
elephant,0.7350427205773198,1.0461949098088636,1.116848090808271,825
crocodile,0.7786923451380611,1.1427709632573886,1.105618772820428,825
snail,0.8082365115713475,1.2004222961577098,0.0,826
eagle,0.7937569827996206,1.1734411780010299,1.2694085137097266,826
canary,0.8339107834267107,1.1954171932132125,1.2147071856569478,826
crow,0.8117723334005871,1.2192807729179764,1.2266668499108584,826
bird,0.679645771174613,1.0737931483409942,1.1161360537609297,826
dog,0.7468722130283009,0.9269403591208584,1.115227679018503,826
cat,0.7395638878964069,1.0192089061953933,1.109442616464167,826
mouse,0.7725771802944774,1.1048159339711667,1.083083771308573,826
lizard,0.8048057394995979,1.15827964655824,1.2551597579943177,826
frog,0.7451410026016805,1.0931126652960574,1.0978096930074728,826
slug,0.7927153528432547,1.2075331924861477,0.8732179210481784,826
crane,0.8354324309126689,1.2266546887758851,1.2472238676156395,826
flamingo,0.7880928059747576,1.200739366653492,1.2265395889659505,826
egret,0.7812758469191102,1.2041166959007787,1.177663927219079,826
snake,0.7555524344449789,1.1086529518216863,1.0963441649350993,826
hippopotamus,0.8049036406905279,1.1565997789751088,1.125007216454591,826
giraffe,0.8064664495375713,1.1884427465885492,1.1857579771142206,826
lion,0.7955291719430307,1.058551939504521,1.2139903729977148,826
dog,0.7872141515064075,0.9269403591208584,0.0,827
cat,0.7835295135472934,1.0192089061953933,0.8674575951584943,827
bird,0.7590421039192734,1.0737931483409942,1.0100950735950691,827
elephant,0.7145712277966936,1.0461949098088636,1.116848090808271,827
giraffe,0.7661672254619015,1.1884427465885492,1.1766182122444033,827
gorilla,0.7771987141113966,1.1124524595952483,1.1131189759455395,827
monkey,0.7500110626265997,1.0776578204652905,1.0239431717162413,827
ostrich,0.7561442897528411,1.2283689367341117,1.2319197942987306,827
armadillo,0.8033610340105667,1.173548965191927,1.2194706180133381,827
pangolin,0.7835147584003708,1.195624282033699,1.195093781053168,827
lion,0.716709581064596,1.058551939504521,1.0955525339606704,827
puma,0.7859209157454355,1.1557666105053703,1.1726992806243057,827
cheetah,0.7088240857818691,1.1395872374057958,1.1469516023240474,827
octopus,0.7999879833292408,1.1974860366461029,1.204656380477579,827
tiger,0.7423891844649636,1.1369978991343088,1.1164975264568107,827
eagle,0.788946486588748,1.1734411780010299,1.125790730780947,827
hawk,0.8002664230706847,1.18909948871919,1.1730774014981078,827
horse,0.7501520275231424,0.965888696108949,0.8992994905391918,827
zebra,0.7624735520507758,1.1176582885897683,1.1617665161541142,827
baboon,0.698930421114005,1.1501268499293378,1.1509919839311702,827
hyena,0.773708493479045,1.1195802588076653,1.1820774582359348,827
gorilla,0.8243501947253253,1.1124524595952483,0.0,828
monkey,0.756947759836622,1.0776578204652905,0.95607547781684,828
salamander,0.8113454604373934,1.1887950155232851,1.1909539607757336,828
horse,0.6916486243627246,0.965888696108949,1.1747819327284184,828
pig,0.7456128875124827,1.1056965981978975,1.1923470375953689,828
cow,0.7561553374097453,1.0393942981466475,1.1006408802803012,828
chicken,0.7667052109063446,1.1216453062598462,1.1870456139276426,828
goat,0.7734323275814451,1.084723785451578,1.1686458998780755,828
donkey,0.7663595050431502,1.0837170815883463,1.088176526252579,828
bird,0.7341792169715655,1.0737931483409942,1.07190117765283,828
snake,0.7356160814128028,1.1086529518216863,1.1572823604129217,828
rat,0.6947021247128013,1.0799510283288585,1.15428740228155,828
mouse,0.7396890870298142,1.1048159339711667,1.1646161050586634,828
mole,0.8696754428283825,1.2172621669172776,1.2218460156935678,828
dog,0.6990115442987157,0.9269403591208584,1.1131189759455395,828
cat,0.7029332478672622,1.0192089061953933,1.1656578736871719,828
hamster,0.7664911435586412,1.090381199521366,1.1197164211299588,828
guinea pig,0.7892971950693675,1.0762220833286011,1.1352768226907548,828
spider,0.7614144391491957,1.1726798248185308,1.1728502136091958,828
fly,0.8186977802309346,1.1852767326609974,1.2608501281554674,828
bee,0.8139952389427413,1.2012918058288875,1.1837498721883148,828
wasp,0.8545856363743723,1.2289432298194916,1.1887007026723029,828
centipede,0.8715912366431562,1.2343231938555754,1.17167712611242,828
bat,0.7492875888229077,1.147602934549153,1.1643350119046603,828
dog,0.6905697329754479,0.9269403591208584,0.0,829
cat,0.6822122406392506,1.0192089061953933,0.8674575951584943,829
rabbit,0.6913602889287276,1.0467123341550726,0.9768018336197154,829
gerbil,0.7546392731200189,1.119089101232899,1.0684728492510733,829
mouse,0.6808432124633449,1.1048159339711667,1.003588866916218,829
chinchilla,0.7761589654564924,1.1626768187232164,1.1340197819991447,829
iguana,0.8289756329145705,1.1855950697014557,1.127729597035416,829
bird,0.7219834138048081,1.0737931483409942,1.0100950735950691,829
owl,0.7984789266900715,1.1809265024824427,1.1643323785030264,829
fish,0.7542047933837008,0.9885987955423701,0.9917293707513966,829
snake,0.7198669025922566,1.1086529518216863,1.0457062768666496,829
lion,0.7890052473024753,1.058551939504521,1.0955525339606704,829
bear,0.8067246658266533,1.123889483266586,1.033089316171676,829
peacock,0.8266735402037784,1.168361254856803,1.1922444114602302,829
mouse,0.6808432124633449,1.1048159339711667,1.003588866916218,829
cat,0.7518295201345097,1.0192089061953933,0.0,830
dog,0.7517387801799617,0.9269403591208584,0.8674575951584943,830
fish,0.7780590210243153,0.9885987955423701,1.038206803388522,830
frog,0.7577630154909238,1.0931126652960574,1.0537703614473668,830
duck,0.8180194426019528,1.178730043650054,1.0741752951264614,830
eagle,0.7717962391056729,1.1734411780010299,1.1497393343031173,830
zebra,0.7857930829602798,1.1176582885897683,1.1469297134943308,830
giraffe,0.8231931941780593,1.1884427465885492,1.1745012157564525,830
alligator,0.7651378419733098,1.172180497123028,1.1287528704827587,830
shark,0.7729569525176018,1.1805122403871113,1.0996689429110984,830
whale,0.8033148669976475,1.1430481592310042,1.1023516351710632,830
ladybug,0.8866029347189855,1.2407040841779837,1.2039793998343553,830
worm,0.8437336034042278,1.2278000384699945,1.1387297372606175,830
fly,0.8141524474338758,1.1852767326609974,1.0807992693723687,830
bee,0.8361789964296592,1.2012918058288875,1.1144065499215337,830
snake,0.7569421303440211,1.1086529518216863,1.0571680994100559,830
hawk,0.8000717882230137,1.18909948871919,1.2080375294643475,830
vulture,0.8303878717874054,1.2127792554949421,1.2273335026362275,830
elephant,0.7569765027799136,1.0461949098088636,1.0988771715258037,830
panda,0.8424902159353872,1.149531493643352,1.1332314848529572,830
panther,0.7598995706249726,1.1254029329238397,1.0065949755262171,830
wolf,0.7461687643269963,1.0770628836108005,1.0534889515561048,830
mountain lion,0.8407833167067839,1.1676886669537843,1.1064468933196632,830
fox,0.8323188500417866,1.1562210376241773,1.1291642861175204,830
antelope,0.7733600135548561,1.092199807953824,1.177927896742471,830
deer,0.7752883188507996,1.0670022123976246,1.136588276312349,830
turtle,0.7757149752694159,1.1889045258357533,1.0991275841268757,830
toad,0.8302096998126386,1.2052721638621182,1.1921028588898341,830
owl,0.7696509144043214,1.1809265024824427,1.1313287103127012,830
cat,0.7578008787968697,1.0192089061953933,0.0,831
dog,0.7666369577133201,0.9269403591208584,0.8674575951584943,831
tiger,0.7513359779061013,1.1369978991343088,1.0270121376671233,831
lion,0.6805794548877584,1.058551939504521,1.051988795264514,831
pig,0.8090110806671694,1.1056965981978975,1.025668791385112,831
sheep,0.8232242208541118,1.076740531262682,1.1476769254451624,831
cow,0.7822884607996413,1.0393942981466475,1.058624590599432,831
bird,0.781787303616109,1.0737931483409942,0.9983949501850387,831
eagle,0.8003013864124944,1.1734411780010299,1.1497393343031173,831
lion,0.6805794548877584,1.058551939504521,1.051988795264514,831
cheetah,0.778197425917878,1.1395872374057958,1.10568407721678,831
whale,0.7483509719619857,1.1430481592310042,1.1023516351710632,831
dolphin,0.8079206118406169,1.148120934302907,1.1671267322870036,831
fish,0.7631523667622373,0.9885987955423701,1.038206803388522,831
seal,0.8474249790454795,1.2073828598711756,1.2262616898959957,831
sea lion,0.710099911901502,1.1073983190732704,1.168931664845717,831
shark,0.7610475969432818,1.1805122403871113,1.0996689429110984,831
badger,0.8400875644944145,1.2118156746578124,1.2106745784079163,831
honey badger,0.8080069197207954,1.1651304791470407,1.2041666745299346,831
grasshopper,0.8714678228596772,1.226238483787997,1.2031122946977229,831
penguin,0.7564073339313728,1.1562000207801095,1.094310747909636,831
giraffe,0.7995956052476431,1.1884427465885492,1.1745012157564525,831
sea lion,0.710099911901502,1.1073983190732704,1.168931664845717,831
dog,0.698179799978357,0.9269403591208584,0.0,832
cat,0.6982480791828393,1.0192089061953933,0.8674575951584943,832
fish,0.7475472021029502,0.9885987955423701,0.9917293707513966,832
pig,0.7832885502978615,1.1056965981978975,1.0471492139633691,832
cow,0.7336716520357676,1.0393942981466475,1.0414556531936192,832
horse,0.6919848307737297,0.965888696108949,0.8992994905391918,832
chicken,0.7466476006816299,1.1216453062598462,1.0464362366754159,832
bear,0.7403823607733396,1.123889483266586,1.033089316171676,832
lion,0.7703694403565274,1.058551939504521,1.0955525339606704,832
tiger,0.7549933083785226,1.1369978991343088,1.1164975264568107,832
koala,0.8232383995313577,1.1895973867495286,1.1767929298903161,832
giraffe,0.8192055279699001,1.1884427465885492,1.1766182122444033,832
polar bear,0.759951556826891,1.1610228591656826,1.1285885632302763,832
bird,0.7537651018982756,1.0737931483409942,1.0100950735950691,832
snake,0.7476749431892898,1.1086529518216863,1.0457062768666496,832
iguana,0.79711960026448,1.1855950697014557,1.127729597035416,832
lizard,0.7743469079153,1.15827964655824,1.1159477671030007,832
dog,0.7215211343308965,0.9269403591208584,0.0,833
cat,0.6951647207083076,1.0192089061953933,0.8674575951584943,833
mouse,0.7884631935231752,1.1048159339711667,1.003588866916218,833
tiger,0.729952637985317,1.1369978991343088,1.1164975264568107,833
penguin,0.7505068184722675,1.1562000207801095,1.090240621956026,833
giraffe,0.763789576801756,1.1884427465885492,1.1766182122444033,833
elephant,0.6955077625487317,1.0461949098088636,1.116848090808271,833
lion,0.6942901824465832,1.058551939504521,1.0955525339606704,833
horse,0.7076501601937396,0.965888696108949,0.8992994905391918,833
donkey,0.7691891230057128,1.0837170815883463,1.077910915857676,833
meerkat,0.7164332280654387,1.0467364694498842,1.1053184370792812,833
cheetah,0.751108855477477,1.1395872374057958,1.1469516023240474,833
polar bear,0.7746782502561382,1.1610228591656826,1.1285885632302763,833
dog,0.7104305729154846,0.9269403591208584,0.0,834
cat,0.7020808340394031,1.0192089061953933,0.8674575951584943,834
cow,0.7144810770370879,1.0393942981466475,1.0414556531936192,834
chicken,0.7665842969742226,1.1216453062598462,1.0464362366754159,834
pig,0.7398124045282354,1.1056965981978975,1.0471492139633691,834
lion,0.7542716513485943,1.058551939504521,1.0955525339606704,834
zebra,0.8116093920752453,1.1176582885897683,1.1617665161541142,834
elephant,0.7254174585622188,1.0461949098088636,1.116848090808271,834
moose,0.7707382275378495,1.1649762820012772,1.13924183367507,834
deer,0.7438218677290401,1.0670022123976246,1.0669601599977527,834
rat,0.7087947754162484,1.0799510283288585,1.0041203949456492,834
tiger,0.7630106109759642,1.1369978991343088,1.1164975264568107,834
fish,0.7637581568906794,0.9885987955423701,0.9917293707513966,834
groundhog,0.879259175898626,1.279876704496099,1.2207238004756773,834
possum,0.7826741115562748,1.1384574350749013,1.1481974911014174,834
horse,0.6667961642635329,0.965888696108949,0.8992994905391918,834
dog,0.7548237759229712,0.9269403591208584,0.0,835
human,0.8111301709055565,1.0001323151978487,0.9932881738980344,835
ape,0.7954646764578795,1.156598483866005,1.1306036503677557,835
insect,0.8175311478026163,1.0684983491783304,1.0648826180460633,835
spider,0.7975861739464132,1.1726798248185308,1.0748308005968314,835
elephant,0.7123725502569758,1.0461949098088636,1.116848090808271,835
tiger,0.7456469744859545,1.1369978991343088,1.1164975264568107,835
moonglow boa,0.9318863116987646,1.241843077435894,1.260104182172862,835
monkey,0.7467053214243674,1.0776578204652905,1.0239431717162413,835
white tiger,0.7817271955818053,1.1840796360708474,1.167581000784867,835
bird,0.7328615825160197,1.0737931483409942,1.0100950735950691,835
mockingjay,0.9432220864040173,1.2966843917116935,1.2939307668187443,835
peacock,0.7709841595010144,1.168361254856803,1.1922444114602302,835
whale,0.7702658371939489,1.1430481592310042,1.123968771597805,835
fish,0.7216360783933062,0.9885987955423701,0.9917293707513966,835
tuna,0.8312054245659295,1.2746542241124243,1.2289782703539538,835
cod,0.8725289840691458,1.1811573284760393,1.2061332454882436,835
giraffe,0.8070954163544274,1.1884427465885492,1.1766182122444033,835
bonobo,0.8172692372860801,1.0554021313454163,0.0,837
orangutan,0.7393405699897516,1.1710860462469639,0.9345948734043144,837
chimpanzee,0.732537379733774,1.087170527798375,0.852547334188118,837
monkey,0.7273198557991911,1.0776578204652905,1.0342177039728617,837
whale,0.7856716631805224,1.1430481592310042,1.1975897008443273,837
dolphin,0.7935046681749244,1.148120934302907,1.0806525883724132,837
tuna,0.8324365270163755,1.2746542241124243,1.2506811222956942,837
goldfish,0.8335214993208426,1.0680897449602824,1.2259078129035217,837
salmon,0.7878000857930417,1.2430573796274846,1.172877322600047,837
trout,0.8691083153316943,1.2848508722714065,1.2303047158346907,837
tuna,0.8324365270163755,1.2746542241124243,1.2506811222956942,837
gorilla,0.7436479559948874,1.1124524595952483,1.0874088297526519,837
giraffe,0.7915028234789838,1.1884427465885492,1.1437556118544907,837
rhino,0.7961934802040311,1.1848310376808922,1.1353404875216726,837
cheetah,0.7473165295456131,1.1395872374057958,1.1816370857394995,837
lion,0.7479823340379554,1.058551939504521,1.1265467469351274,837
leopard,0.7626567541860119,1.1379716320971307,1.2231828549928578,837
panther,0.717915088537239,1.1254029329238397,1.1929738902021665,837
dog,0.7822867686725321,0.9269403591208584,1.173035393444608,837
cat,0.7662830688246495,1.0192089061953933,1.197154208049269,837
panther,0.717915088537239,1.1254029329238397,1.1929738902021665,837
pig,0.7988203151863758,1.1056965981978975,1.2374593683100514,837
horse,0.7734801352219762,0.965888696108949,1.1749870369334212,837
elephant,0.7194011122786339,1.0461949098088636,1.0999061702810933,837
panda,0.7890782310425593,1.149531493643352,0.0,838
red panda,0.8226168434061651,1.178595548641194,0.5821262592226837,838
fox,0.7929516829009313,1.1562210376241773,1.1714441589900977,838
wolf,0.7369777160554055,1.0770628836108005,1.1108170169947162,838
lion,0.7289259927783571,1.058551939504521,1.099691031502979,838
tiger,0.7430085707492542,1.1369978991343088,1.0689931867725155,838
monkey,0.7334491370544328,1.0776578204652905,1.0636971966082538,838
snake,0.7747680156018502,1.1086529518216863,1.2107509177954412,838
horse,0.7121297380325505,0.965888696108949,1.1568625036029943,838
chicken,0.7576748835302262,1.1216453062598462,1.1652131690670786,838
pig,0.7976841891802545,1.1056965981978975,1.1285402505207172,838
mouse,0.7864449248299844,1.1048159339711667,1.2245170538245809,838
cat,0.7121771112024141,1.0192089061953933,1.1332314848529572,838
dog,0.7214389995563427,0.9269403591208584,1.142719214698211,838
rabbit,0.7289782689044163,1.0467123341550726,1.1510724042815796,838
mountain lion,0.8060852032310992,1.1676886669537843,1.1689091460793737,838
sheep,0.8112440910400035,1.076740531262682,1.1899661208269758,838
eagle,0.7764132860639761,1.1734411780010299,1.2073145478911025,838
bluebird,0.829779108239433,1.1730519493853704,1.2020225695761375,838
blue jay,0.8821892119352117,1.268247245651595,1.1893388741262392,838
crow,0.8126227258932832,1.2192807729179764,1.1503791911909345,838
lion,0.7409097993848102,1.058551939504521,0.0,839
tiger,0.752506337717805,1.1369978991343088,0.9708151297324147,839
bear,0.6907334950643121,1.123889483266586,1.0089698765673085,839
zebra,0.795071188266672,1.1176582885897683,1.0515769528469654,839
cat,0.7540860425828986,1.0192089061953933,1.051988795264514,839
dog,0.7463517226512187,0.9269403591208584,1.0955525339606704,839
polar bear,0.7109985965101253,1.1610228591656826,1.0450181527337532,839
grizzly bear,0.719392924320592,1.1414378484723573,1.0421026528561843,839
black bear,0.7381042324106561,1.131171484880373,1.0746521302246945,839
brown bear,0.7826034375702425,1.1885268485171616,1.0874369156539532,839
fish,0.7756867519126531,0.9885987955423701,1.1647911954586816,839
shark,0.7780591360093965,1.1805122403871113,1.1243831357053014,839
penguin,0.762796564713601,1.1562000207801095,1.119186778607045,839
otter,0.8387490083124158,1.2263863268378068,1.132761810462184,839
seal,0.8403169382733144,1.2073828598711756,1.0997378673708647,839
hippo,0.7931964665076003,1.1574642872180168,1.09933572868942,839
pig,0.8069535293376293,1.1056965981978975,1.1524499089926366,839
horse,0.7224734817140839,0.965888696108949,1.0642645521739367,839
cow,0.7666608564383229,1.0393942981466475,1.1724233012971674,839
llama,0.7730399023236842,1.1520927992140997,1.0899044861729714,839
alpaca,0.8224273114187651,1.1749418382249637,1.110460821929974,839
camel,0.8287018047203949,1.1599943725029038,1.1393621001304226,839
bird,0.8097505291759163,1.0737931483409942,1.1590624304700987,839
dog,0.7516864821211311,0.9269403591208584,0.0,840
cat,0.7662402296665686,1.0192089061953933,0.8674575951584943,840
snake,0.7269220713965793,1.1086529518216863,1.0457062768666496,840
turtle,0.7889563865315573,1.1889045258357533,1.0841428655255323,840
centipede,0.8363774170123217,1.2343231938555754,1.2054876249265232,840
mouse,0.7699578584155841,1.1048159339711667,1.003588866916218,840
caribou,0.8487328418612233,1.1349088633284223,1.256245141998657,840
wolf,0.7489837372397232,1.0770628836108005,0.9736121220680493,840
husky,0.8469072028696739,1.1660405585046043,0.9813718513184725,840
frog,0.7799162930669092,1.0931126652960574,1.0501031932012101,840
scorpion,0.8377091942248615,1.2141302043940712,1.165829232717538,840
grasshopper,0.8247936175916056,1.226238483787997,1.2048416022132438,840
cockroach,0.7954037305587255,1.2033915201534464,1.1746607874926587,840
black bear,0.7844178073540067,1.131171484880373,1.1140676266273708,840
polar bear,0.78906438918799,1.1610228591656826,1.1285885632302763,840
grizzly bear,0.7425822613857488,1.1414378484723573,1.1520735326417195,840
antelope,0.762373190139871,1.092199807953824,1.1651381687080575,840
deer,0.7583125041771905,1.0670022123976246,1.0669601599977527,840
tiger,0.7869888001726283,1.1369978991343088,1.1164975264568107,840
lion,0.761391803911712,1.058551939504521,1.0955525339606704,840
swordfish,0.8528396219537009,1.259760426561614,1.2252819502038643,840
gopher,0.8202302291858099,1.2207971095364605,1.2103914454517217,840
porcupine,0.7639666526891862,1.1477724757763785,1.159134627014914,840
rat,0.7626645240985301,1.0799510283288585,1.0041203949456492,840
mouse,0.7699578584155841,1.1048159339711667,1.003588866916218,840
viper,0.8392635749470259,1.3037254360685695,1.2276855984008523,840
cottonmouth,0.847990968241916,1.2083463826021719,1.147803173017084,840
giraffe,0.8219102425733623,1.1884427465885492,0.0,841
elephant,0.7326165811662321,1.0461949098088636,0.9677513033157933,841
cat,0.760818762666847,1.0192089061953933,1.1745012157564525,841
dog,0.7442310716907193,0.9269403591208584,1.1766182122444033,841
mantis,0.8699946620678476,1.2764085418824547,1.0886664959475685,841
shrimp,0.841562396801158,1.2163904981538947,1.2282577039040452,841
whale,0.7947483646160195,1.1430481592310042,1.1331629769024372,841
lion,0.7837532722988058,1.058551939504521,1.0866808861940485,841
tiger,0.7781574562202969,1.1369978991343088,1.1935868464150592,841
hyena,0.8282087585782603,1.1195802588076653,1.1169017564120143,841
dingo,0.8327450142136482,1.2660447694344825,1.2289417099497868,841
crab,0.804634143260346,1.2101634255908607,1.1677068756812123,841
scorpion,0.8268686336335523,1.2141302043940712,1.1933337413149208,841
bird,0.7560550014735008,1.0737931483409942,1.116770379599942,841
eagle,0.8023541358450579,1.1734411780010299,1.1366991001554212,841
hawk,0.8159519002629668,1.18909948871919,1.18707072884511,841
horse,0.7280038367853457,0.965888696108949,1.1008319351754714,841
cow,0.76000831168233,1.0393942981466475,1.1305682336689118,841
chicken,0.7812619501148966,1.1216453062598462,1.1854217589272973,841
pig,0.7867233985658697,1.1056965981978975,1.2035025953841894,841
goat,0.8002037004542875,1.084723785451578,1.1186801634739136,841
snake,0.7497084177530013,1.1086529518216863,1.192600083926896,841
cricket,0.8428304514198122,1.1776188138156456,1.248767770931803,841
frog,0.7596082452468284,1.0931126652960574,1.200550576133279,841
salamander,0.7786879126256531,1.1887950155232851,1.2583074314786662,841
crocodile,0.7502138152415875,1.1427709632573886,1.230526652914991,841
alligator,0.7482408179434648,1.172180497123028,1.194570156983245,841
armadillo,0.8115477867067323,1.173548965191927,1.0952867830203752,841
anteater,0.7863203382854337,1.1060189396094344,1.0754127153927822,841
dog,0.7364734498133902,0.9269403591208584,0.0,842
cat,0.7255201631383145,1.0192089061953933,0.8674575951584943,842
spider,0.7614114604869818,1.1726798248185308,1.0748308005968314,842
ant,0.7749098951149931,1.1858999298076058,1.120906543570637,842
centipede,0.8692188239671029,1.2343231938555754,1.2054876249265232,842
penguin,0.7996912114880945,1.1562000207801095,1.090240621956026,842
dinosaur,0.8195242724316117,1.196026622924958,1.1783217100228494,842
tiger,0.7926337114579779,1.1369978991343088,1.1164975264568107,842
lion,0.7830855617163597,1.058551939504521,1.0955525339606704,842
horse,0.7007844879925098,0.965888696108949,0.8992994905391918,842
mouse,0.7760687021563385,1.1048159339711667,1.003588866916218,842
hamster,0.7816385409887369,1.090381199521366,1.033074695302684,842
gerbil,0.8023780662020943,1.119089101232899,1.0684728492510733,842
guinea pig,0.7697394034630092,1.0762220833286011,1.0698584479263833,842
pig,0.7251323333719164,1.1056965981978975,1.0471492139633691,842
hog,0.7873654514565689,1.176233068759461,1.1225571711960376,842
boar,0.8053900170752116,1.2381057547039065,1.2476327672319683,842
bat,0.760444162961534,1.147602934549153,1.0867215047462848,842
whale,0.7995629736104336,1.1430481592310042,1.123968771597805,842
rhino,0.8039492194404347,1.1848310376808922,1.2113231152707005,842
gopher,0.8452994581927555,1.2207971095364605,1.2103914454517217,842
camel,0.8242402569752012,1.1599943725029038,1.1756603944983446,842
lion,0.7866040551021206,1.058551939504521,0.0,843
tiger,0.8060486688622056,1.1369978991343088,0.9708151297324147,843
bear,0.8207726309257031,1.123889483266586,1.0089698765673085,843
cat,0.7889330465008318,1.0192089061953933,1.051988795264514,843
turtle,0.7542625139362437,1.1889045258357533,1.1404357202803832,843
flamingo,0.7947238503683317,1.200739366653492,1.1323941807828384,843
shark,0.7544991193617513,1.1805122403871113,1.1243831357053014,843
octopus,0.7534744166858335,1.1974860366461029,1.0964544187128706,843
clam,0.7897859025995474,1.230810164661928,1.251620863760718,843
lobster,0.7985841455312263,1.23174696520555,1.1879732929306324,843
dolphin,0.8109586197411089,1.148120934302907,1.1785309468498455,843
alligator,0.7446860571447059,1.172180497123028,1.1546337734723477,843
bird,0.7800050643922085,1.0737931483409942,1.1590624304700987,843
pterodactyl,0.7795788720069,1.2522120452150551,1.1918007712326746,843
dinosaur,0.7564815506689373,1.196026622924958,1.186649418623506,843
amphibian,0.7869456889131045,1.1055810584470667,1.1795369262006878,843
crab,0.7484808408769454,1.2101634255908607,1.1848611587217368,843
shrimp,0.7796438059368925,1.2163904981538947,1.203541775260966,843
elephant,0.7166045020591638,1.0461949098088636,0.994507647791182,843
dog,0.7516268405823567,0.9269403591208584,0.0,844
cat,0.7514754228169629,1.0192089061953933,0.8674575951584943,844
penguin,0.7780009241511204,1.1562000207801095,1.090240621956026,844
pig,0.7490629224872062,1.1056965981978975,1.0471492139633691,844
rhino,0.797418025485806,1.1848310376808922,1.2113231152707005,844
zebra,0.7780697257433365,1.1176582885897683,1.1617665161541142,844
leopard,0.7828080620960887,1.1379716320971307,1.1468493040129226,844
cheetah,0.7550502486539639,1.1395872374057958,1.1469516023240474,844
tiger,0.7644855265564242,1.1369978991343088,1.1164975264568107,844
deer,0.7573955106195853,1.0670022123976246,1.0669601599977527,844
bear,0.796105839725466,1.123889483266586,1.033089316171676,844
moose,0.7717443614699545,1.1649762820012772,1.13924183367507,844
elephant,0.717514520015621,1.0461949098088636,1.116848090808271,844
giraffe,0.7872321689561945,1.1884427465885492,1.1766182122444033,844
hippo,0.7926955224856892,1.1574642872180168,1.1549610192019544,844
hyena,0.8217186864436001,1.1195802588076653,1.1820774582359348,844
snake,0.7779232618571567,1.1086529518216863,1.0457062768666496,844
horse,0.7045532831452691,0.965888696108949,0.8992994905391918,844
sheep,0.8119906053095685,1.076740531262682,1.121370230535433,844
cow,0.7412099525358108,1.0393942981466475,1.0414556531936192,844
pig,0.7490629224872062,1.1056965981978975,1.0471492139633691,844
chicken,0.7949565648929453,1.1216453062598462,1.0464362366754159,844
eagle,0.8054098054646792,1.1734411780010299,1.125790730780947,844
crow,0.8416338273914378,1.2192807729179764,1.187988052991642,844
bird,0.7756483527379462,1.0737931483409942,1.0100950735950691,844
hedgehog,0.8120045539562832,1.1815866432768223,1.1512949575496658,844
groundhog,0.8691518210843444,1.279876704496099,1.2207238004756773,844
beaver,0.8147480830370732,1.176425965653546,1.1643484850693346,844
dog,0.7112910023157135,0.9269403591208584,0.0,845
cat,0.7143737918098172,1.0192089061953933,0.8674575951584943,845
shark,0.7666842408612239,1.1805122403871113,1.0906027082873988,845
mouse,0.7834460146205728,1.1048159339711667,1.003588866916218,845
lion,0.7297942399453716,1.058551939504521,1.0955525339606704,845
giraffe,0.7865340633622927,1.1884427465885492,1.1766182122444033,845
chimpanzee,0.7597855995332115,1.087170527798375,1.1401558736364064,845
tiger,0.7568497308313843,1.1369978991343088,1.1164975264568107,845
gorilla,0.7513181760686926,1.1124524595952483,1.1131189759455395,845
horse,0.7185846490212688,0.965888696108949,0.8992994905391918,845
polar bear,0.7851517508466285,1.1610228591656826,1.1285885632302763,845
lizard,0.7936784682726861,1.15827964655824,1.1159477671030007,845
fish,0.7449544389225966,0.9885987955423701,0.9917293707513966,845
gazelle,0.8652147458980617,1.228218816866728,1.2658730297345386,845
dog,0.7657957259759167,0.9269403591208584,0.0,846
cat,0.7561422799681096,1.0192089061953933,0.8674575951584943,846
canary,0.8558054787434523,1.1954171932132125,1.1680124417370599,846
crow,0.8202779896179702,1.2192807729179764,1.187988052991642,846
eagle,0.8043345914895206,1.1734411780010299,1.125790730780947,846
cow,0.7899481088473711,1.0393942981466475,1.0414556531936192,846
pig,0.7920684410009963,1.1056965981978975,1.0471492139633691,846
jaguar,0.7980902253897956,1.223031024062769,1.1971249054468265,846
cheetah,0.7768785432496661,1.1395872374057958,1.1469516023240474,846
rooster,0.7930491840318727,1.1265732474521417,1.093734448172408,846
llama,0.8036810664646449,1.1520927992140997,1.1060330343028217,846
frog,0.7984373536975472,1.0931126652960574,1.0501031932012101,846
fish,0.7515647931323842,0.9885987955423701,0.9917293707513966,846
shark,0.7670078114383739,1.1805122403871113,1.0906027082873988,846
dolphin,0.8248505681867258,1.148120934302907,1.1609553121142218,846
starfish,0.8169391154025126,1.201700587530752,1.1733402246176,846
clam,0.8292083609150604,1.230810164661928,1.173329494235701,846
oyster,0.8544031060905873,1.2686171280964238,1.2289532697495338,846
horseshoe crab,0.8873252087239468,1.2786194012891083,1.2553905415830175,846
osprey,0.8469633117613177,1.1794361778279843,1.2266376508036911,846
leech,0.8801154883341291,1.2987446731337002,1.2650711052742674,846
grasshopper,0.8332349010167935,1.226238483787997,1.2048416022132438,846
beetle,0.8225876326117509,1.2170299576341577,1.1785663575345486,846
stinkbug,0.8094606981961545,1.1370332974089012,1.0605509918985905,846
lion,0.7666238473799202,1.058551939504521,1.0955525339606704,846
tiger,0.7879203983379073,1.1369978991343088,1.1164975264568107,846
bear,0.8005312666481791,1.123889483266586,1.033089316171676,846
mountain lion,0.833840051253813,1.1676886669537843,1.193936728828597,846
hedgehog,0.8142610902941155,1.1815866432768223,1.1512949575496658,846
wolverine,0.8592902172401842,1.2411632103028682,1.1976710928462468,846
monkey,0.7619366535781454,1.0776578204652905,0.0,847
elephant,0.6837584691607796,1.0461949098088636,1.0744040335030896,847
rhino,0.7771384403599978,1.1848310376808922,1.1773358345092626,847
dog,0.7871920470088242,0.9269403591208584,1.0239431717162413,847
cat,0.7896193092797226,1.0192089061953933,1.0166223194661992,847
otter,0.8401236545746016,1.2263863268378068,1.214590295290196,847
manatee,0.7707217981948842,1.1635746390865844,1.1577812103060254,847
shark,0.7881766913590414,1.1805122403871113,1.0828250374736574,847
bengal tiger,0.7769266626324872,1.2006698426589315,1.1055855471244362,847
lion,0.7378938115872531,1.058551939504521,0.9834021462067235,847
african elephant,0.7520723300258659,1.1020674112142936,1.108469514729096,847
asian elephant,0.7515664021589763,1.151441212246488,1.1065213988243323,847
woolly mammoth,0.8283659561519985,1.2834121531411762,1.1921674661464936,847
dinosaur,0.8057249336909432,1.196026622924958,1.1733862257793364,847
stingray,0.8516519320554744,1.221492220592515,1.2099732786074642,847
shrimp,0.8790445667056886,1.2163904981538947,1.206544603767255,847
siberian cat,0.7898928259077144,1.1757276284391627,1.1177114432561988,847
husky,0.8265612565966265,1.1660405585046043,1.2337364629855851,847
polar bear,0.7411667759723043,1.1610228591656826,1.1751348639073664,847
grizzly bear,0.7013459146279429,1.1414378484723573,1.1407190323245993,847
black bear,0.7654045689398685,1.131171484880373,1.151553413194335,847
wolf,0.7569964864502999,1.0770628836108005,1.0891175894621712,847
fox,0.877168150092331,1.1562210376241773,1.157183477606773,847
chimpanzee,0.7690035258329188,1.087170527798375,0.8294197943308982,847
gorilla,0.7536611134910334,1.1124524595952483,0.95607547781684,847
cat,0.7837941179011225,1.0192089061953933,0.0,848
mouse,0.8509875749442692,1.1048159339711667,0.9267276706433802,848
rat,0.8311623749524687,1.0799510283288585,0.9725066279320393,848
dog,0.7951644855589544,0.9269403591208584,0.8674575951584943,848
lion,0.7531149717080018,1.058551939504521,1.051988795264514,848
tiger,0.7677555207685892,1.1369978991343088,1.0270121376671233,848
bengal tiger,0.8129894751623927,1.2006698426589315,1.1005217001637544,848
polar bear,0.739359816413656,1.1610228591656826,1.1305806262500382,848
grizzly bear,0.7225252016728705,1.1414378484723573,1.178913129639343,848
sun bear,0.7860544822754226,1.1655272660208185,1.1767743335225171,848
black bear,0.7537499618336008,1.131171484880373,1.1418144986356753,848
giraffe,0.7977232065150952,1.1884427465885492,1.1745012157564525,848
bear,0.7371681902766658,1.123889483266586,1.0535591492122485,848
okapi,0.8217986721409369,1.1197208204824545,1.223853299748925,848
zebra,0.8203465594429794,1.1176582885897683,1.1469297134943308,848
deer,0.794056916868882,1.0670022123976246,1.136588276312349,848
elk,0.8010008044329213,1.0827157189117222,1.1568899863637936,848
horse,0.7758728745776349,0.965888696108949,0.9580666073422256,848
whale,0.695226472838308,1.1430481592310042,1.1023516351710632,848
blue whale,0.7464927536849288,1.180390543395469,1.1395549088359225,848
sperm whale,0.7766465956742253,1.1938570136193318,1.2157178032996891,848
humpback whale,0.7472197952630112,1.2449428676815262,1.221925169922663,848
shark,0.7150064585574997,1.1805122403871113,1.0996689429110984,848
hammerhead shark,0.8093622566963617,1.2847643886927063,1.2559593831453246,848
great white shark,0.7416166040382653,1.2070568813897746,1.1416602514800371,848
whale shark,0.6996359445145395,1.207974128963239,1.1863177217804124,848
orca,0.7603746201971856,1.1716034032607816,1.1926215655193773,848
dolphin,0.8236624366010086,1.148120934302907,1.1671267322870036,848
jellyfish,0.8310159859391067,1.1612795760080417,1.1982060384066289,848
goldfish,0.8374513761144536,1.0680897449602824,1.1326760378727587,848
giraffe,0.7909690779826626,1.1884427465885492,0.0,849
zebra,0.7640567186577116,1.1176582885897683,1.046066512920382,849
cat,0.7435992298765086,1.0192089061953933,1.1745012157564525,849
parrot,0.7619623688659878,1.1556004162000015,1.1182204364954937,849
dog,0.7535654066386533,0.9269403591208584,1.1766182122444033,849
bunny,0.7875079414726502,1.1271975975283697,1.1789532665137288,849
bird,0.7296715275272062,1.0737931483409942,1.116770379599942,849
snake,0.7793719810109085,1.1086529518216863,1.192600083926896,849
jellyfish,0.8558615549072394,1.1612795760080417,1.152494269075545,849
shark,0.7703715614238322,1.1805122403871113,1.137191714772717,849
whale,0.7874488970919991,1.1430481592310042,1.1331629769024372,849
horse,0.7331936194850162,0.965888696108949,1.1008319351754714,849
platypus,0.7968284191813358,1.1715054709027481,1.0789534081299537,849
penguin,0.7420742837343509,1.1562000207801095,1.0271277664480434,849
tiger,0.767166729098028,1.1369978991343088,1.1935868464150592,849
lion,0.7664951416892887,1.058551939504521,1.0866808861940485,849
zebra,0.7640567186577116,1.1176582885897683,1.046066512920382,849
rhino,0.8100273885141505,1.1848310376808922,1.0297691933721809,849
monkey,0.7399322865898785,1.0776578204652905,1.158683011978648,849
gorilla,0.7834959339237966,1.1124524595952483,1.1070919657318044,849
flamingo,0.8048261736805208,1.200739366653492,1.081569677037537,849
owl,0.788136224202762,1.1809265024824427,1.1037149766439172,849
duck,0.7979211966421967,1.178730043650054,1.217103280040062,849
goose,0.8144246869436966,1.2294406812667837,1.1414576502190437,849
alligator,0.7820000306243727,1.172180497123028,1.194570156983245,849
crocodile,0.7629205081643835,1.1427709632573886,1.230526652914991,849
bear,0.7781591445124072,1.123889483266586,0.0,850
cheetah,0.7226170084340044,1.1395872374057958,1.165755608555651,850
snake,0.7359651894262547,1.1086529518216863,1.122773051378375,850
bobcat,0.7680125489494037,1.2051783605583608,1.2008895435697322,850
cat,0.7113553440166931,1.0192089061953933,1.0535591492122485,850
parakeet,0.8498301014261547,1.1946089193588953,1.2980615128728947,850
raccoon,0.7717038702065386,1.1692551007961864,1.1399591360922077,850
rabbit,0.7006919714333918,1.0467123341550726,1.074598826485236,850
jaguar,0.7936657521486344,1.223031024062769,1.168360157639266,850
kangaroo,0.7689767513824907,1.1105409242026874,1.083720080088026,850
dog,0.7647140016203523,0.9269403591208584,0.0,851
bird,0.7739329530025406,1.0737931483409942,1.0100950735950691,851
human,0.8601843255145192,1.0001323151978487,0.9932881738980344,851
monkey,0.7559245885849851,1.0776578204652905,1.0239431717162413,851
dragon,0.7713594841741181,1.129914086644586,1.0675961101492335,851
unicorn,0.814685430603437,1.1664242969419043,1.1910737554257702,851
griffon,0.8773616221087214,1.2530767373328948,1.166957668998492,851
cat,0.7662769927307107,1.0192089061953933,0.8674575951584943,851
turtle,0.7767357311093089,1.1889045258357533,1.0841428655255323,851
meerkat,0.766930810433487,1.0467364694498842,1.1053184370792812,851
bobcat,0.8410549278739761,1.2051783605583608,1.2161038254021095,851
lion,0.7526319181568664,1.058551939504521,1.0955525339606704,851
tiger,0.7724927720436544,1.1369978991343088,1.1164975264568107,851
walrus,0.7685203738094623,1.1955822088047579,1.1834481146910407,851
hippo,0.7786043710275281,1.1574642872180168,1.1549610192019544,851
seal,0.8611488863817965,1.2073828598711756,1.201170143751627,851
whale,0.7464468881046201,1.1430481592310042,1.123968771597805,851
killer whale,0.7663656586301164,1.1685412268649198,1.167304936772977,851
jellyfish,0.84142755647286,1.1612795760080417,1.2127563575719373,851
koi fish,0.8679407290108737,1.1187450174012847,1.1681081906024249,851
suckerfish,0.849798036310881,1.2045599209546136,1.1323440486018677,851
manatee,0.7549334338614032,1.1635746390865844,1.163096717339523,851
alligator,0.779531953784759,1.172180497123028,1.1156113719491119,851
crocodile,0.7609872615482346,1.1427709632573886,1.105618772820428,851
iguana,0.8226433958905159,1.1855950697014557,1.127729597035416,851
ostrich,0.777445234370675,1.2283689367341117,1.2319197942987306,851
ox,0.8628481613938409,1.2273385680756248,1.224697545357431,851
mule,0.8440538460758256,1.1921343044165704,1.1774969182661956,851
donkey,0.7528254330264008,1.0837170815883463,1.077910915857676,851
horse,0.7287942557681222,0.965888696108949,0.8992994905391918,851
camel,0.812141931898004,1.1599943725029038,1.1756603944983446,851
cat,0.7805832500241737,1.0192089061953933,0.0,852
dog,0.7694829331453172,0.9269403591208584,0.8674575951584943,852
iguana,0.8044593192497932,1.1855950697014557,1.1663217230645058,852
elephant,0.7061222439469496,1.0461949098088636,1.0988771715258037,852
tiger,0.7776721074286176,1.1369978991343088,1.0270121376671233,852
manatee,0.7473363746961873,1.1635746390865844,1.1677648532300666,852
lizard,0.7796652220391372,1.15827964655824,1.1278126332605123,852
penguin,0.7706251108992137,1.1562000207801095,1.094310747909636,852
hyena,0.8051612973155152,1.1195802588076653,1.2565046848622212,852
cheetah,0.7689313064077861,1.1395872374057958,1.10568407721678,852
worm,0.8563106488544147,1.2278000384699945,1.1387297372606175,852
antelope,0.7553970926360296,1.092199807953824,1.177927896742471,852
anteater,0.7653484700558175,1.1060189396094344,1.1601288910025782,852
hippo,0.7552016822491847,1.1574642872180168,1.1783087575995743,852
crocodile,0.7121177283755902,1.1427709632573886,1.1161417727257383,852
alligator,0.7224088702214652,1.172180497123028,1.1287528704827587,852
seagull,0.8324311548409022,1.201168236694969,1.1580774614289087,852
cardinal,0.8715634179731403,1.221053231930023,1.2374455752185398,852
ant,0.8000642215893878,1.1858999298076058,1.1306459791942027,852
spider,0.7840725895252807,1.1726798248185308,1.0874079010502482,852
bear,0.8119832448820085,1.123889483266586,1.0535591492122485,852
fish,0.7852332010265858,0.9885987955423701,1.038206803388522,852
shark,0.771497661924767,1.1805122403871113,1.0996689429110984,852
octopus,0.794646809840061,1.1974860366461029,1.2057813856706245,852
mosquito,0.8142459985996913,1.136471101475299,1.1892244891061259,852
dog,0.7349507310405504,0.9269403591208584,0.0,853
cat,0.7389905067289158,1.0192089061953933,0.8674575951584943,853
fish,0.6710510774986843,0.9885987955423701,0.9917293707513966,853
crab,0.7767018280853891,1.2101634255908607,1.1367809129018003,853
shark,0.7253809750812253,1.1805122403871113,1.0906027082873988,853
whale,0.7046008064127589,1.1430481592310042,1.123968771597805,853
manatee,0.7237223442630641,1.1635746390865844,1.163096717339523,853
snake,0.7613036401236335,1.1086529518216863,1.0457062768666496,853
walrus,0.7361425112818244,1.1955822088047579,1.1834481146910407,853
otter,0.8185216683359119,1.2263863268378068,1.2455502665121307,853
dog,0.7121899110260969,0.9269403591208584,0.0,854
cat,0.7008342251899995,1.0192089061953933,0.8674575951584943,854
dolphin,0.8352083955097022,1.148120934302907,1.1609553121142218,854
crocodile,0.7897257448794184,1.1427709632573886,1.105618772820428,854
sheep,0.811294556330737,1.076740531262682,1.121370230535433,854
bear,0.7922401509125572,1.123889483266586,1.033089316171676,854
pig,0.7744145172338521,1.1056965981978975,1.0471492139633691,854
cow,0.7480414427476433,1.0393942981466475,1.0414556531936192,854
cat,0.7008342251899995,1.0192089061953933,0.8674575951584943,854
insect,0.822048309659857,1.0684983491783304,1.0648826180460633,854
parakeet,0.848059670647354,1.1946089193588953,1.1217132597822244,854
rhino,0.8114056653318817,1.1848310376808922,1.2113231152707005,854
lion,0.7636464115747269,1.058551939504521,1.0955525339606704,854
giraffe,0.7818120896754922,1.1884427465885492,1.1766182122444033,854
hippo,0.7950956148635723,1.1574642872180168,1.1549610192019544,854
deer,0.7893850600465173,1.0670022123976246,1.0669601599977527,854
gazelle,0.8620772272711491,1.228218816866728,1.2658730297345386,854
meerkat,0.757430189088788,1.0467364694498842,1.1053184370792812,854
fish,0.745193136749763,0.9885987955423701,0.9917293707513966,854
goldfish,0.8239113112043089,1.0680897449602824,1.0907515069809297,854
bird,0.7495722845227892,1.0737931483409942,1.0100950735950691,854
frog,0.7664712939966762,1.0931126652960574,1.0501031932012101,854
lion,0.7443778605171183,1.058551939504521,0.0,855
zebra,0.7995870375237593,1.1176582885897683,1.0515769528469654,855
giraffe,0.8044285547110726,1.1884427465885492,1.0866808861940485,855
alligator,0.7940559670257438,1.172180497123028,1.1546337734723477,855
gazelle,0.8607702539293098,1.228218816866728,1.161469430436161,855
wildebeest,0.6929710463571794,1.0790245740817583,0.8929663764676948,855
bear,0.8020984193680913,1.123889483266586,1.0089698765673085,855
salmon,0.829078235948468,1.2430573796274846,1.2139587393568085,855
whale,0.77337533662383,1.1430481592310042,1.0943631665482314,855
squid,0.7966127642748234,1.2310155473584374,1.2375653739179773,855
octopus,0.7601268302711582,1.1974860366461029,1.0964544187128706,855
shellfish,0.8346189622473973,1.166504190537689,1.218777836902019,855
crab,0.8182494319211465,1.2101634255908607,1.1848611587217368,855
snail,0.8005617976649296,1.2004222961577098,1.2139903729977148,855
dog,0.7754987938282769,0.9269403591208584,1.0955525339606704,855
cat,0.7677357874212946,1.0192089061953933,1.051988795264514,855
mouse,0.7802451768302433,1.1048159339711667,1.1414642112403925,855
canary,0.871498299930888,1.1954171932132125,1.214396230223874,855
eagle,0.795241113973499,1.1734411780010299,1.085799519370925,855
blackbird,0.8426305936286849,1.1806224360713615,1.2377667629407345,855
crow,0.8272815668908174,1.2192807729179764,1.1291980570955873,855
lion,0.7443778605171183,1.058551939504521,0.0,855
dolphin,0.8232687474877849,1.148120934302907,1.1785309468498455,855
anglerfish,0.7858229024810748,1.17194523625965,1.1524748150125346,855
puma,0.827408739031911,1.1557666105053703,0.9915930675927035,855
rabbit,0.7749612873977454,1.0467123341550726,1.0873184465587327,855
squirrel,0.797100384925457,1.1857650114949005,1.1712347850723541,855
mole,0.8762463876584136,1.2172621669172776,1.2416002097713967,855
chipmunk,0.7839634324773209,1.1468303571103686,1.1083078796181656,855
lion,0.7474230889743001,1.058551939504521,0.0,856
tiger,0.7589814838897004,1.1369978991343088,0.9708151297324147,856
bear,0.7480324907260038,1.123889483266586,1.0089698765673085,856
monkey,0.7279290104609073,1.0776578204652905,0.9834021462067235,856
caterpillar,0.846068175506552,1.191985435712591,1.170203805812884,856
dog,0.7085856328620244,0.9269403591208584,1.0955525339606704,856
cat,0.7180027594075065,1.0192089061953933,1.051988795264514,856
german shepherd,0.8464697321973976,1.1341591065981782,1.1421439510980655,856
chicken,0.7698641847216773,1.1216453062598462,1.1329171227448296,856
goat,0.7777110389712283,1.084723785451578,1.1606408478215668,856
cow,0.731111833072475,1.0393942981466475,1.1724233012971674,856
squirrel,0.7757817218626306,1.1857650114949005,1.1712347850723541,856
deer,0.7540139313366141,1.0670022123976246,1.085236785416166,856
polar bear,0.7817286974782485,1.1610228591656826,1.0450181527337532,856
bison,0.8513731775206803,1.2104974056595734,1.1771189876838386,856
sheep,0.7902555516733148,1.076740531262682,1.1189637336655902,856
orangutan,0.8081341287217947,1.1710860462469639,1.0763045992790816,856
bird,0.7641589676294228,1.0737931483409942,1.1590624304700987,856
grasshopper,0.8543885581702019,1.226238483787997,1.1930916725670284,856
cat,0.7287262062863383,1.0192089061953933,0.0,857
dog,0.7148594524479738,0.9269403591208584,0.8674575951584943,857
lion,0.7539483256857484,1.058551939504521,1.051988795264514,857
shark,0.7415528258897605,1.1805122403871113,1.0996689429110984,857
dolphin,0.7819176674418349,1.148120934302907,1.1671267322870036,857
blue jay,0.8901525592755265,1.268247245651595,1.2435727738624784,857
fox,0.8222786955834801,1.1562210376241773,1.1291642861175204,857
monkey,0.7134063281245273,1.0776578204652905,1.0166223194661992,857
gorilla,0.7548597705008215,1.1124524595952483,1.1656578736871719,857
snake,0.7492433631347678,1.1086529518216863,1.0571680994100559,857
giraffe,0.8221451256663735,1.1884427465885492,1.1745012157564525,857
alligator,0.7694374476294059,1.172180497123028,1.1287528704827587,857
goldfish,0.8040755360439781,1.0680897449602824,1.1326760378727587,857
cat,0.7406527328875182,1.0192089061953933,0.0,858
kangaroo,0.8001971268974974,1.1105409242026874,1.1281526201047334,858
dog,0.7330792382318171,0.9269403591208584,0.8674575951584943,858
rabbit,0.7452496266462759,1.0467123341550726,0.9860531770815246,858
shark,0.7318247218786873,1.1805122403871113,1.0996689429110984,858
octopus,0.7706814538047826,1.1974860366461029,1.2057813856706245,858
cow,0.7611957199472358,1.0393942981466475,1.058624590599432,858
chicken,0.7386577300909621,1.1216453062598462,1.0119363553642762,858
rooster,0.7968689710727669,1.1265732474521417,1.0648726571002796,858
frog,0.7532589650516275,1.0931126652960574,1.0537703614473668,858
toad,0.8292109920801065,1.2052721638621182,1.1921028588898341,858
chicken,0.7386577300909621,1.1216453062598462,1.0119363553642762,858
turtle,0.7456238663836472,1.1889045258357533,1.0991275841268757,858
lizard,0.7988519220976471,1.15827964655824,1.1278126332605123,858
whale,0.784673565075554,1.1430481592310042,1.1023516351710632,858
fish,0.6995710570914487,0.9885987955423701,1.038206803388522,858
shark,0.7318247218786873,1.1805122403871113,1.0996689429110984,858
octopus,0.7706814538047826,1.1974860366461029,1.2057813856706245,858
gerbil,0.8267351149734027,1.119089101232899,1.1094487038188046,858
hamster,0.7756319962922881,1.090381199521366,1.0224020614704792,858
dolphin,0.8106824424538209,1.148120934302907,1.1671267322870036,858
starfish,0.8037425333878947,1.201700587530752,1.219757937909684,858
dog,0.7530150832798612,0.9269403591208584,0.0,859
cat,0.7549057642716434,1.0192089061953933,0.8674575951584943,859
parrot,0.7833150834441106,1.1556004162000015,1.093349456370945,859
bird,0.7402791312112799,1.0737931483409942,1.0100950735950691,859
toucan,0.8807714843836403,1.2609560585356738,1.2424613725024456,859
butterfly,0.829367082092033,1.1739238085649506,1.107960200263417,859
lizard,0.8469965378194217,1.15827964655824,1.1159477671030007,859
horse,0.7284051237529171,0.965888696108949,0.8992994905391918,859
cow,0.7643693408520039,1.0393942981466475,1.0414556531936192,859
chicken,0.7758945338656749,1.1216453062598462,1.0464362366754159,859
donkey,0.7356616068767244,1.0837170815883463,1.077910915857676,859
goose,0.8157659516013025,1.2294406812667837,1.1558221936693005,859
dolphin,0.806235822186819,1.148120934302907,1.1609553121142218,859
whale,0.758562336516545,1.1430481592310042,1.123968771597805,859
killer whale,0.7865142258985388,1.1685412268649198,1.167304936772977,859
shark,0.7524310352267377,1.1805122403871113,1.0906027082873988,859
eel,0.7817174798421932,1.252213215586595,1.1971774910162098,859
fish,0.6881886597209429,0.9885987955423701,0.9917293707513966,859
catfish,0.782183203682536,1.1263432803667268,1.1439474157824172,859
blowfish,0.7962938941022893,1.2239497444363006,1.1872871522495672,859
pufferfish,0.7640510977979602,1.1777689141475423,1.157156418824645,859
shellfish,0.8345870376807126,1.166504190537689,1.2037760601779828,859
goat,0.7958098315560267,1.084723785451578,1.067884247639462,859
lamb,0.8010851433015488,1.1388038401363187,1.10694645474148,859
donkey,0.7356616068767244,1.0837170815883463,1.077910915857676,859
elephant,0.7549467033734525,1.0461949098088636,1.116848090808271,859
zebra,0.8139966908312265,1.1176582885897683,1.1617665161541142,859
flamingo,0.8350252415206779,1.200739366653492,1.168386654484427,859
dog,0.7344589865534222,0.9269403591208584,0.0,860
cat,0.7140459813390525,1.0192089061953933,0.8674575951584943,860
bird,0.6767602002496111,1.0737931483409942,1.0100950735950691,860
parakeet,0.8045538417527707,1.1946089193588953,1.1217132597822244,860
cheetah,0.7708554311034534,1.1395872374057958,1.1469516023240474,860
lion,0.7685512911550755,1.058551939504521,1.0955525339606704,860
rhino,0.7947928804348809,1.1848310376808922,1.2113231152707005,860
frog,0.7705218952595483,1.0931126652960574,1.0501031932012101,860
gorilla,0.7834024118874825,1.1124524595952483,1.1131189759455395,860
ostrich,0.7700864093185987,1.2283689367341117,1.2319197942987306,860
lizard,0.779947525680322,1.15827964655824,1.1159477671030007,860
cow,0.764689298560091,1.0393942981466475,1.0414556531936192,860
goat,0.7970411055281131,1.084723785451578,1.067884247639462,860
chicken,0.7318035203412646,1.1216453062598462,1.0464362366754159,860
rooster,0.7598074414178823,1.1265732474521417,1.093734448172408,860
puma,0.8164388790591068,1.1557666105053703,1.1726992806243057,860
dog,0.7156200434281479,0.9269403591208584,0.0,861
cat,0.714434607203345,1.0192089061953933,0.8674575951584943,861
bird,0.6947701677041851,1.0737931483409942,1.0100950735950691,861
snake,0.7641011159454143,1.1086529518216863,1.0457062768666496,861
rabbit,0.6850555887741364,1.0467123341550726,0.9768018336197154,861
bunny,0.7459716920224966,1.1271975975283697,1.0109194752319464,861
ant,0.8328945181433899,1.1858999298076058,1.120906543570637,861
anteater,0.8037003477432145,1.1060189396094344,1.1380287456152216,861
mammoth,0.8428184038258477,1.2134265799939057,1.2396364338553183,861
sabertoothed tiger,0.8089339122892968,1.2217510599768255,1.2291706787967613,861
tiger,0.7353393665179442,1.1369978991343088,1.1164975264568107,861
lion,0.7530908286654331,1.058551939504521,1.0955525339606704,861
bird,0.6947701677041851,1.0737931483409942,1.0100950735950691,861
eagle,0.7745203620450198,1.1734411780010299,1.125790730780947,861
camel,0.8318492080952155,1.1599943725029038,1.1756603944983446,861
horse,0.6866183851480812,0.965888696108949,0.8992994905391918,861
dog,0.7230723986645173,0.9269403591208584,0.0,862
cat,0.7198813417351667,1.0192089061953933,0.8674575951584943,862
ferret,0.8101012231302772,1.1584864674717275,1.1072546771914897,862
pig,0.7638432654206025,1.1056965981978975,1.0471492139633691,862
cow,0.7465570926422501,1.0393942981466475,1.0414556531936192,862
chicken,0.7405727437975718,1.1216453062598462,1.0464362366754159,862
dolphin,0.8354338496702444,1.148120934302907,1.1609553121142218,862
gorilla,0.796159563257256,1.1124524595952483,1.1131189759455395,862
sparrow,0.8620625180991701,1.205875584194617,1.1762829447655132,862
crow,0.823991313596163,1.2192807729179764,1.187988052991642,862
frog,0.7716667365485295,1.0931126652960574,1.0501031932012101,862
mouse,0.7693318146122227,1.1048159339711667,1.003588866916218,862
rat,0.7354781334980954,1.0799510283288585,1.0041203949456492,862
horse,0.7129670188542808,0.965888696108949,0.8992994905391918,862
llama,0.7870943823028478,1.1520927992140997,1.1060330343028217,862
chicken,0.7405727437975718,1.1216453062598462,1.0464362366754159,862
giraffe,0.8076210139152438,1.1884427465885492,1.1766182122444033,862
rhinoceros,0.7760588032544318,1.1123694359237712,1.1870219947030711,862
shark,0.7961724538949126,1.1805122403871113,1.0906027082873988,862
toucan,0.8764969137865335,1.2609560585356738,1.2424613725024456,862
lemur,0.790166112698458,1.2056970111952872,1.1815618119392926,862
monkey,0.7241697601180668,1.0776578204652905,1.0239431717162413,862
dog,0.7440251673428954,0.9269403591208584,0.0,863
cat,0.7411902081651116,1.0192089061953933,0.8674575951584943,863
chicken,0.7810383748380708,1.1216453062598462,1.0464362366754159,863
cow,0.7618597598025114,1.0393942981466475,1.0414556531936192,863
giraffe,0.7972554321757749,1.1884427465885492,1.1766182122444033,863
lion,0.6839076331852231,1.058551939504521,1.0955525339606704,863
antelope,0.7394917356101255,1.092199807953824,1.1651381687080575,863
hyena,0.812041340643967,1.1195802588076653,1.1820774582359348,863
tiger,0.7416200204951798,1.1369978991343088,1.1164975264568107,863
lion,0.6839076331852231,1.058551939504521,1.0955525339606704,863
snake,0.7952587690868933,1.1086529518216863,1.0457062768666496,863
penguin,0.7780184284664234,1.1562000207801095,1.090240621956026,863
bird,0.7737709167891131,1.0737931483409942,1.0100950735950691,863
skunk,0.8290264396966732,1.1773556800130514,1.1643919726845229,863
anteater,0.811863870344914,1.1060189396094344,1.1380287456152216,863
eagle,0.7861440654496844,1.1734411780010299,1.125790730780947,863
bear,0.7482542748176316,1.123889483266586,1.033089316171676,863
polar bear,0.7748454966916272,1.1610228591656826,1.1285885632302763,863
puma,0.8023955372940718,1.1557666105053703,1.1726992806243057,863
mountain lion,0.7823888506397932,1.1676886669537843,1.193936728828597,863
ram,0.8962190100107401,1.1975310995478967,1.1885276718237814,863
bull,0.8069209937452503,1.155668187508973,1.106377853192661,863
horse,0.7084662794626437,0.965888696108949,0.8992994905391918,863
dog,0.7093627250033557,0.9269403591208584,0.0,864
cat,0.7387155979514828,1.0192089061953933,0.8674575951584943,864
snake,0.6983972067351554,1.1086529518216863,1.0457062768666496,864
gerbil,0.8268848486033855,1.119089101232899,1.0684728492510733,864
cow,0.7600510306422948,1.0393942981466475,1.0414556531936192,864
mouse,0.7589118707201,1.1048159339711667,1.003588866916218,864
deer,0.7665680513252039,1.0670022123976246,1.0669601599977527,864
pig,0.788964014297347,1.1056965981978975,1.0471492139633691,864
horse,0.7076234345366157,0.965888696108949,0.8992994905391918,864
ox,0.8935320590626173,1.2273385680756248,1.224697545357431,864
bird,0.7374983903827942,1.0737931483409942,1.0100950735950691,864
pelican,0.8360420145338248,1.1632689034345767,1.2341956803346852,864
eagle,0.7884994106553268,1.1734411780010299,1.125790730780947,864
rattlesnake,0.7686361606568802,1.1741033606432256,1.1758183949881416,864
scorpion,0.82827775766089,1.2141302043940712,1.165829232717538,864
seagull,0.8317436066333396,1.201168236694969,1.1753341768434082,864
alligator,0.7663561581226602,1.172180497123028,1.1156113719491119,864
lizard,0.8059659884406464,1.15827964655824,1.1159477671030007,864
spider,0.7685921158979773,1.1726798248185308,1.0748308005968314,864
coyote,0.7969690030595973,1.125675824343197,1.1096463662195755,864
wolf,0.7463840288129874,1.0770628836108005,0.9736121220680493,864
bear,0.8013050139336787,1.123889483266586,1.033089316171676,864
dog,0.7447266753310836,0.9269403591208584,0.0,865
zebra,0.7791506779893326,1.1176582885897683,1.1617665161541142,865
goat,0.7972589121805277,1.084723785451578,1.067884247639462,865
bat,0.7503985424984376,1.147602934549153,1.0867215047462848,865
baboon,0.7529513970208495,1.1501268499293378,1.1509919839311702,865
elephant,0.7217124559662979,1.0461949098088636,1.116848090808271,865
giraffe,0.7900551252103675,1.1884427465885492,1.1766182122444033,865
turtle,0.7632165657137759,1.1889045258357533,1.0841428655255323,865
horse,0.7191889710318632,0.965888696108949,0.8992994905391918,865
mouse,0.7828210420957304,1.1048159339711667,1.003588866916218,865
lizard,0.7706769049616841,1.15827964655824,1.1159477671030007,865
alligator,0.7675654451194699,1.172180497123028,1.1156113719491119,865
chimpanzee,0.7766313897556673,1.087170527798375,1.1401558736364064,865
bird,0.7302771976904197,1.0737931483409942,1.0100950735950691,865
owl,0.7654803732847368,1.1809265024824427,1.1643323785030264,865
groundhog,0.8683655489703604,1.279876704496099,1.2207238004756773,865
raccoon,0.792329146087787,1.1692551007961864,1.1851123483024555,865
fish,0.7794221159705312,0.9885987955423701,0.9917293707513966,865
dog,0.751504107841669,0.9269403591208584,0.0,866
cow,0.7775131690216363,1.0393942981466475,1.0414556531936192,866
elephant,0.7318135789809,1.0461949098088636,1.116848090808271,866
giraffe,0.8200471508733735,1.1884427465885492,1.1766182122444033,866
groundhog,0.8473488981603643,1.279876704496099,1.2207238004756773,866
squirrel,0.7495936280746698,1.1857650114949005,1.145151989157597,866
raccoon,0.7919280902833815,1.1692551007961864,1.1851123483024555,866
possum,0.7404264211231234,1.1384574350749013,1.1481974911014174,866
deer,0.7400555214124275,1.0670022123976246,1.0669601599977527,866
cat,0.7399262873200968,1.0192089061953933,0.8674575951584943,866
mouse,0.7710281089151392,1.1048159339711667,1.003588866916218,866
fish,0.7897719314749404,0.9885987955423701,0.9917293707513966,866
eagle,0.7836395442042176,1.1734411780010299,1.125790730780947,866
canary,0.8723694560609311,1.1954171932132125,1.1680124417370599,866
crow,0.7890281216477028,1.2192807729179764,1.187988052991642,866
bluebird,0.8130114889775102,1.1730519493853704,1.2034037502173205,866
mole,0.8717272440179753,1.2172621669172776,1.1783464745017305,866
vole,0.7660806492132779,1.1519788448088515,1.086188660220631,866
ferret,0.7956088934698279,1.1584864674717275,1.1072546771914897,866
lion,0.7748497725663822,1.058551939504521,1.0955525339606704,866
tiger,0.7809751500742943,1.1369978991343088,1.1164975264568107,866
ant,0.8055284583699859,1.1858999298076058,0.0,867
dog,0.7750369372859165,0.9269403591208584,1.120906543570637,867
cat,0.7496990480864002,1.0192089061953933,1.1306459791942027,867
squirrel,0.781637627706354,1.1857650114949005,1.0991734155480086,867
elephant,0.7263804847205263,1.0461949098088636,1.0237655198618376,867
zebra,0.8022553675209897,1.1176582885897683,1.168666386543416,867
hippo,0.7952916810697689,1.1574642872180168,1.1217338863993234,867
crocodile,0.7480991297613373,1.1427709632573886,1.1676705635179085,867
shark,0.7816124240548725,1.1805122403871113,1.166906213913442,867
sea cucumber,0.852203861443631,1.271139781092708,1.1713566932605781,867
stingray,0.8185418456028655,1.221492220592515,1.192396310319977,867
octopus,0.7963100392410487,1.1974860366461029,1.159391900942086,867
jellyfish,0.8176373810831528,1.1612795760080417,1.1075228972090627,867
bird,0.756919391077516,1.0737931483409942,1.1520835487514447,867
blue jay,0.8813177581323094,1.268247245651595,1.25808231513657,867
cardinal,0.8566361780714368,1.221053231930023,1.2085083938351975,867
hamster,0.8185167308267001,1.090381199521366,1.1722134521008256,867
mouse,0.7750210954938972,1.1048159339711667,1.1152597001622582,867
rat,0.73823353587925,1.0799510283288585,1.0978542675496021,867
beaver,0.8038724940266905,1.176425965653546,1.1506975094440448,867
crane,0.8705901276839958,1.2266546887758851,1.130818417551339,867
mink,0.7941198395953304,1.1885273404234087,1.1629854374085042,867
lion,0.7679421247723763,1.058551939504521,1.1797100017801432,867
bobcat,0.8336118159591835,1.2051783605583608,1.1994633020347905,867
panther,0.7467240342871749,1.1254029329238397,1.1570450292215386,867
jaguar,0.8223858525783507,1.223031024062769,1.2090165692224752,867
frog,0.791038102426709,1.0931126652960574,1.1641605022018278,867
lizard,0.7859104981897345,1.15827964655824,1.148855818809681,867
cat,0.7884436066298192,1.0192089061953933,0.0,868
fox,0.8168216004139736,1.1562210376241773,1.1291642861175204,868
wolf,0.7663571443022795,1.0770628836108005,1.0534889515561048,868
dog,0.7680261500132507,0.9269403591208584,0.8674575951584943,868
lemur,0.7817005342111809,1.2056970111952872,1.152864399979503,868
chimpanzee,0.7178025550852557,1.087170527798375,1.1818607875036509,868
gorilla,0.7410961682340644,1.1124524595952483,1.1656578736871719,868
orangutan,0.7373190020928925,1.1710860462469639,1.2134488238362795,868
bonobo,0.7942365471927438,1.0554021313454163,1.197154208049269,868
whale,0.7686348808243838,1.1430481592310042,1.1023516351710632,868
dolphin,0.719677655479741,1.148120934302907,1.1671267322870036,868
fish,0.7333287748173682,0.9885987955423701,1.038206803388522,868
shark,0.7576217128906204,1.1805122403871113,1.0996689429110984,868
dolphin,0.719677655479741,1.148120934302907,1.1671267322870036,868
eagle,0.807590506097956,1.1734411780010299,1.1497393343031173,868
woodpecker,0.8325177367570747,1.1698568072489115,1.1141515967565447,868
blowfish,0.791729194085543,1.2239497444363006,1.1962169966860405,868
swordfish,0.8083992195385921,1.259760426561614,1.2333458222045306,868
cat,0.7164713964582271,1.0192089061953933,0.0,869
dog,0.7106214414562761,0.9269403591208584,0.8674575951584943,869
bear,0.8087720779212383,1.123889483266586,1.0535591492122485,869
hen,0.7880194226625946,1.1378017011971533,1.030787689630363,869
elephant,0.7546765325852086,1.0461949098088636,1.0988771715258037,869
giraffe,0.8253495484679103,1.1884427465885492,1.1745012157564525,869
zebra,0.8154768940819854,1.1176582885897683,1.1469297134943308,869
tiger,0.7781106281553187,1.1369978991343088,1.0270121376671233,869
salmon,0.8480513065635664,1.2430573796274846,1.2067888004501064,869
shark,0.7675376820205642,1.1805122403871113,1.0996689429110984,869
whale,0.7790601385443637,1.1430481592310042,1.1023516351710632,869
fish,0.6915011439990495,0.9885987955423701,1.038206803388522,869
cow,0.7394430612871257,1.0393942981466475,1.058624590599432,869
pig,0.7396400911310432,1.1056965981978975,1.025668791385112,869
hawk,0.8622545836540827,1.18909948871919,1.2080375294643475,869
chicken,0.7683903163648613,1.1216453062598462,1.0119363553642762,869
bird,0.7387024580821769,1.0737931483409942,0.9983949501850387,869
insect,0.8442820854051161,1.0684983491783304,1.1069103565723994,869
crocodile,0.7885347703033402,1.1427709632573886,1.1161417727257383,869
guinea pig,0.782843757017317,1.0762220833286011,1.0845051908693168,869
fish,0.6915011439990495,0.9885987955423701,1.038206803388522,869
pig,0.7396400911310432,1.1056965981978975,1.025668791385112,869
chinchilla,0.8265552196774092,1.1626768187232164,1.1654532131613256,869
hamster,0.7673636612252153,1.090381199521366,1.0224020614704792,869
gerbil,0.8035823057255246,1.119089101232899,1.1094487038188046,869
tiger,0.7473914821439139,1.1369978991343088,0.0,870
lion,0.7183078406095029,1.058551939504521,0.9708151297324147,870
bear,0.7783665501235817,1.123889483266586,1.0481941070028127,870
eagle,0.7992927239886509,1.1734411780010299,1.1006814598257524,870
cockroach,0.8304918953007375,1.2033915201534464,1.2128756008354185,870
ant,0.8217602854277244,1.1858999298076058,1.252422979975634,870
falcon,0.8434689016915197,1.2328106437296498,1.1306188331179172,870
flamingo,0.8264282699688225,1.200739366653492,1.098626165401994,870
roadrunner,0.8568035860573895,1.2099240610923978,1.1926122279679545,870
kangaroo,0.7792024174362994,1.1105409242026874,1.1241360777768035,870
tasmanian devil,0.8333547535965976,1.251387012059123,1.1031562081257227,870
zebra,0.7930985952192408,1.1176582885897683,1.130216133565804,870
leopard,0.7505132291849785,1.1379716320971307,0.958682485798797,870
mountain lion,0.7729764148352379,1.1676886669537843,1.0591550960496476,870
cat,0.7554160791605103,1.0192089061953933,1.0270121376671233,870
chihuahua,0.8391667611080922,1.19181382684572,1.2377915104510424,870
golden retriever,0.8846120855041733,1.1914160181163196,1.224115077454375,870
wolf,0.7425964231291593,1.0770628836108005,1.057375172941925,870
pig,0.7922017528786759,1.1056965981978975,1.1009316096861084,870
cow,0.7944051097176308,1.0393942981466475,1.0704787409521863,870
horse,0.7230168090706995,0.965888696108949,1.0960662977512825,870
gopher,0.8430900329542331,1.2207971095364605,1.238066839585937,870
aardvark,0.7467570129503964,1.1650543022858948,0.0,871
bat,0.7311465679501216,1.147602934549153,1.1086510358709811,871
cat,0.7362241236791767,1.0192089061953933,1.140956381978044,871
dog,0.73528736531485,0.9269403591208584,1.1532761405328569,871
elephant,0.7243277853260867,1.0461949098088636,1.006298347529972,871
fish,0.7679385834881152,0.9885987955423701,1.1843429472134896,871
giraffe,0.7774795033909763,1.1884427465885492,1.0473020252442702,871
iguana,0.8186946474023475,1.1855950697014557,1.1832229817075335,871
jaguar,0.817937867844758,1.223031024062769,1.1336604461983035,871
monkey,0.7680354793567434,1.0776578204652905,1.151569896427771,871
gnat,0.8009534900653703,1.2678463133698472,0.9909025687821085,871
praying mantis,0.8163986014155373,1.1923823270381992,1.1729744759204936,871
bee,0.7927013309348636,1.2012918058288875,1.101122816640017,871
beetle,0.7884659322703664,1.2170299576341577,1.0868767119999592,871
bear,0.7860680127425923,1.123889483266586,1.108000929474821,871
okapi,0.7890062596808578,1.1197208204824545,0.0,872
lion,0.741865207241491,1.058551939504521,1.0815764867873492,872
snow leopard,0.769357284484753,1.1851964463249967,1.1128268311880505,872
otter,0.8371578880708838,1.2263863268378068,1.107105538129618,872
eagle,0.7681777721147529,1.1734411780010299,1.1709256045044303,872
snowy owl,0.8055061806778397,1.281900434727525,1.1017053368744616,872
bear,0.8081914713556883,1.123889483266586,1.1869623916421959,872
boa constrictor,0.8173184926816834,1.2291137558257714,1.1468272180194206,872
green tree python,0.9054011445357456,1.2883312217805016,1.2397228669995348,872
kiwi,0.8409504128033508,1.2348611094577226,1.1704502179504548,872
cat,0.8061906510099054,1.0192089061953933,1.223853299748925,872
black panther,0.8001719512420314,1.1542523683562693,1.2124240179672325,872
tiger,0.7593004247622468,1.1369978991343088,1.1128880368485266,872
elephant,0.7488112392575357,1.0461949098088636,1.0547041131282877,872
crane,0.8600965296545793,1.2266546887758851,1.2545806640453407,872
parrot,0.7487376257647588,1.1556004162000015,1.13766925449133,872
armadillo,0.8226115124428685,1.173548965191927,1.0217751982723429,872
copperhead,0.8055170697205126,1.1514317900077085,1.1129855101654627,872
canary,0.8464859992539162,1.1954171932132125,1.2330728384199505,872
sparrow,0.7922219789346041,1.205875584194617,1.2423431228825972,872
horse,0.7549710819602237,0.965888696108949,1.1200125290598988,872
grackle,0.6875132280787266,1.1650148963940907,1.0251295449587763,872
frog,0.726871542432203,1.0931126652960574,0.0,873
toad,0.817113325279806,1.2052721638621182,0.7956356845315674,873
cat,0.7140610085467659,1.0192089061953933,1.0537703614473668,873
dog,0.6965074575467072,0.9269403591208584,1.0501031932012101,873
whale,0.7818893151909568,1.1430481592310042,1.1051508919715392,873
fish,0.7114211991318702,0.9885987955423701,1.077193854046219,873
dolphin,0.8259491397951447,1.148120934302907,1.188378580302043,873
shark,0.7664251070372865,1.1805122403871113,1.1537692169713445,873
chicken,0.7618620893053165,1.1216453062598462,1.1304163190082555,873
sheep,0.8234674932817648,1.076740531262682,1.1862268992080194,873
wolf,0.7497630092537689,1.0770628836108005,1.0666816978639988,873
human,0.7974607424807113,1.0001323151978487,1.1569968412467828,873
rat,0.7372748564767605,1.0799510283288585,1.1084366285917784,873
snake,0.7034702009248449,1.1086529518216863,1.0482950793764183,873
anaconda,0.8827386933146285,1.234003772870135,1.2300080513612293,873
bird,0.7427385407611141,1.0737931483409942,1.0510177239008933,873
salamander,0.781243996722495,1.1887950155232851,0.9583058499777066,873
cat,0.7825947856231985,1.0192089061953933,0.0,874
dog,0.8072219134966715,0.9269403591208584,0.8674575951584943,874
dinosaur,0.8262037285227051,1.196026622924958,1.2076418319337523,874
sabertoothed tiger,0.7718359702318006,1.2217510599768255,1.1934615667286403,874
lion,0.7037052415591974,1.058551939504521,1.051988795264514,874
jaguar,0.7882970392000164,1.223031024062769,1.1244788047415961,874
panther,0.724454842901966,1.1254029329238397,1.0065949755262171,874
beetle,0.8137423345820889,1.2170299576341577,1.1998401250628206,874
dragonfly,0.8148294769652651,1.2260335103870341,1.2232005402716806,874
ocelot,0.8807999791785597,1.239988553903691,1.1494798176891299,874
lion,0.7037052415591974,1.058551939504521,1.051988795264514,874
sea lion,0.7559314635243584,1.1073983190732704,1.168931664845717,874
seal,0.8518994510566603,1.2073828598711756,1.2262616898959957,874
shark,0.7721340863499315,1.1805122403871113,1.0996689429110984,874
pleco,0.871309343872983,1.283186144607556,1.2670159605916478,874
platypus,0.8272875693013946,1.1715054709027481,1.1830759515429246,874
caterpillar,0.8370647804495822,1.191985435712591,1.0779448182612925,874
spider,0.7736653993206453,1.1726798248185308,1.0874079010502482,874
black widow,0.863216188742589,1.2338173338484792,1.2159210398655347,874
wolverine,0.8424111657838778,1.2411632103028682,1.2096487456775338,874
bear,0.7794021873816716,1.123889483266586,1.0535591492122485,874
bengal tiger,0.7719905802101239,1.2006698426589315,1.1005217001637544,874
crane,0.8534494138733955,1.2266546887758851,1.1937551438665728,874
heron,0.826085745551685,1.2033078991895816,1.226024870838508,874
flamingo,0.803908171209692,1.200739366653492,1.1800314336560256,874
polar bear,0.785921134608731,1.1610228591656826,1.1305806262500382,874
cat,0.753322299674262,1.0192089061953933,0.0,875
dog,0.7571183146566661,0.9269403591208584,0.8674575951584943,875
fish,0.7922139730237694,0.9885987955423701,1.038206803388522,875
bird,0.7486780055825871,1.0737931483409942,0.9983949501850387,875
whale,0.8231214780214993,1.1430481592310042,1.1023516351710632,875
dolphin,0.8513486328749279,1.148120934302907,1.1671267322870036,875
giraffe,0.7971383770299129,1.1884427465885492,1.1745012157564525,875
elephant,0.745947531720063,1.0461949098088636,1.0988771715258037,875
hippo,0.7950840792200401,1.1574642872180168,1.1783087575995743,875
flamingo,0.8209101751252369,1.200739366653492,1.1800314336560256,875
parakeet,0.8104178749137697,1.1946089193588953,1.133095939504688,875
emu,0.8700886454655944,1.2954851196862718,1.2443983371376848,875
rhino,0.8249695617772249,1.1848310376808922,1.1617084414393235,875
rabbit,0.7225554937482503,1.0467123341550726,0.9860531770815246,875
lizard,0.7982293842727022,1.15827964655824,1.1278126332605123,875
snake,0.7645658296859068,1.1086529518216863,1.0571680994100559,875
shark,0.8035050875962353,1.1805122403871113,1.0996689429110984,875
mouse,0.7729778947544528,1.1048159339711667,0.9267276706433802,875
rat,0.7239831096391808,1.0799510283288585,0.9725066279320393,875
ferret,0.7429810101688163,1.1584864674717275,1.0950742739509092,875
guinea pig,0.7570279232366096,1.0762220833286011,1.0845051908693168,875
hamster,0.7400038091847926,1.090381199521366,1.0224020614704792,875
gerbil,0.7638987358770412,1.119089101232899,1.1094487038188046,875
chinchilla,0.7501388407618288,1.1626768187232164,1.1654532131613256,875
sugar glider,0.8332431783469895,1.2221663329325463,1.2120295723950476,875
squirrel,0.7733183614035303,1.1857650114949005,1.0922853473086314,875
chipmunk,0.7486613155658954,1.1468303571103686,1.1232934006191098,875
raccoon,0.8111393131607572,1.1692551007961864,1.1776170962032566,875
possum,0.775411947107772,1.1384574350749013,1.1369060435575016,875
llama,0.7846732800000231,1.1520927992140997,1.115295236170019,875
alpaca,0.8203032992652123,1.1749418382249637,1.2080873143916264,875
elephant,0.7583852306294172,1.0461949098088636,0.0,876
giraffe,0.8232074770155883,1.1884427465885492,0.9677513033157933,876
monkey,0.6973871181834842,1.0776578204652905,1.0744040335030896,876
dog,0.720714691211621,0.9269403591208584,1.116848090808271,876
cat,0.6808860003731295,1.0192089061953933,1.0988771715258037,876
goose,0.7832044742433463,1.2294406812667837,1.184454963356923,876
swan,0.7947194878494176,1.2232295314254824,1.1450607852623043,876
penguin,0.7521888486564073,1.1562000207801095,1.0773131558120346,876
monkey,0.6973871181834842,1.0776578204652905,1.0744040335030896,876
gorilla,0.7949119093450214,1.1124524595952483,1.0629617027547535,876
hummingbird,0.8262302489984854,1.1604817614061247,1.063690753447372,876
sparrow,0.8380995844076184,1.205875584194617,1.1965304374561303,876
eagle,0.789850375568162,1.1734411780010299,1.164761089877087,876
snake,0.7630834685873639,1.1086529518216863,1.1122615591675962,876
rat,0.7247470085118093,1.0799510283288585,1.1115305779924836,876
mouse,0.7529669515173211,1.1048159339711667,1.1274455151721134,876
cat,0.6808860003731295,1.0192089061953933,1.0988771715258037,876
dog,0.7648799476205074,0.9269403591208584,0.0,877
cat,0.7634362810790284,1.0192089061953933,0.8674575951584943,877
lizard,0.8225559649271542,1.15827964655824,1.1159477671030007,877
chicken,0.7881642354131758,1.1216453062598462,1.0464362366754159,877
turkey,0.8576849062734099,1.2185709622898062,1.1444863220988817,877
doe,0.8280389309684161,1.2161057290846857,1.080977834950769,877
cow,0.780749023947744,1.0393942981466475,1.0414556531936192,877
deer,0.7349429148672384,1.0670022123976246,1.0669601599977527,877
bear,0.7845424436153257,1.123889483266586,1.033089316171676,877
shark,0.7964323315185668,1.1805122403871113,1.0906027082873988,877
elk,0.7973206266755838,1.0827157189117222,1.1605610582702854,877
moose,0.7863628595981476,1.1649762820012772,1.13924183367507,877
pigeon,0.7779697201576515,1.1202121094164363,1.1092387430563277,877
bluebird,0.8199561431227553,1.1730519493853704,1.2034037502173205,877
hummingbird,0.8118718044572759,1.1604817614061247,1.1873795199277601,877
polar bear,0.8144545926685642,1.1610228591656826,1.1285885632302763,877
snake,0.7651660857744463,1.1086529518216863,1.0457062768666496,877
spider,0.7761489690385925,1.1726798248185308,1.0748308005968314,877
caterpillar,0.8241640877237768,1.191985435712591,1.1676256504333313,877
cricket,0.8395406780300927,1.1776188138156456,1.1544807952318528,877
locust,0.8871213729896189,1.277332653997378,1.3191059128361755,877
horsefly,0.7863666510803792,1.1367936839791526,1.1061019616544463,877
owl,0.7851110410121914,1.1809265024824427,1.1643323785030264,877
tuna,0.859407907866219,1.2746542241124243,1.2289782703539538,877
bluegill,0.8184403652721222,1.2569128261594282,1.228835656328883,877
carp,0.8319268119475438,1.2355201072888466,1.2340418437273266,877
bass,0.8427634077254651,1.181379623042275,1.1629216658362547,877
raccoon,0.8342096887866752,1.1692551007961864,1.1851123483024555,877
dog,0.7698111869216607,0.9269403591208584,0.0,878
elephant,0.6852326103592347,1.0461949098088636,1.116848090808271,878
giraffe,0.7698490767024443,1.1884427465885492,1.1766182122444033,878
monkey,0.7626745571125344,1.0776578204652905,1.0239431717162413,878
pig,0.7796777699622086,1.1056965981978975,1.0471492139633691,878
horse,0.7227718641714793,0.965888696108949,0.8992994905391918,878
cow,0.7447402606324212,1.0393942981466475,1.0414556531936192,878
sheep,0.8201225702385985,1.076740531262682,1.121370230535433,878
manatee,0.7466670848755769,1.1635746390865844,1.163096717339523,878
whale,0.7773282103809809,1.1430481592310042,1.123968771597805,878
seal,0.8781049220868684,1.2073828598711756,1.201170143751627,878
kangaroo,0.7601342626369684,1.1105409242026874,1.1355565075125476,878
crocodile,0.7736834219294096,1.1427709632573886,1.105618772820428,878
hippopotamus,0.7558153951000548,1.1565997789751088,1.1666862854957027,878
lion,0.7313728201521851,1.058551939504521,1.0955525339606704,878
cheetah,0.7323978808234871,1.1395872374057958,1.1469516023240474,878
leopard,0.7596525882249937,1.1379716320971307,1.1468493040129226,878
panther,0.7571764807990969,1.1254029329238397,1.1214449503624764,878
panda,0.8240322527464655,1.149531493643352,1.142719214698211,878
grizzly bear,0.7662266696542182,1.1414378484723573,1.1520735326417195,878
deer,0.7732246974783858,1.0670022123976246,1.0669601599977527,878
gazelle,0.8366045977926594,1.228218816866728,1.2658730297345386,878
bird,0.8076329583989912,1.0737931483409942,1.0100950735950691,878
rabbit,0.7769506397217388,1.0467123341550726,0.0,879
monkey,0.7407579367188222,1.0776578204652905,1.0634885634508304,879
llama,0.7919273531660254,1.1520927992140997,1.1407978113669288,879
kangaroo,0.6965567236401485,1.1105409242026874,1.059181641102804,879
orangutan,0.7241037932769366,1.1710860462469639,1.1502688529855254,879
koala,0.7182747743085534,1.1895973867495286,1.0928631925662542,879
bat,0.7785092542891205,1.147602934549153,1.137596637278077,879
giraffe,0.729063112054173,1.1884427465885492,1.1737958105252506,879
cheetah,0.7486122468350274,1.1395872374057958,1.1232378796661515,879
rhino,0.7947090445865705,1.1848310376808922,1.1886392861148958,879
polar bear,0.7654390153695705,1.1610228591656826,1.1059161434487046,879
penguin,0.7289405195904577,1.1562000207801095,1.1637737381177018,879
dog,0.7568557609812523,0.9269403591208584,0.0,901
cat,0.7500247296810437,1.0192089061953933,0.8674575951584943,901
elephant,0.7005757338493319,1.0461949098088636,1.116848090808271,901
swan,0.8254358650997364,1.2232295314254824,1.2089058452853456,901
goose,0.8195600806980337,1.2294406812667837,1.1558221936693005,901
bear,0.7821268469918733,1.123889483266586,1.033089316171676,901
panther,0.7668112841592619,1.1254029329238397,1.1214449503624764,901
flamingo,0.8117949301866338,1.200739366653492,1.168386654484427,901
lion,0.7377117992753252,1.058551939504521,1.0955525339606704,901
tiger,0.7654484406872498,1.1369978991343088,1.1164975264568107,901
whale,0.7819830412340711,1.1430481592310042,1.123968771597805,901
dolphin,0.8180232202828466,1.148120934302907,1.1609553121142218,901
turtle,0.7965269395396669,1.1889045258357533,1.0841428655255323,901
leopard,0.7946519701628791,1.1379716320971307,1.1468493040129226,901
giraffe,0.7805725850108803,1.1884427465885492,1.1766182122444033,901
gazelle,0.8493972461344752,1.228218816866728,1.2658730297345386,901
deer,0.7742149560891942,1.0670022123976246,1.0669601599977527,901
cow,0.7408608317608752,1.0393942981466475,1.0414556531936192,901
chicken,0.7993066905391241,1.1216453062598462,1.0464362366754159,901
cardinal,0.8832246599479131,1.221053231930023,1.2184534035638714,901
pig,0.7636452346793855,1.1056965981978975,1.0471492139633691,901
horse,0.7200190897912967,0.965888696108949,0.8992994905391918,901
sheep,0.809188498527225,1.076740531262682,1.121370230535433,901
goat,0.7804028467724425,1.084723785451578,1.067884247639462,901
gorilla,0.7944941327776095,1.1124524595952483,1.1131189759455395,901
rhino,0.7824346499479117,1.1848310376808922,1.2113231152707005,901
anteater,0.8012440382730244,1.1060189396094344,1.1380287456152216,901
fish,0.7854456453513742,0.9885987955423701,0.0,902
lizard,0.811374453533308,1.15827964655824,1.1443542815820698,902
dog,0.7200433704450578,0.9269403591208584,0.9917293707513966,902
cat,0.7300904597378557,1.0192089061953933,1.038206803388522,902
bird,0.7713341445102199,1.0737931483409942,1.005374997968951,902
turtle,0.7811566455930674,1.1889045258357533,1.0697030020075484,902
horse,0.7164911186744767,0.965888696108949,1.0135837905679772,902
bear,0.7203975610673546,1.123889483266586,1.1513380041928096,902
lion,0.7568691202249267,1.058551939504521,1.1647911954586816,902
tiger,0.7806770478008189,1.1369978991343088,1.1100251869461324,902
bobcat,0.8520474620213817,1.2051783605583608,1.2280434042472117,902
coyote,0.8182606994047674,1.125675824343197,1.2370418715938682,902
frog,0.7719532800000376,1.0931126652960574,1.077193854046219,902
fly,0.8300897236903223,1.1852767326609974,1.1230230896036137,902
dragonfly,0.8286763894384368,1.2260335103870341,1.2282351246388823,902
ladybug,0.8596490712314964,1.2407040841779837,1.2778437404895981,902
bumblebee,0.8738744883276958,1.254623667594754,1.254252196792647,902
bedbug,0.9031998215415106,1.1684349047471865,1.1835513371169188,902
butterfly,0.803978840127109,1.1739238085649506,1.1772705946374984,902
polar bear,0.7528439849216169,1.1610228591656826,1.1536038679739762,902
black bear,0.7726101575633679,1.131171484880373,1.1782890090029727,902
grizzly bear,0.7481979800466424,1.1414378484723573,1.1759208613757817,902
deer,0.7750249499086264,1.0670022123976246,1.1195872356356427,902
pig,0.801696290083929,1.1056965981978975,1.1104264991243766,902
cow,0.7777126823479584,1.0393942981466475,1.0275478231387047,902
cat,0.7080541255707634,1.0192089061953933,0.0,903
dog,0.7330863981551888,0.9269403591208584,0.8674575951584943,903
ferret,0.7800961690473548,1.1584864674717275,1.0950742739509092,903
hamster,0.7732099066349749,1.090381199521366,1.0224020614704792,903
tiger,0.7492590552606972,1.1369978991343088,1.0270121376671233,903
lion,0.7519819978356364,1.058551939504521,1.051988795264514,903
zebra,0.7737200486089488,1.1176582885897683,1.1469297134943308,903
bear,0.7917995049656209,1.123889483266586,1.0535591492122485,903
red panda,0.794659142510524,1.178595548641194,1.183753933872535,903
panda,0.764492171713855,1.149531493643352,1.1332314848529572,903
raccoon,0.8066664355748755,1.1692551007961864,1.1776170962032566,903
dolphin,0.8537196757436408,1.148120934302907,1.1671267322870036,903
fish,0.7613366842817433,0.9885987955423701,1.038206803388522,903
shark,0.7725503496479526,1.1805122403871113,1.0996689429110984,903
bird,0.7694254906668215,1.0737931483409942,0.9983949501850387,903
rat,0.7324645129462283,1.0799510283288585,0.9725066279320393,903
mouse,0.7758619716624535,1.1048159339711667,0.9267276706433802,903
cheetah,0.7306890848865548,1.1395872374057958,1.10568407721678,903
leopard,0.7479749209655107,1.1379716320971307,1.1468405124839476,903
squirrel,0.7857913570492402,1.1857650114949005,1.0922853473086314,903
dog,0.7228790424580912,0.9269403591208584,0.0,904
cat,0.715050874948195,1.0192089061953933,0.8674575951584943,904
hamster,0.7894405332379321,1.090381199521366,1.033074695302684,904
guinea pig,0.7736666246375173,1.0762220833286011,1.0698584479263833,904
bird,0.7717662403284691,1.0737931483409942,1.0100950735950691,904
iguana,0.8238817535260716,1.1855950697014557,1.127729597035416,904
chameleon,0.8320462441284434,1.180818202408043,1.199944363663771,904
lion,0.772790670606785,1.058551939504521,1.0955525339606704,904
jaguar,0.828944531186857,1.223031024062769,1.1971249054468265,904
panther,0.7678012501594704,1.1254029329238397,1.1214449503624764,904
monkey,0.7522164895689705,1.0776578204652905,1.0239431717162413,904
frog,0.761341521565193,1.0931126652960574,1.0501031932012101,904
whale,0.7909110668009293,1.1430481592310042,1.123968771597805,904
dolphin,0.8247836206014144,1.148120934302907,1.1609553121142218,904
fish,0.7288150016119461,0.9885987955423701,0.9917293707513966,904
shark,0.763840248195089,1.1805122403871113,1.0906027082873988,904
octopus,0.8008887416375587,1.1974860366461029,1.204656380477579,904
beaver,0.82801935226904,1.176425965653546,1.1643484850693346,904
horse,0.6977936138791285,0.965888696108949,0.8992994905391918,904
pig,0.7430618298743933,1.1056965981978975,1.0471492139633691,904
sheep,0.8204493555010781,1.076740531262682,1.121370230535433,904
camel,0.832719535543121,1.1599943725029038,1.1756603944983446,904
spider,0.7848859233991418,1.1726798248185308,1.0748308005968314,904
dog,0.7180048634706094,0.9269403591208584,0.0,905
cat,0.7136574997525333,1.0192089061953933,0.8674575951584943,905
squirrel,0.8060412906580718,1.1857650114949005,1.145151989157597,905
frog,0.7333710801212777,1.0931126652960574,1.0501031932012101,905
whale,0.7631500067484174,1.1430481592310042,1.123968771597805,905
dolphin,0.8046951517260245,1.148120934302907,1.1609553121142218,905
turtle,0.7240461219159167,1.1889045258357533,1.0841428655255323,905
seahorse,0.8282161671144819,1.185826276673446,1.214429483686436,905
fish,0.6964116798643288,0.9885987955423701,0.9917293707513966,905
shark,0.7348195193638921,1.1805122403871113,1.0906027082873988,905
monkey,0.7492900719278891,1.0776578204652905,1.0239431717162413,905
bat,0.7638494550620002,1.147602934549153,1.0867215047462848,905
lizard,0.7684770056785263,1.15827964655824,1.1159477671030007,905
snake,0.7340122275976526,1.1086529518216863,1.0457062768666496,905
cat,0.6897677948848521,1.0192089061953933,0.0,906
dog,0.6902998223254544,0.9269403591208584,0.8674575951584943,906
hamster,0.7421687737589322,1.090381199521366,1.0224020614704792,906
lion,0.7585955536306799,1.058551939504521,1.051988795264514,906
tiger,0.7727766821542602,1.1369978991343088,1.0270121376671233,906
elephant,0.7488891248850807,1.0461949098088636,1.0988771715258037,906
zebra,0.8026788737219922,1.1176582885897683,1.1469297134943308,906
giraffe,0.818388692001902,1.1884427465885492,1.1745012157564525,906
fish,0.7291184879051176,0.9885987955423701,1.038206803388522,906
shark,0.7713182553438723,1.1805122403871113,1.0996689429110984,906
whale,0.8003966827350962,1.1430481592310042,1.1023516351710632,906
starfish,0.8566616496651205,1.201700587530752,1.219757937909684,906
leopard,0.7806378483138935,1.1379716320971307,1.1468405124839476,906
dog,0.6902998223254544,0.9269403591208584,0.8674575951584943,906
cat,0.6897677948848521,1.0192089061953933,0.0,906
hamster,0.7421687737589322,1.090381199521366,1.0224020614704792,906
horse,0.6928850923718968,0.965888696108949,0.9580666073422256,906
pig,0.774938639732586,1.1056965981978975,1.025668791385112,906
gerbil,0.7844774502767295,1.119089101232899,1.1094487038188046,906
crocodile,0.7681813536130175,1.1427709632573886,1.1161417727257383,906
rat,0.7311502629091395,1.0799510283288585,0.9725066279320393,906
alligator,0.7807737915405618,1.172180497123028,1.1287528704827587,906
toucan,0.896745589070061,1.2609560585356738,1.248395512354233,906
eagle,0.8332000378256091,1.1734411780010299,1.1497393343031173,906
cat,0.7799919071356315,1.0192089061953933,0.0,907
dog,0.7729172930124262,0.9269403591208584,0.8674575951584943,907
zebra,0.7740968553234399,1.1176582885897683,1.1469297134943308,907
leopard,0.7533806970132928,1.1379716320971307,1.1468405124839476,907
lion,0.7537522162903074,1.058551939504521,1.051988795264514,907
monkey,0.7548582935014192,1.0776578204652905,1.0166223194661992,907
capybara,0.8701585285135482,1.2796517945047932,1.2597075627631376,907
alligator,0.7488972691385356,1.172180497123028,1.1287528704827587,907
crocodile,0.7323572139780362,1.1427709632573886,1.1161417727257383,907
squid,0.7802712131298807,1.2310155473584374,1.2615052140943765,907
shark,0.7327718351539407,1.1805122403871113,1.0996689429110984,907
jellyfish,0.7662130499907102,1.1612795760080417,1.1982060384066289,907
starfish,0.7794846337324007,1.201700587530752,1.219757937909684,907
sponge,0.8000297144578381,1.253127691309013,1.2282425521074019,907
lion,0.7745392513999868,1.058551939504521,0.0,908
tiger,0.7893712404320722,1.1369978991343088,0.9708151297324147,908
lynx,0.8536285920656055,1.196859451697055,1.09512502305666,908
leopard,0.7796288794261228,1.1379716320971307,0.9309522787652498,908
cat,0.7383335596451782,1.0192089061953933,1.051988795264514,908
dog,0.7395776694493653,0.9269403591208584,1.0955525339606704,908
fish,0.7518267215318011,0.9885987955423701,1.1647911954586816,908
mouse,0.7739122074152627,1.1048159339711667,1.1414642112403925,908
rat,0.7155943133000704,1.0799510283288585,1.0962713888814763,908
horse,0.7164416779060006,0.965888696108949,1.0642645521739367,908
cow,0.7735558574066999,1.0393942981466475,1.1724233012971674,908
pig,0.7784253774516606,1.1056965981978975,1.1524499089926366,908
goat,0.8167452422070015,1.084723785451578,1.1606408478215668,908
sheep,0.8156397594133932,1.076740531262682,1.1189637336655902,908
sunfish,0.850579185051954,1.1972498550260409,1.2167835023130946,908
catfish,0.8195506556305237,1.1263432803667268,1.1523664086825602,908
starfish,0.847093549635077,1.201700587530752,1.2077320916371443,908
jellyfish,0.8562823059579588,1.1612795760080417,1.1777350383319447,908
lemur,0.7969958500099995,1.2056970111952872,1.097271418715695,908
monkey,0.7335165654113874,1.0776578204652905,0.9834021462067235,908
gorilla,0.7917099770614368,1.1124524595952483,1.092710412632548,908
orangutan,0.7819310622560014,1.1710860462469639,1.0763045992790816,908
gecko,0.8427461126782477,1.2147596022450806,1.1685873867013068,908
lizard,0.773131185789469,1.15827964655824,1.143767298812001,908
salamander,0.7846635629821076,1.1887950155232851,1.1739892367374047,908
hamster,0.774104712997614,1.090381199521366,1.1749023257479116,908
gerbil,0.7986556706274353,1.119089101232899,1.1760861993979226,908
skunk,0.8207402767927237,1.1773556800130514,1.2259383319554926,908
mink,0.8015866542029163,1.1885273404234087,1.0923781074684429,908
fox,0.8388114787084394,1.1562210376241773,1.1580601795804468,908
turtle,0.7766768150180509,1.1889045258357533,1.1404357202803832,908
hare,0.8293500754196046,1.1066743234731955,1.1462623725235708,908
rabbit,0.7314121645725576,1.0467123341550726,1.0873184465587327,908
antelope,0.7121797720485732,1.092199807953824,0.0,909
anteater,0.7716861645628155,1.1060189396094344,0.923012908113233,909
orangutan,0.7479331854209785,1.1710860462469639,0.9774752964999412,909
chimpanzee,0.7425950276267702,1.087170527798375,0.9605657861405091,909
capybara,0.8353096348568083,1.2796517945047932,1.047446786155573,909
dog,0.7601024324401487,0.9269403591208584,1.1651381687080575,909
cat,0.7518445581835989,1.0192089061953933,1.177927896742471,909
moose,0.7705633687146729,1.1649762820012772,1.0958180293208337,909
reindeer,0.8569889118898526,1.1599143110863275,0.9969755917599539,909
elephant,0.7216961779337463,1.0461949098088636,0.98234714573012,909
tiger,0.7921149551254668,1.1369978991343088,1.1234465957558384,909
lion,0.7359409960229663,1.058551939504521,0.9941809996187848,909
jaguar,0.8083441180581353,1.223031024062769,1.0610144035561788,909
mouse,0.7518779048522826,1.1048159339711667,1.1920037694238819,909
rat,0.7217969517396191,1.0799510283288585,1.156526024866897,909
guinea pig,0.7778210681877079,1.0762220833286011,1.1091830931023674,909
lizard,0.7946204475087609,1.15827964655824,1.1609240689541842,909
snake,0.771458636228105,1.1086529518216863,1.1526064715269793,909
shark,0.7744646613634568,1.1805122403871113,0.0,910
fish,0.7920660712522539,0.9885987955423701,0.9650898377370903,910
starfish,0.7826130971391956,1.201700587530752,1.0716173513027705,910
lion,0.776027128510832,1.058551939504521,1.1243831357053014,910
tiger,0.7888789267899321,1.1369978991343088,1.0720181459277562,910
bear,0.8192345282642284,1.123889483266586,1.1378361786908233,910
aardvark,0.7441891964661868,1.1650543022858948,1.1368350217113423,910
zebra,0.7674704782464139,1.1176582885897683,1.104782467275103,910
quail,0.8311725372828422,1.2262037759898594,1.2689962431421091,910
rhino,0.7769586861446204,1.1848310376808922,1.1491988203265888,910
flamingo,0.7961306857554739,1.200739366653492,1.1696575357305323,910
whale,0.7836996966226171,1.1430481592310042,1.0214374587799726,910
octopus,0.7219506420973394,1.1974860366461029,1.043809507026914,910
squid,0.7989557160504328,1.2310155473584374,1.0510350120029472,910
porcupine,0.7478824286084653,1.1477724757763785,1.1090857512093835,910
gorilla,0.7819401574295207,1.1124524595952483,1.1183243293227896,910
orangutan,0.7456207167878016,1.1710860462469639,1.2034529702629042,910
iguana,0.8038774673634731,1.1855950697014557,1.177683424475433,910
snake,0.802341868092637,1.1086529518216863,1.1191774362464717,910
tortoise,0.809204918690233,1.1905795200982734,1.1727680245583918,910
three toed sloth,0.8519997892234332,1.2204494049385242,1.2313664852682213,910
koala,0.7790169759198552,1.1895973867495286,1.141890254244124,910
toucan,0.8494022508634494,1.2609560585356738,1.2246281248699469,910
dog,0.7257685293919194,0.9269403591208584,0.0,911
lion,0.7512782814448904,1.058551939504521,1.0955525339606704,911
tiger,0.7694581115839018,1.1369978991343088,1.1164975264568107,911
sheep,0.8136851325489971,1.076740531262682,1.121370230535433,911
goat,0.785385582518894,1.084723785451578,1.067884247639462,911
frog,0.7653788379314089,1.0931126652960574,1.0501031932012101,911
leech,0.9062486216526685,1.2987446731337002,1.2650711052742674,911
tapeworm,0.8491599914866854,1.2458225456505623,1.2244656624455446,911
earthworm,0.813778763529086,1.1584717648121476,1.1724420680287528,911
human,0.7969425440037802,1.0001323151978487,0.9932881738980344,911
cat,0.7209834129038272,1.0192089061953933,0.8674575951584943,911
panther,0.7497119973085864,1.1254029329238397,1.1214449503624764,911
cheetah,0.7491622160983743,1.1395872374057958,1.1469516023240474,911
hyena,0.8138089416622758,1.1195802588076653,1.1820774582359348,911
zebra,0.789965724824215,1.1176582885897683,1.1617665161541142,911
horse,0.6873674162094159,0.965888696108949,0.8992994905391918,911
cow,0.7409584218282066,1.0393942981466475,1.0414556531936192,911
bull,0.8206538117157962,1.155668187508973,1.106377853192661,911
bird,0.7736599293814715,1.0737931483409942,1.0100950735950691,911
dog,0.7406996527777701,0.9269403591208584,0.0,912
cat,0.7445827355387261,1.0192089061953933,0.8674575951584943,912
hamster,0.7848332054677106,1.090381199521366,1.033074695302684,912
snake,0.775662692239512,1.1086529518216863,1.0457062768666496,912
elephant,0.7264299184035999,1.0461949098088636,1.116848090808271,912
giraffe,0.7846512667529233,1.1884427465885492,1.1766182122444033,912
sheep,0.8051581445686032,1.076740531262682,1.121370230535433,912
pig,0.7631503296666372,1.1056965981978975,1.0471492139633691,912
cow,0.7380323555633616,1.0393942981466475,1.0414556531936192,912
horse,0.7028643132515936,0.965888696108949,0.8992994905391918,912
alpaca,0.8121596829649733,1.1749418382249637,1.1916374368783493,912
llama,0.7691165176872339,1.1520927992140997,1.1060330343028217,912
shark,0.7646831428545251,1.1805122403871113,1.0906027082873988,912
dolphin,0.8013790762056368,1.148120934302907,1.1609553121142218,912
seahorse,0.8133523939023858,1.185826276673446,1.214429483686436,912
whale,0.7816487738734046,1.1430481592310042,1.123968771597805,912
guinea pig,0.7851124161712406,1.0762220833286011,1.0698584479263833,912
starfish,0.8167583516195036,1.201700587530752,1.1733402246176,912
crab,0.8060561926241365,1.2101634255908607,1.1367809129018003,912
lobster,0.8628495090202025,1.23174696520555,1.2098409666977923,912
gerbil,0.7940529915585487,1.119089101232899,1.0684728492510733,912
monkey,0.7708035920156721,1.0776578204652905,1.0239431717162413,912
gorilla,0.8080481111939337,1.1124524595952483,1.1131189759455395,912
jaguar,0.8326719181605134,1.223031024062769,1.1971249054468265,912
tiger,0.8053345377562543,1.1369978991343088,1.1164975264568107,912
dog,0.7468209464146953,0.9269403591208584,0.0,913
cat,0.7510358888169362,1.0192089061953933,0.8674575951584943,913
cow,0.7490564286154854,1.0393942981466475,1.0414556531936192,913
pig,0.7635624647721824,1.1056965981978975,1.0471492139633691,913
fish,0.7989844017610851,0.9885987955423701,0.9917293707513966,913
monkey,0.7282923620930319,1.0776578204652905,1.0239431717162413,913
gorilla,0.7786218246325469,1.1124524595952483,1.1131189759455395,913
lion,0.7622707710739649,1.058551939504521,1.0955525339606704,913
tiger,0.7764685273671913,1.1369978991343088,1.1164975264568107,913
deer,0.7749434068050269,1.0670022123976246,1.0669601599977527,913
zebra,0.7818988497973084,1.1176582885897683,1.1617665161541142,913
giraffe,0.7793895948819697,1.1884427465885492,1.1766182122444033,913
elephant,0.7091887648642593,1.0461949098088636,1.116848090808271,913
hippo,0.7820270773380507,1.1574642872180168,1.1549610192019544,913
ox,0.889285103689835,1.2273385680756248,1.224697545357431,913
opossum,0.7900332339911319,1.1629314908750732,1.15102196450421,913
raccoon,0.8079932598132635,1.1692551007961864,1.1851123483024555,913
squirrel,0.7826485545537062,1.1857650114949005,1.145151989157597,913
hamster,0.7884307426528495,1.090381199521366,1.033074695302684,913
guinea pig,0.7852919406686072,1.0762220833286011,1.0698584479263833,913
ferret,0.7980828968040269,1.1584864674717275,1.1072546771914897,913
horse,0.7166711776070307,0.965888696108949,0.8992994905391918,913
kangaroo,0.7654512655076694,1.1105409242026874,1.1355565075125476,913
koala,0.7869440383184848,1.1895973867495286,1.1767929298903161,913
orangutan,0.7548494602636455,1.1710860462469639,1.1746227668021867,913
cat,0.7393623593596577,1.0192089061953933,0.0,5501
dog,0.7280012502557802,0.9269403591208584,0.8674575951584943,5501
horse,0.6430308203388364,0.965888696108949,0.9580666073422256,5501
pig,0.7495284233043223,1.1056965981978975,1.025668791385112,5501
guinea pig,0.7998892018051412,1.0762220833286011,1.0845051908693168,5501
cow,0.7480605837508824,1.0393942981466475,1.058624590599432,5501
alligator,0.7924656813561842,1.172180497123028,1.1287528704827587,5501
crocodile,0.7933566288175422,1.1427709632573886,1.1161417727257383,5501
monkey,0.7818618006727541,1.0776578204652905,1.0166223194661992,5501
goat,0.7633174047684513,1.084723785451578,1.081715360094973,5501
sheep,0.7765351309873886,1.076740531262682,1.1476769254451624,5501
llama,0.7676831372598942,1.1520927992140997,1.115295236170019,5501
alpaca,0.8112988320439768,1.1749418382249637,1.2080873143916264,5501
reindeer,0.8645894857691789,1.1599143110863275,1.2448784825592818,5501
deer,0.7755621364161055,1.0670022123976246,1.136588276312349,5501
unicorn,0.80867940452421,1.1664242969419043,1.1854062037710908,5501
horse,0.6430308203388364,0.965888696108949,0.9580666073422256,5501
pony,0.7829051497471167,1.1687398691054156,1.1297556677324414,5501
rat,0.7276578386339342,1.0799510283288585,0.9725066279320393,5501
mouse,0.7835513666338533,1.1048159339711667,0.9267276706433802,5501
snake,0.7677778847842966,1.1086529518216863,1.0571680994100559,5501
pigeon,0.7717295672040982,1.1202121094164363,1.1114719980406547,5501
seagull,0.8223513500592167,1.201168236694969,1.1580774614289087,5501
swan,0.8361287289021222,1.2232295314254824,1.176264765330103,5501
eagle,0.8077666601982194,1.1734411780010299,1.1497393343031173,5501
fish,0.7465129538844602,0.9885987955423701,1.038206803388522,5501
shark,0.769175531690466,1.1805122403871113,1.0996689429110984,5501
dolphin,0.8383372079824959,1.148120934302907,1.1671267322870036,5501
whale,0.793176698970284,1.1430481592310042,1.1023516351710632,5501
cat,0.7072573749240965,1.0192089061953933,0.0,5502
dog,0.714321566226044,0.9269403591208584,0.8674575951584943,5502
guinea pig,0.7691612200824903,1.0762220833286011,1.0845051908693168,5502
fish,0.8007800914901236,0.9885987955423701,1.038206803388522,5502
bearded dragon,0.7391713451161535,1.1899545274014989,1.1394121064125073,5502
snapping turtle,0.8709984422095596,1.2753763049846842,1.2301106427033002,5502
zebra,0.7884573970710954,1.1176582885897683,1.1469297134943308,5502
lion,0.7631989977730484,1.058551939504521,1.051988795264514,5502
tiger,0.7723610647931866,1.1369978991343088,1.0270121376671233,5502
bear,0.80533573287593,1.123889483266586,1.0535591492122485,5502
horse,0.6946027703970611,0.965888696108949,0.9580666073422256,5502
kitten,0.6726492066231631,1.0602248929798432,0.7086323381834324,5502
puppy,0.7221754518715249,1.0599747301151408,0.9821890817530061,5502
kitten,0.6726492066231631,1.0602248929798432,0.7086323381834324,5502
lizard,0.7808673713929427,1.15827964655824,1.1278126332605123,5502
komodo dragon,0.769583023988033,1.2021091624858309,1.185515547130632,5502
fruit bat,0.8511212275790072,1.1874581292953443,1.15402520662314,5502
flying fox,0.7780053172900387,1.1673873545666054,1.1655082421953407,5502
arctic fox,0.858781354401769,1.2567093675351224,1.300160097680815,5502
fennec fox,0.7756760227076337,1.1750920894194832,1.196634597383327,5502
aardvark,0.7081489374005031,1.1650543022858948,0.0,5503
anteater,0.7327210869473851,1.1060189396094344,0.823723987761043,5503
zebra,0.7873428457736432,1.1176582885897683,1.038725549994274,5503
giraffe,0.7961803501902194,1.1884427465885492,1.0473020252442702,5503
dog,0.7805785033490162,0.9269403591208584,1.1532761405328569,5503
cat,0.7721432073531185,1.0192089061953933,1.140956381978044,5503
bird,0.767649707672094,1.0737931483409942,1.1318093882487676,5503
raccoon,0.7761202349612054,1.1692551007961864,1.0630232102773263,5503
possum,0.7285895011534411,1.1384574350749013,0.9977696054180736,5503
squirrel,0.746382214895975,1.1857650114949005,1.0337527191112745,5503
bat,0.7810796045567042,1.147602934549153,1.1086510358709811,5503
platypus,0.7426436229040176,1.1715054709027481,0.9879047323249494,5503
dolphin,0.8218789511827735,1.148120934302907,1.1751984717835549,5503
shark,0.7763634855597681,1.1805122403871113,1.1368350217113423,5503
squid,0.8054305117724136,1.2310155473584374,1.1069669525666879,5503
octopus,0.7508770920876706,1.1974860366461029,1.0631976577165843,5503
snake,0.7726647292121782,1.1086529518216863,1.164494808265621,5503
giraffe,0.8033963613563819,1.1884427465885492,0.0,5504
monkey,0.7111671568596654,1.0776578204652905,1.158683011978648,5504
elephant,0.7134231524160158,1.0461949098088636,0.9677513033157933,5504
lion,0.7467823886310149,1.058551939504521,1.0866808861940485,5504
tiger,0.7638458738619804,1.1369978991343088,1.1935868464150592,5504
cheetah,0.7784682942236415,1.1395872374057958,1.0654608351585042,5504
frog,0.7792363558744398,1.0931126652960574,1.200550576133279,5504
bee,0.8473168144806358,1.2012918058288875,1.1731262048386355,5504
monkey,0.7111671568596654,1.0776578204652905,1.158683011978648,5504
armadillo,0.7978958109182149,1.173548965191927,1.0952867830203752,5504
porcupine,0.7383210953426184,1.1477724757763785,1.0759797131923754,5504
buffalo,0.8100871359154538,1.147911210324848,1.1600985014234366,5504
cow,0.7337132859616512,1.0393942981466475,1.1305682336689118,5504
chicken,0.7877340474227494,1.1216453062598462,1.1854217589272973,5504
horse,0.7165409113625902,0.965888696108949,1.1008319351754714,5504
sheep,0.8041324414716231,1.076740531262682,1.1429683303073788,5504
salamander,0.8047774096428867,1.1887950155232851,1.2583074314786662,5504
toad,0.8411781239535506,1.2052721638621182,1.3020811204489573,5504
starfish,0.8327685151426172,1.201700587530752,1.1592613906418558,5504
dog,0.7528136248149534,0.9269403591208584,0.0,5505
cat,0.7461082851197048,1.0192089061953933,0.8674575951584943,5505
fish,0.7462863511278239,0.9885987955423701,0.9917293707513966,5505
giraffe,0.7985539487276467,1.1884427465885492,1.1766182122444033,5505
orangutan,0.8076912491738839,1.1710860462469639,1.1746227668021867,5505
octopus,0.789431594042298,1.1974860366461029,1.204656380477579,5505
lion,0.781847735940044,1.058551939504521,1.0955525339606704,5505
bird,0.7000300049878319,1.0737931483409942,1.0100950735950691,5505
snake,0.767635331790253,1.1086529518216863,1.0457062768666496,5505
rat,0.758526346736321,1.0799510283288585,1.0041203949456492,5505
bug,0.9047216253411065,1.2084927778995935,1.1029365340977295,5505
dolphin,0.820839076099514,1.148120934302907,1.1609553121142218,5505
whale,0.7594581517149637,1.1430481592310042,1.123968771597805,5505
duck,0.7917492179283405,1.178730043650054,1.0958915693917333,5505
pheasant,0.7663188948593571,1.204832306555898,1.2050936951033382,5505
platypus,0.7891710842203746,1.1715054709027481,1.1956556374613785,5505
squirrel,0.7855893216219864,1.1857650114949005,1.145151989157597,5505
puffin,0.8341718395336515,1.2002791205951513,1.193073203269985,5505
cardinal,0.8431724309600559,1.221053231930023,1.2184534035638714,5505
hawk,0.8096764208990013,1.18909948871919,1.1730774014981078,5505
dog,0.7600002650488441,0.9269403591208584,0.0,5506
bear,0.7585249527391036,1.123889483266586,1.033089316171676,5506
dolphin,0.775940191342223,1.148120934302907,1.1609553121142218,5506
gorilla,0.7522191142191472,1.1124524595952483,1.1131189759455395,5506
elephant,0.72045721181259,1.0461949098088636,1.116848090808271,5506
cardinal,0.8633377707519764,1.221053231930023,1.2184534035638714,5506
lion,0.7341725572768332,1.058551939504521,1.0955525339606704,5506
monkey,0.7357960007263744,1.0776578204652905,1.0239431717162413,5506
kangaroo,0.7598219275029571,1.1105409242026874,1.1355565075125476,5506
penguin,0.7191386346511066,1.1562000207801095,1.090240621956026,5506
seahorse,0.8217661593281007,1.185826276673446,1.214429483686436,5506
shark,0.7493881387257181,1.1805122403871113,1.0906027082873988,5506
whale,0.7311634071530834,1.1430481592310042,1.123968771597805,5506
cat,0.7132851544836177,1.0192089061953933,0.0,5507
dog,0.7170751975919007,0.9269403591208584,0.8674575951584943,5507
zebra,0.7588387761767842,1.1176582885897683,1.1469297134943308,5507
emu,0.8550049429552987,1.2954851196862718,1.2443983371376848,5507
lion,0.7367243490194624,1.058551939504521,1.051988795264514,5507
penguin,0.723686932712863,1.1562000207801095,1.094310747909636,5507
snake,0.7621564362949446,1.1086529518216863,1.0571680994100559,5507
giraffe,0.7690691462006383,1.1884427465885492,1.1745012157564525,5507
monkey,0.7109011967738803,1.0776578204652905,1.0166223194661992,5507
fish,0.7563594501994638,0.9885987955423701,1.038206803388522,5507
kangaroo,0.7477724706878894,1.1105409242026874,1.1281526201047334,5507
frog,0.787656480985124,1.0931126652960574,0.0,5508
caterpillar,0.7966991059172918,1.191985435712591,1.0354720596743914,5508
dog,0.7725487563312439,0.9269403591208584,1.0501031932012101,5508
caterpillar,0.7966991059172918,1.191985435712591,1.0354720596743914,5508
elephant,0.7358556366073433,1.0461949098088636,1.1636776715168635,5508
giraffe,0.7754298866899916,1.1884427465885492,1.200550576133279,5508
cheetah,0.7502529336334016,1.1395872374057958,1.162130613109706,5508
lion,0.7562603265173629,1.058551939504521,1.1828636326975632,5508
jaguar,0.8245320188417051,1.223031024062769,1.2364512244917383,5508
monkey,0.7546668268229753,1.0776578204652905,1.1104063828022106,5508
orangutan,0.7446199140716491,1.1710860462469639,1.1502608431896288,5508
gorilla,0.7530565006836377,1.1124524595952483,1.126695432172551,5508
lizard,0.7774315135819155,1.15827964655824,1.0156069768149747,5508
centipede,0.8401873722858538,1.2343231938555754,1.128561445624749,5508
person,1.001870845087895,1.1773928012692605,1.2636299954985601,5508
dinosaur,0.7998437957011486,1.196026622924958,1.1684951050303773,5508
bird,0.7186566015922757,1.0737931483409942,1.0510177239008933,5508
canary,0.8690157302669074,1.1954171932132125,1.1999079333963627,5508
falcon,0.8407915748867582,1.2328106437296498,1.1813939722775861,5508
peacock,0.7894000090494389,1.168361254856803,1.1526570279962127,5508
pigeon,0.760953077801584,1.1202121094164363,1.1065219688226666,5508
deer,0.7909684271671658,1.0670022123976246,1.1856540412352221,5508
antelope,0.7485423712887113,1.092199807953824,1.1883643594363378,5508
falcon,0.8390343084904962,1.2328106437296498,0.0,5509
dog,0.7628213146475041,0.9269403591208584,1.1825570409223372,5509
wolf,0.7587518018151017,1.0770628836108005,1.1625465638053656,5509
coyote,0.8139368933604718,1.125675824343197,1.1974564003612147,5509
quail,0.8360045248763842,1.2262037759898594,1.0877187833950381,5509
tiger,0.7349466362510445,1.1369978991343088,1.1306188331179172,5509
lion,0.7386508064015176,1.058551939504521,1.1844442075405341,5509
panther,0.7403027213235616,1.1254029329238397,1.1427347715085607,5509
leopard,0.7460302645705511,1.1379716320971307,1.205715058295639,5509
elephant,0.7127343515009971,1.0461949098088636,1.2213847814356802,5509
hippo,0.7715037375501573,1.1574642872180168,1.2606131012435828,5509
spider,0.801157197801886,1.1726798248185308,1.1736259751958191,5509
lizard,0.7829300631626497,1.15827964655824,1.1813533127098297,5509
turtle,0.76542188337442,1.1889045258357533,1.1679574332046434,5509
fish,0.8032943184274719,0.9885987955423701,1.1908202974566555,5509
flamingo,0.7964714163734504,1.200739366653492,1.2080717379013515,5509
alligator,0.7284867608305571,1.172180497123028,1.1620157731733296,5509
crocodile,0.7219530388335929,1.1427709632573886,1.1593380555793684,5509
goose,0.8417968590490689,1.2294406812667837,1.08413668776117,5509
tiger,0.7343438486369477,1.1369978991343088,0.0,5510
lion,0.7519385209470046,1.058551939504521,0.9708151297324147,5510
hamster,0.7962708456797459,1.090381199521366,1.2259646730546172,5510
gerbil,0.8126731185660674,1.119089101232899,1.1618393623841738,5510
elephant,0.7044978003747403,1.0461949098088636,0.9869363273120004,5510
kangaroo,0.7412730727042338,1.1105409242026874,1.1241360777768035,5510
snake,0.7675447593883967,1.1086529518216863,1.1137590646212028,5510
koala,0.7712531504214836,1.1895973867495286,1.1284915328242733,5510
bird,0.7613873998057747,1.0737931483409942,1.1040444269730285,5510
ostrich,0.7851942881778894,1.2283689367341117,1.138585454754609,5510
monkey,0.7349073229738421,1.0776578204652905,0.985557319304623,5510
gorilla,0.7563378965924203,1.1124524595952483,1.134522177471038,5510
alligator,0.7475587487055952,1.172180497123028,1.1005439197658549,5510
bear,0.7798024974026506,1.123889483266586,1.0481941070028127,5510
shark,0.7852555663402413,1.1805122403871113,1.0720181459277562,5510
flamingo,0.7986581759302301,1.200739366653492,1.098626165401994,5510
elephant,0.6788758950216331,1.0461949098088636,0.0,5511
hippo,0.7600765876584804,1.1574642872180168,0.9536784147649716,5511
giraffe,0.7105467833850398,1.1884427465885492,0.9677513033157933,5511
zebra,0.7570272413746484,1.1176582885897683,1.0966810438397752,5511
octopus,0.8095810514507449,1.1974860366461029,1.0221915423370223,5511
horse,0.7071747530524845,0.965888696108949,1.0229927581580591,5511
camel,0.814192036555056,1.1599943725029038,1.0477210102954335,5511
cheetah,0.7663847456747032,1.1395872374057958,1.074921831257581,5511
orangutan,0.76972179308873,1.1710860462469639,1.055236522335121,5511
whale,0.7665899817968052,1.1430481592310042,1.0595479156893635,5511
cow,0.7488756429454878,1.0393942981466475,0.9669719308234811,5511
donkey,0.7274360782101841,1.0837170815883463,1.0065980097907932,5511
giraffe,0.7105467833850398,1.1884427465885492,0.9677513033157933,5511
lion,0.7473107366623559,1.058551939504521,0.994507647791182,5511
cat,0.7595463206821815,1.0192089061953933,1.0988771715258037,5511
dog,0.7570128921043214,0.9269403591208584,1.116848090808271,5511
bird,0.7741565741395448,1.0737931483409942,1.1086705753022428,5511
fish,0.7637040033103613,0.9885987955423701,1.1387070946771083,5511
cat,0.6624206844053159,1.0192089061953933,0.0,5512
dog,0.6653374056671202,0.9269403591208584,0.8674575951584943,5512
horse,0.6800787577236436,0.965888696108949,0.9580666073422256,5512
mouse,0.7254079982719587,1.1048159339711667,0.9267276706433802,5512
chicken,0.7154161048074398,1.1216453062598462,1.0119363553642762,5512
bird,0.7057505855735537,1.0737931483409942,0.9983949501850387,5512
fish,0.7173893640284638,0.9885987955423701,1.038206803388522,5512
rat,0.6826691776009406,1.0799510283288585,0.9725066279320393,5512
cow,0.732537331213011,1.0393942981466475,1.058624590599432,5512
goat,0.775292515378137,1.084723785451578,1.081715360094973,5512
sifaka,0.9229138948642578,1.261450676473055,1.2526387670600863,5512
lemur,0.8464740029301203,1.2056970111952872,1.152864399979503,5512
monkey,0.7245573782183573,1.0776578204652905,1.0166223194661992,5512
tiger,0.7832320061828517,1.1369978991343088,0.0,5513
lion,0.7765584002618248,1.058551939504521,0.9708151297324147,5513
bear,0.7259236425882238,1.123889483266586,1.0481941070028127,5513
polar bear,0.7432507360652927,1.1610228591656826,1.0404982941112881,5513
black bear,0.7486099955904535,1.131171484880373,1.0693239231967193,5513
brown bear,0.7855853042750538,1.1885268485171616,1.1395037445152445,5513
koala,0.7500811817918525,1.1895973867495286,1.1284915328242733,5513
marsupial,0.7133719892349184,1.1110027412901902,1.1294848432465276,5513
kangaroo,0.7388025890817126,1.1105409242026874,1.1241360777768035,5513
possum,0.772454162560138,1.1384574350749013,1.1827333954750763,5513
wombat,0.7625784623473492,1.2285356231169922,1.1547446402801496,5513
spider,0.7559855825218749,1.1726798248185308,1.1367495983283158,5513
insect,0.8248703474725475,1.0684983491783304,1.2433263693483412,5513
butterfly,0.8227978197297777,1.1739238085649506,1.1876919068384932,5513
cardinal,0.8805263082752244,1.221053231930023,1.1369842877609122,5513
robin,0.8568908562623911,1.2498393598693802,1.1865878945822874,5513
blue jay,0.8462246773680748,1.268247245651595,1.1831602897129936,5513
canary,0.8911790829659076,1.1954171932132125,1.2270898852791117,5513
cat,0.7668888470066043,1.0192089061953933,1.0270121376671233,5513
dog,0.7646067357421069,0.9269403591208584,1.1164975264568107,5513
fish,0.8166293799043529,0.9885987955423701,1.1100251869461324,5513
lizard,0.7808821822977747,1.15827964655824,1.207078990601397,5513
komodo dragon,0.7908979912803689,1.2021091624858309,1.0620426809382235,5513
capybara,0.8878171798131261,1.2796517945047932,1.2920407491273151,5513
snake,0.7705073769269796,1.1086529518216863,1.1137590646212028,5513
python,0.9547379373779645,1.2811003562345005,1.241640412513967,5513
cat,0.7305309874043344,1.0192089061953933,0.0,5514
dog,0.7276965354983185,0.9269403591208584,0.8674575951584943,5514
giraffe,0.8004895776349482,1.1884427465885492,1.1745012157564525,5514
pig,0.7405349452589833,1.1056965981978975,1.025668791385112,5514
horse,0.6973508956664237,0.965888696108949,0.9580666073422256,5514
cow,0.7445828201628544,1.0393942981466475,1.058624590599432,5514
chicken,0.7967424065226336,1.1216453062598462,1.0119363553642762,5514
whale,0.7870158153443167,1.1430481592310042,1.1023516351710632,5514
shark,0.7730202375574273,1.1805122403871113,1.0996689429110984,5514
jellyfish,0.8354602264151697,1.1612795760080417,1.1982060384066289,5514
frog,0.7767233781562435,1.0931126652960574,1.0537703614473668,5514
alligator,0.7537232312847949,1.172180497123028,1.1287528704827587,5514
hedgehog,0.7822979719633234,1.1815866432768223,1.12350715737608,5514
sloth,0.868848540626404,1.222548951499027,1.2263277961265409,5514
skunk,0.7843697387637465,1.1773556800130514,1.1731801130718325,5514
deer,0.7660257248319278,1.0670022123976246,1.136588276312349,5514
raccoon,0.8103460983013459,1.1692551007961864,1.1776170962032566,5514
orangutan,0.7440639848283583,1.1710860462469639,0.0,5515
gorilla,0.754194625615016,1.1124524595952483,0.8362687667795519,5515
giraffe,0.7770109546530245,1.1884427465885492,1.0160819686744758,5515
horse,0.7372438162482161,0.965888696108949,1.1311186663068171,5515
lion,0.6819550048219407,1.058551939504521,1.0763045992790816,5515
tiger,0.7636547271693132,1.1369978991343088,1.1598730737802208,5515
brown bear,0.8115977413133114,1.1885268485171616,1.181029503296279,5515
grizzly bear,0.7184977660616856,1.1414378484723573,1.066265256984698,5515
dog,0.767689015166614,0.9269403591208584,1.1746227668021867,5515
cat,0.7753308092883011,1.0192089061953933,1.2134488238362795,5515
elephant,0.7032178092378528,1.0461949098088636,1.055236522335121,5515
sea lion,0.7681533097232386,1.1073983190732704,1.1361519375912998,5515
human,0.8432581256931189,1.0001323151978487,1.1771760331793295,5515
bird,0.798336841228479,1.0737931483409942,1.1102151627876597,5515
polar bear,0.7586959174774324,1.1610228591656826,1.1608032391705128,5515
zebra,0.7783863622462127,1.1176582885897683,1.0617069191015391,5515
antelope,0.7203761863853972,1.092199807953824,0.9774752964999412,5515
hyena,0.7717025387757408,1.1195802588076653,1.013435546586445,5515
raccoon,0.8000246778508436,1.1692551007961864,1.0773882169397828,5515
opossum,0.8036509118373866,1.1629314908750732,1.109648907205303,5515
