"word","distance_to_centroid","distance_to_domain","distance_to_first_item","Subject"
"bird",0.71250316840225,1.07379314834099,0,801
"cat",0.698513405679016,1.01920890619539,0.998394950185039,801
"dog",0.695634432656668,0.926940359120858,1.01009507359507,801
"horse",0.687962616687117,0.965888696108949,1.03166722939908,801
"duck",0.767373075166151,1.17873004365005,0.997776523657026,801
"butterfly",0.816508623629755,1.17392380856495,1.10111406453435,801
"squirrel",0.795752865439185,1.1857650114949,1.03780467699259,801
"monkey",0.762660252956431,1.07765782046529,1.12226294237765,801
"ant",0.792260603371732,1.18589992980761,1.15208354875144,801
"anteater",0.797590699321529,1.10601893960943,1.11592347297557,801
"beetle",0.849163087009746,1.21702995763416,1.14947882417461,801
"pig",0.722928937452862,1.1056965981979,1.17066025152139,801
"cow",0.726606253256446,1.03939429814665,1.10907976038654,801
"chicken",0.723797143846342,1.12164530625985,0.961245701408951,801
"hen",0.733175096242167,1.13780170119715,0.949414193318464,801
"bull",0.818497384553676,1.15566818750897,1.15758998373332,801
"frog",0.755032733748505,1.09311266529606,1.05101772390089,801
"leopard",0.792591387289003,1.13797163209713,0,802
"jaguar",0.796475942954398,1.22303102406277,1.00538807138604,802
"ocelot",0.853480905697436,1.23998855390369,1.1810374298605,802
"pigeon",0.723041211510749,1.12021210941644,1.1595870116642,802
"dove",0.842354685005144,1.21896233981625,1.1742516016876,802
"dog",0.757429393176362,0.926940359120858,1.14684930401292,802
"cat",0.744700914227868,1.01920890619539,1.14684051248395,802
"lizard",0.805292646668368,1.15827964655824,1.09440530921042,802
"chicken",0.765030134231767,1.12164530625985,1.25439729321857,802
"jungle fowl",0.81645506286909,1.16823744170484,1.14089409844755,802
"pelican",0.78170509378193,1.16326890343458,1.21530546941633,802
"seagull",0.750977394937301,1.20116823669497,1.21526262971467,802
"fish",0.721326278013314,0.98859879554237,1.15220661506591,802
"dog",0.74092415355335,0.926940359120858,0,803
"cat",0.740967022155982,1.01920890619539,0.867457595158494,803
"gerbil",0.7515392306978,1.1190891012329,1.06847284925107,803
"ferret",0.754383016913835,1.15848646747173,1.10725467719149,803
"guinea pig",0.767872849210999,1.0762220833286,1.06985844792638,803
"fish",0.712281602164293,0.98859879554237,0.991729370751397,803
"salmon",0.853255943559132,1.24305737962748,1.17933544478502,803
"bass",0.833289803844496,1.18137962304228,1.16292166583625,803
"walleye",0.81804929922789,1.24706719126497,1.25064055864204,803
"bluegill",0.799005519766365,1.25691282615943,1.22883565632888,803
"mouse",0.742124636558152,1.10481593397117,1.00358886691622,803
"rat",0.702904658513316,1.07995102832886,1.00412039494565,803
"hamster",0.712638622114533,1.09038119952137,1.03307469530268,803
"crocodile",0.758273545879666,1.14277096325739,1.10561877282043,803
"alligator",0.753856958717867,1.17218049712303,1.11561137194911,803
"caiman",0.807440927537967,1.17838685568862,1.1696234876642,803
"bat",0.787519270134897,1.14760293454915,1.08672150474628,803
"squirrel",0.796367489681261,1.1857650114949,1.1451519891576,803
"chipmunk",0.774446161566504,1.14683035711037,1.14894371464246,803
"rabbit",0.731352992238309,1.04671233415507,0.976801833619715,803
"goldfish",0.78446899329718,1.06808974496028,1.09075150698093,803
"dog",0.775399570217031,0.926940359120858,0,804
"cat",0.770262920514764,1.01920890619539,0.867457595158494,804
"bird",0.727221479696359,1.07379314834099,1.01009507359507,804
"manta ray",0.850469487825117,1.28972252412718,1.29091325391291,804
"stingray",0.789069225603248,1.22149222059251,1.17353680591612,804
"tiger",0.776245149552902,1.13699789913431,1.11649752645681,804
"lion",0.789513237861499,1.05855193950452,1.09555253396067,804
"zebra",0.795893008795966,1.11765828858977,1.16176651615411,804
"hippo",0.797001020238644,1.15746428721802,1.15496101920195,804
"giraffe",0.804363573507204,1.18844274658855,1.1766182122444,804
"whale",0.746811956072794,1.143048159231,1.1239687715978,804
"dolphin",0.824790800855714,1.14812093430291,1.16095531211422,804
"kiwi",0.872458466446281,1.23486110945772,1.18997513673292,804
"elephant",0.744125235499202,1.04619490980886,1.11684809080827,804
"dodo",0.804562001456272,1.17402313102218,1.16368066461009,804
"robin",0.838656172099548,1.24983935986938,1.19499689119559,804
"sparrow",0.839148578504645,1.20587558419462,1.17628294476551,804
"pigeon",0.780912825578556,1.12021210941644,1.10923874305633,804
"mouse",0.814648887140425,1.10481593397117,1.00358886691622,804
"dinosaur",0.811418895056084,1.19602662292496,1.17832171002285,804
"fish",0.740526942202855,0.98859879554237,0.991729370751397,804
"bluegill",0.852168355986029,1.25691282615943,1.22883565632888,804
"shark",0.716141279103544,1.18051224038711,1.0906027082874,804
"hammerhead shark",0.825137824283598,1.28476438869271,1.25220368772276,804
"dog",0.720198240162739,0.926940359120858,0,805
"cat",0.716573505673753,1.01920890619539,0.867457595158494,805
"lizard",0.783181664833981,1.15827964655824,1.115947767103,805
"goat",0.788262981353723,1.08472378545158,1.06788424763946,805
"lion",0.756028896134317,1.05855193950452,1.09555253396067,805
"tiger",0.760557835646159,1.13699789913431,1.11649752645681,805
"bear",0.753759952579424,1.12388948326659,1.03308931617168,805
"fish",0.774316639785153,0.98859879554237,0.991729370751397,805
"cheetah",0.762659516635793,1.1395872374058,1.14695160232405,805
"ape",0.813281846478703,1.156598483866,1.13060365036776,805
"pig",0.75022420204908,1.1056965981979,1.04714921396337,805
"cow",0.740883386897229,1.03939429814665,1.04145565319362,805
"raccoon",0.822636431078687,1.16925510079619,1.18511234830246,805
"owl",0.803087925543969,1.18092650248244,1.16433237850303,805
"ram",0.877763610688821,1.1975310995479,1.18852767182378,805
"koala",0.809338865953467,1.18959738674953,1.17679292989032,805
"snake",0.746672818596355,1.10865295182169,1.04570627686665,805
"kangaroo",0.750650240886091,1.11054092420269,0,806
"octopus",0.792853639688529,1.1974860366461,1.0961690712823,806
"dog",0.773214617700215,0.926940359120858,1.13555650751255,806
"cat",0.784091725260932,1.01920890619539,1.12815262010473,806
"bird",0.784592201351085,1.07379314834099,1.14009099200026,806
"penguin",0.775650222622458,1.15620002078011,1.0354972428309,806
"flamingo",0.824481604793598,1.20073936665349,1.14378483991228,806
"emu",0.823649253669713,1.29548511968627,1.03204145080744,806
"koala",0.779679340614333,1.18959738674953,0.870979018292092,806
"polar bear",0.776264582585215,1.16102285916568,1.07932086998637,806
"rat",0.786367529554759,1.07995102832886,1.17514900545467,806
"grizzly bear",0.750455374101565,1.14143784847236,1.07284819095117,806
"moose",0.78865389359886,1.16497628200128,1.08885942337759,806
"clownfish",0.859091123632102,1.19877868079066,1.24735171949373,806
"pufferfish",0.802075472452604,1.17776891414754,1.14958947715091,806
"coyote",0.801620690639088,1.1256758243432,1.19737864126149,806
"mountain lion",0.827843731854007,1.16768866695378,1.17579503347266,806
"raccoon",0.78559685412778,1.16925510079619,1.12174657964796,806
"possum",0.724485980944803,1.1384574350749,1.01414124383942,806
"deer",0.762576339138012,1.06700221239762,1.07436914439789,806
"snake",0.742092013366763,1.10865295182169,1.13767067146381,806
"copperhead",0.800375833857295,1.15143179000771,1.19808710602231,806
"ape",0.783811776351695,1.156598483866,0,807
"monkey",0.735277825679339,1.07765782046529,0.808107938805427,807
"orangutan",0.76043957140482,1.17108604624696,0.841870389786005,807
"salamander",0.80813882308344,1.18879501552329,1.14880733164747,807
"lizard",0.770775719638759,1.15827964655824,1.1164693616359,807
"dog",0.711439507740904,0.926940359120858,1.13060365036776,807
"cat",0.752156023027444,1.01920890619539,1.17036482827735,807
"hamster",0.782147050140989,1.09038119952137,1.21202330399267,807
"ferret",0.799823444781292,1.15848646747173,1.2378083710812,807
"sun bear",0.802953598301536,1.16552726602082,1.18140002894061,807
"gerbil",0.812961213087368,1.1190891012329,1.15892608935534,807
"sheep",0.824988223663036,1.07674053126268,1.21980853016323,807
"fox",0.843328061927429,1.15622103762418,1.16162567780871,807
"raccoon",0.802868739303498,1.16925510079619,1.15968962347902,807
"opossum",0.808061477548621,1.16293149087507,1.21065541156419,807
"goose",0.859751943385552,1.22944068126678,1.17702322926706,807
"raven",0.898388354749691,1.24063038997202,1.20203963915238,807
"horse",0.714002818097044,0.965888696108949,1.19752444945103,807
"dog",0.711439507740904,0.926940359120858,1.13060365036776,807
"cow",0.768837542364538,1.03939429814665,1.08481943886284,807
"goat",0.805623072280987,1.08472378545158,1.1693648514806,807
"polar bear",0.808807478789799,1.16102285916568,1.25142650631435,807
"grizzly bear",0.764776735015727,1.14143784847236,1.11770110807009,807
"gorilla",0.75962820200347,1.11245245959525,0.800220189634479,807
"leopard",0.800448744635177,1.13797163209713,1.15560698174275,807
"antelope",0.774533719154658,1.09219980795382,1.07982474646096,807
"crocodile",0.780089785053019,1.14277096325739,1.16028322692827,807
"dog",0.75657603450814,0.926940359120858,0,808
"cat",0.770265280159727,1.01920890619539,0.867457595158494,808
"pig",0.783630944016282,1.1056965981979,1.04714921396337,808
"sheep",0.814823269042019,1.07674053126268,1.12137023053543,808
"llama",0.795927006969851,1.1520927992141,1.10603303430282,808
"maned wolf",0.753019310407474,1.11147406283727,1.07449145920187,808
"wolf",0.715208717667981,1.0770628836108,0.973612122068049,808
"coyote",0.824123810380313,1.1256758243432,1.10964636621958,808
"whale",0.74224333825002,1.143048159231,1.1239687715978,808
"ostrich",0.809606954826343,1.22836893673411,1.23191979429873,808
"giraffe",0.817023429598148,1.18844274658855,1.1766182122444,808
"hippo",0.7907869445659,1.15746428721802,1.15496101920195,808
"lion",0.762831356225648,1.05855193950452,1.09555253396067,808
"tiger",0.776302697112097,1.13699789913431,1.11649752645681,808
"bear",0.783294212419852,1.12388948326659,1.03308931617168,808
"panda",0.813464768325216,1.14953149364335,1.14271921469821,808
"fox",0.854827493414081,1.15622103762418,1.1191185990412,808
"turtle",0.76809436605731,1.18890452583575,1.08414286552553,808
"squid",0.820000652059075,1.23101554735844,1.23531620422864,808
"alligator",0.772641305897566,1.17218049712303,1.11561137194911,808
"fish",0.748621808571882,0.98859879554237,0.991729370751397,808
"pufferfish",0.77861669256967,1.17776891414754,1.15715641882465,808
"shark",0.719107656375897,1.18051224038711,1.0906027082874,808
"whale shark",0.766930278813571,1.20797412896324,1.20553095147425,808
"piranha",0.808676250275385,1.18594760031996,1.21403380757104,808
"dog",0.731682701057951,0.926940359120858,0,809
"cat",0.731089070777361,1.01920890619539,0.867457595158494,809
"hamster",0.779225641866964,1.09038119952137,1.03307469530268,809
"gerbil",0.807748665600747,1.1190891012329,1.06847284925107,809
"snake",0.754932593120393,1.10865295182169,1.04570627686665,809
"lizard",0.790439672410435,1.15827964655824,1.115947767103,809
"frog",0.771834729904796,1.09311266529606,1.05010319320121,809
"tarantula",0.809278470900353,1.19450023482404,1.16993562216231,809
"ant",0.805671041206243,1.18589992980761,1.12090654357064,809
"elephant",0.734117767473518,1.04619490980886,1.11684809080827,809
"giraffe",0.807380183008463,1.18844274658855,1.1766182122444,809
"lion",0.787788337354095,1.05855193950452,1.09555253396067,809
"tiger",0.792485180243637,1.13699789913431,1.11649752645681,809
"blue whale",0.809717649397729,1.18039054339547,1.18362840471556,809
"shark",0.757255251047569,1.18051224038711,1.0906027082874,809
"fish",0.742645188950259,0.98859879554237,0.991729370751397,809
"dolphin",0.817865779711834,1.14812093430291,1.16095531211422,809
"stingray",0.833257201384901,1.22149222059251,1.17353680591612,809
"anteater",0.803341941421801,1.10601893960943,1.13802874561522,809
"bird",0.735590787155673,1.07379314834099,1.01009507359507,809
"seagull",0.825470677235504,1.20116823669497,1.17533417684341,809
"butterfly",0.822790946951029,1.17392380856495,1.10796020026342,809
"dog",0.653003016979368,0.926940359120858,0,810
"cat",0.639300852972054,1.01920890619539,0.867457595158494,810
"horse",0.661514271658124,0.965888696108949,0.899299490539192,810
"deer",0.738307351570741,1.06700221239762,1.06696015999775,810
"alligator",0.772494241736401,1.17218049712303,1.11561137194911,810
"mouse",0.719640914651363,1.10481593397117,1.00358886691622,810
"lion",0.725345716457296,1.05855193950452,1.09555253396067,810
"tiger",0.7268630800768,1.13699789913431,1.11649752645681,810
"pigeon",0.752682147522006,1.12021210941644,0,811
"sparrow",0.845568317776861,1.20587558419462,1.04021354959365,811
"chicken",0.782946910627412,1.12164530625985,1.06386901833801,811
"crow",0.776284874471137,1.21928077291798,1.01164759060217,811
"dolphin",0.803891258069375,1.14812093430291,1.17158287090092,811
"pig",0.789884806989972,1.1056965981979,1.13443347961463,811
"cow",0.738279824404271,1.03939429814665,1.09168260987294,811
"donkey",0.698292535397422,1.08371708158835,1.10074331101084,811
"horse",0.728963738809455,0.965888696108949,1.04855377951903,811
"monkey",0.677075027983485,1.07765782046529,1.12179124466286,811
"orangutan",0.71593836658592,1.17108604624696,1.15846801844485,811
"chimpanzee",0.68889607232116,1.08717052779837,1.09943601184959,811
"lion",0.765513979033388,1.05855193950452,1.1661985360487,811
"zebra",0.769411204748005,1.11765828858977,1.1194923324341,811
"gazelle",0.811777526978467,1.22821881686673,1.13563295405026,811
"cat",0.798510250260647,1.01920890619539,0,812
"dog",0.782155901964867,0.926940359120858,0.867457595158494,812
"snake",0.686650946254962,1.10865295182169,1.05716809941006,812
"corn snake",0.805370891962367,1.21708686715056,1.21254891504614,812
"boa",0.841960810238215,1.20923150678267,1.22113392817485,812
"anaconda",0.793604170976073,1.23400377287013,1.24977534689919,812
"human",0.87981147003166,1.00013231519785,1.02874957572005,812
"manatee",0.782294688284645,1.16357463908658,1.16776485323007,812
"sperm whale",0.79950724300208,1.19385701361933,1.21571780329969,812
"blue whale",0.830208846186968,1.18039054339547,1.13955490883592,812
"killer whale",0.776746524244284,1.16854122686492,1.14133569017221,812
"frog",0.734996018326485,1.09311266529606,1.05377036144737,812
"treefrog",0.827474343065892,1.27954870409889,1.25484916604695,812
"toad",0.792066309653447,1.20527216386212,1.19210285888983,812
"horned toad",0.823601979268817,1.22498957787325,1.28059988939361,812
"salamander",0.768638772830632,1.18879501552329,1.18423891167965,812
"crawdad",0.82904526321709,1.29478269975113,1.18794850092959,812
"clownfish",0.82109197191392,1.19877868079066,1.24441676885773,812
"guppy",0.816870076190352,1.22303391042445,1.15220819261148,812
"goldfish",0.817480044033843,1.06808974496028,1.13267603787276,812
"parrot",0.827401449205534,1.1556004162,1.11256231970562,812
"anaconda",0.793604170976073,1.23400377287013,1.24977534689919,812
"coral",0.872668052456492,1.23244155818024,1.21190053359316,812
"rabbit",0.771395581143032,1.04671233415507,0.986053177081525,812
"deer",0.83073239762018,1.06700221239762,1.13658827631235,812
"dog",0.744441641221489,0.926940359120858,0,813
"gopher",0.857199086423668,1.22079710953646,1.21039144545172,813
"cat",0.749855385592657,1.01920890619539,0.867457595158494,813
"lion",0.743569536095089,1.05855193950452,1.09555253396067,813
"tiger",0.793859846464634,1.13699789913431,1.11649752645681,813
"platypus",0.81058195799821,1.17150547090275,1.19565563746138,813
"walrus",0.767806662003643,1.19558220880476,1.18344811469104,813
"dolphin",0.805859093959015,1.14812093430291,1.16095531211422,813
"parrot",0.793549346082953,1.1556004162,1.09334945637094,813
"parakeet",0.835932887208304,1.1946089193589,1.12171325978222,813
"spider",0.764219853055557,1.17267982481853,1.07483080059683,813
"lion",0.743569536095089,1.05855193950452,1.09555253396067,813
"fish",0.779564970520401,0.98859879554237,0.991729370751397,813
"snake",0.747408707347983,1.10865295182169,1.04570627686665,813
"stingray",0.83588403209537,1.22149222059251,1.17353680591612,813
"mantis",0.857316059931657,1.27640854188245,1.22207436557641,813
"butterfly",0.818754416895003,1.17392380856495,1.10796020026342,813
"ant",0.785714176654407,1.18589992980761,1.12090654357064,813
"fire ant",0.870172009043237,1.20809821999854,1.219535906525,813
"cat",0.766665767713111,1.01920890619539,0,814
"dog",0.776302722713922,0.926940359120858,0.867457595158494,814
"snake",0.776013074498239,1.10865295182169,1.05716809941006,814
"lizard",0.806681719665119,1.15827964655824,1.12781263326051,814
"ostrich",0.789343813473477,1.22836893673411,1.18377296066624,814
"goldfish",0.823407591825875,1.06808974496028,1.13267603787276,814
"koi fish",0.847434837556243,1.11874501740128,1.17928834483849,814
"lion",0.77242661203898,1.05855193950452,1.05198879526451,814
"tiger",0.761765916290063,1.13699789913431,1.02701213766712,814
"bear",0.750100451472817,1.12388948326659,1.05355914921225,814
"panda",0.807180701113455,1.14953149364335,1.13323148485296,814
"polar bear",0.741794182620166,1.16102285916568,1.13058062625004,814
"grizzly bear",0.751484670786639,1.14143784847236,1.17891312963934,814
"jellyfish",0.868327292000328,1.16127957600804,1.19820603840663,814
"sunfish",0.780812605773399,1.19724985502604,1.20058265576996,814
"bluegill",0.843213881715662,1.25691282615943,1.23335250842285,814
"kangaroo",0.769471002602674,1.11054092420269,1.12815262010473,814
"flamingo",0.8160278953281,1.20073936665349,1.18003143365603,814
"penguin",0.73287875729623,1.15620002078011,1.09431074790964,814
"squirrel",0.789000862726351,1.1857650114949,1.09228534730863,814
"chipmunk",0.794298918238838,1.14683035711037,1.12329340061911,814
"bluebird",0.799422403107161,1.17305194938537,1.19582667333648,814
"robin",0.849799091094965,1.24983935986938,1.17702593247744,814
"dog",0.741524208695596,0.926940359120858,0,815
"cat",0.730213253923365,1.01920890619539,0.867457595158494,815
"squirrel",0.731347691026016,1.1857650114949,1.1451519891576,815
"ferret",0.785606194067858,1.15848646747173,1.10725467719149,815
"tiger",0.759585718740594,1.13699789913431,1.11649752645681,815
"lion",0.75739977040851,1.05855193950452,1.09555253396067,815
"zebra",0.796138114832859,1.11765828858977,1.16176651615411,815
"giraffe",0.8026949741416,1.18844274658855,1.1766182122444,815
"rhino",0.795839552076571,1.18483103768089,1.2113231152707,815
"crocodile",0.800547843796291,1.14277096325739,1.10561877282043,815
"hamster",0.775114356318282,1.09038119952137,1.03307469530268,815
"rat",0.723061599201201,1.07995102832886,1.00412039494565,815
"flamingo",0.822694843223677,1.20073936665349,1.16838665448443,815
"deer",0.800196462228862,1.06700221239762,1.06696015999775,815
"bull",0.841256550630281,1.15566818750897,1.10637785319266,815
"bird",0.737837440262151,1.07379314834099,1.01009507359507,815
"squirrel",0.731347691026016,1.1857650114949,1.1451519891576,815
"raccoon",0.804900733544003,1.16925510079619,1.18511234830246,815
"monkey",0.742910995334763,1.07765782046529,1.02394317171624,815
"gorilla",0.774345029551122,1.11245245959525,1.11311897594554,815
"gerbil",0.785234470945146,1.1190891012329,1.06847284925107,815
"cat",0.773301498917205,1.01920890619539,0,816
"dog",0.778343978369961,0.926940359120858,0.867457595158494,816
"skunk",0.840796243749666,1.17735568001305,1.17318011307183,816
"horse",0.766011682129632,0.965888696108949,0.958066607342226,816
"cow",0.795809757080361,1.03939429814665,1.05862459059943,816
"bird",0.705131233310248,1.07379314834099,0.998394950185039,816
"toucan",0.854705246837744,1.26095605853567,1.24839551235423,816
"parakeet",0.807200764887694,1.1946089193589,1.13309593950469,816
"penguin",0.723570214062362,1.15620002078011,1.09431074790964,816
"seal",0.83100405877136,1.20738285987118,1.226261689896,816
"polar bear",0.788194152295187,1.16102285916568,1.13058062625004,816
"stork",0.905554849088754,1.29272612716265,1.30339935559632,816
"albatross",0.79283478400503,1.23097346194037,1.22555315654034,816
"whale",0.756524317606261,1.143048159231,1.10235163517106,816
"killer whale",0.754976168691253,1.16854122686492,1.14133569017221,816
"narwhal",0.768542774827592,1.16632408944374,1.13419676564301,816
"sea lion",0.768826686266268,1.10739831907327,1.16893166484572,816
"lion",0.753262829819802,1.05855193950452,1.05198879526451,816
"tiger",0.767375161947151,1.13699789913431,1.02701213766712,816
"gorilla",0.756339064577117,1.11245245959525,1.16565787368717,816
"monkey",0.755004876034991,1.07765782046529,1.0166223194662,816
"ape",0.8103482530647,1.156598483866,1.17036482827735,816
"pelican",0.802276957115084,1.16326890343458,1.23113728060402,816
"flamingo",0.787653564098243,1.20073936665349,1.18003143365603,816
"dolphin",0.822092549586952,1.14812093430291,0,818
"alligator",0.778877521046293,1.17218049712303,1.07977337808102,818
"shark",0.73599504807185,1.18051224038711,1.08969068005088,818
"scorpion",0.830504853518215,1.21413020439407,1.22683340314883,818
"fish",0.78397134839852,0.98859879554237,1.06660901205378,818
"lion",0.795335410347195,1.05855193950452,1.17853094684985,818
"ram",0.8712814047459,1.1975310995479,1.20021857764627,818
"goat",0.819884688773115,1.08472378545158,1.1423904422895,818
"raven",0.848594584820341,1.24063038997202,1.21329029259203,818
"weasel",0.813291534993946,1.25885741375855,1.25956873118805,818
"beaver",0.821471961240299,1.17642596565355,1.1903430761263,818
"snake",0.772135202201967,1.10865295182169,1.14746841162665,818
"snow goose",0.852578339846264,1.25066613111499,1.2488230265016,818
"ant",0.809018203501546,1.18589992980761,1.1193120586423,818
"beetle",0.783235357248657,1.21702995763416,1.2461660110184,818
"wasp",0.793733669694392,1.22894322981949,1.27689433898612,818
"fly",0.804613362883215,1.185276732661,1.19912969962649,818
"dragonfly",0.784087555366024,1.22603351038703,1.24690701195125,818
"lightning bug",0.855254879576149,1.30337916875101,1.26279965388547,818
"whale",0.778228652343972,1.143048159231,1.03918586098768,818
"dog",0.690864095265452,0.926940359120858,0,819
"pig",0.775386088734953,1.1056965981979,1.04714921396337,819
"cow",0.750802747347479,1.03939429814665,1.04145565319362,819
"horse",0.678850920684955,0.965888696108949,0.899299490539192,819
"sheep",0.835308598775656,1.07674053126268,1.12137023053543,819
"bird",0.720061656177163,1.07379314834099,1.01009507359507,819
"shark",0.772537751368567,1.18051224038711,1.0906027082874,819
"fish",0.704644142353853,0.98859879554237,0.991729370751397,819
"bear",0.779435399980486,1.12388948326659,1.03308931617168,819
"lion",0.768212746080696,1.05855193950452,1.09555253396067,819
"tiger",0.770027932828111,1.13699789913431,1.11649752645681,819
"canary",0.84636268787951,1.19541719321321,1.16801244173706,819
"ant",0.831840201625023,1.18589992980761,1.12090654357064,819
"ladybug",0.909020650178057,1.24070408417798,1.17068221410175,819
"fish",0.704644142353853,0.98859879554237,0.991729370751397,819
"cat",0.695728035473302,1.01920890619539,0.867457595158494,819
"eagle",0.790740595197212,1.17344117800103,1.12579073078095,819
"falcon",0.844246449260903,1.23281064372965,1.18255704092234,819
"pig",0.773867067557948,1.1056965981979,0,820
"horse",0.696855675076379,0.965888696108949,1.03263848025411,820
"cow",0.746639567843147,1.03939429814665,0.992912678129189,820
"bird",0.770977228612447,1.07379314834099,1.17066025152139,820
"sheep",0.81101873173249,1.07674053126268,1.0633908367128,820
"lamb",0.81438736648446,1.13880384013632,1.08107975302547,820
"fish",0.752406604378583,0.98859879554237,1.11042649912438,820
"dog",0.735746684422265,0.926940359120858,1.04714921396337,820
"cat",0.738669510580084,1.01920890619539,1.02566879138511,820
"monkey",0.728390807660566,1.07765782046529,1.05096306206956,820
"bear",0.799984835817449,1.12388948326659,1.14048423509613,820
"tiger",0.762826160118342,1.13699789913431,1.10093160968611,820
"jaguar",0.824972043566678,1.22303102406277,1.1654512771658,820
"leopard",0.785739681136091,1.13797163209713,1.09819889855898,820
"lion",0.72176547161008,1.05855193950452,1.15244990899264,820
"hippo",0.802370864628364,1.15746428721802,1.11047074941264,820
"hyena",0.830450674671896,1.11958025880767,1.22089197425021,820
"snake",0.789557175996794,1.10865295182169,1.12766557740554,820
"bird",0.770977228612447,1.07379314834099,1.17066025152139,820
"ostrich",0.804967257574044,1.22836893673411,1.15250615079392,820
"shrimp",0.861055524714727,1.21639049815389,1.16830676122297,820
"crab",0.832361933160126,1.21016342559086,1.21133361679889,820
"lobster",0.878866778437333,1.23174696520555,1.22123933174817,820
"horse",0.696855675076379,0.965888696108949,1.03263848025411,820
"llama",0.77412997842596,1.1520927992141,1.13027102605131,820
"alpaca",0.826141382842593,1.17494183822496,1.19664790850499,820
"camel",0.80957181634999,1.1599943725029,1.08532082900331,820
"cheetah",0.77484947284947,1.1395872374058,1.12424246757325,820
"lion",0.72176547161008,1.05855193950452,1.15244990899264,820
"ape",0.82378234596671,1.156598483866,1.10649044062043,820
"monkey",0.728390807660566,1.07765782046529,1.05096306206956,820
"cow",0.741058298443731,1.03939429814665,0,821
"pig",0.737446641335569,1.1056965981979,0.992912678129189,821
"dog",0.70480239483954,0.926940359120858,1.04145565319362,821
"horse",0.662556222232292,0.965888696108949,0.944755506761795,821
"cat",0.70678027631473,1.01920890619539,1.05862459059943,821
"sheep",0.782721444106826,1.07674053126268,1.01110734498841,821
"rabbit",0.740378470474398,1.04671233415507,1.10070779253015,821
"muskrat",0.765912970709284,1.17414527403126,1.11050055203603,821
"catfish",0.810436858928192,1.12634328036673,1.15075867124039,821
"goldfish",0.82288509155603,1.06808974496028,1.15537201236564,821
"bull",0.807038698560631,1.15566818750897,0.922101394012814,821
"goat",0.763584169020085,1.08472378545158,1.05233524749186,821
"mouse",0.766959363546553,1.10481593397117,1.1236854647072,821
"rat",0.6763466478141,1.07995102832886,1.09668285854152,821
"ant",0.832293503339295,1.18589992980761,1.14512824183772,821
"cricket",0.849745613390462,1.17761881381565,1.16819746985627,821
"human",0.817918638847045,1.00013231519785,1.11817185975835,821
"seagull",0.828412000766111,1.20116823669497,1.23464616540456,821
"goose",0.801379586385927,1.22944068126678,1.17654778149895,821
"swan",0.828594951054361,1.22322953142548,1.22632356261294,821
"dog",0.765176203853161,0.926940359120858,0,822
"cat",0.760926545091342,1.01920890619539,0.867457595158494,822
"lion",0.747300702166267,1.05855193950452,1.09555253396067,822
"turtle",0.73332298529754,1.18890452583575,1.08414286552553,822
"fish",0.7362436867238,0.98859879554237,0.991729370751397,822
"gerbil",0.826355859533723,1.1190891012329,1.06847284925107,822
"giraffe",0.783131177086545,1.18844274658855,1.1766182122444,822
"elephant",0.714734875892748,1.04619490980886,1.11684809080827,822
"rhinoceros",0.722561931211629,1.11236943592377,1.18702199470307,822
"hippopotamus",0.761970808138141,1.15659977897511,1.1666862854957,822
"ostrich",0.789314002170584,1.22836893673411,1.23191979429873,822
"bird",0.763273964407067,1.07379314834099,1.01009507359507,822
"toucan",0.86023247483765,1.26095605853567,1.24246137250245,822
"lion",0.747300702166267,1.05855193950452,1.09555253396067,822
"bear",0.802795803498121,1.12388948326659,1.03308931617168,822
"tiger",0.772408877542126,1.13699789913431,1.11649752645681,822
"rat",0.77253346678168,1.07995102832886,1.00412039494565,822
"whale",0.766723744043464,1.143048159231,1.1239687715978,822
"jellyfish",0.818479897160711,1.16127957600804,1.21275635757194,822
"stingray",0.826848335972815,1.22149222059251,1.17353680591612,822
"clownfish",0.838959986681793,1.19877868079066,1.20118303041323,822
"swordfish",0.835313373685554,1.25976042656161,1.22528195020386,822
"turtle",0.73332298529754,1.18890452583575,1.08414286552553,822
"snake",0.77222236516039,1.10865295182169,1.04570627686665,822
"dog",0.744775823014196,0.926940359120858,0,823
"cat",0.740578176432621,1.01920890619539,0.867457595158494,823
"hamster",0.793927889178565,1.09038119952137,1.03307469530268,823
"bunny",0.747278199284594,1.12719759752837,1.01091947523195,823
"lizard",0.790602025587339,1.15827964655824,1.115947767103,823
"snake",0.759543096625408,1.10865295182169,1.04570627686665,823
"turtle",0.779347049540215,1.18890452583575,1.08414286552553,823
"kangaroo",0.790920059371016,1.11054092420269,1.13555650751255,823
"zebra",0.786134543407378,1.11765828858977,1.16176651615411,823
"tiger",0.80755714662544,1.13699789913431,1.11649752645681,823
"lion",0.791257187173862,1.05855193950452,1.09555253396067,823
"gazelle",0.864828925475676,1.22821881686673,1.26587302973454,823
"reindeer",0.880778930142949,1.15991431108633,1.22667721701427,823
"doe",0.865529527169523,1.21610572908469,1.08097783495077,823
"skunk",0.821283480877651,1.17735568001305,1.16439197268452,823
"snail",0.810019917385673,1.20042229615771,1.1152276790185,823
"butterfly",0.812626398404698,1.17392380856495,1.10796020026342,823
"worm",0.855757701287968,1.22780003846999,1.15247198827542,823
"blue jay",0.855702163581481,1.2682472456516,1.22315927514729,823
"bird",0.701471570380189,1.07379314834099,1.01009507359507,823
"swan",0.852307613999713,1.22322953142548,1.20890584528535,823
"canary",0.832120095158879,1.19541719321321,1.16801244173706,823
"cardinal",0.859349660881011,1.22105323193002,1.21845340356387,823
"parakeet",0.80278345621954,1.1946089193589,1.12171325978222,823
"dog",0.710817915997884,0.926940359120858,0,824
"bear",0.768628965355487,1.12388948326659,1.03308931617168,824
"cat",0.736821542204543,1.01920890619539,0.867457595158494,824
"lion",0.756329034406581,1.05855193950452,1.09555253396067,824
"cheetah",0.772063629242,1.1395872374058,1.14695160232405,824
"tiger",0.748696557838527,1.13699789913431,1.11649752645681,824
"penguin",0.768729917746686,1.15620002078011,1.09024062195603,824
"zebra",0.789449482556231,1.11765828858977,1.16176651615411,824
"gorilla",0.776229641155884,1.11245245959525,1.11311897594554,824
"alligator",0.739855279799671,1.17218049712303,1.11561137194911,824
"crocodile",0.708459902219369,1.14277096325739,1.10561877282043,824
"koala",0.791506220279628,1.18959738674953,1.17679292989032,824
"lizard",0.770571759018796,1.15827964655824,1.115947767103,824
"iguana",0.79877638063735,1.18559506970146,1.12772959703542,824
"fish",0.748281542138666,0.98859879554237,0.991729370751397,824
"jellyfish",0.846584166642926,1.16127957600804,1.21275635757194,824
"shark",0.746356840244697,1.18051224038711,1.0906027082874,824
"whale",0.77750870713282,1.143048159231,1.1239687715978,824
"dog",0.710817915997884,0.926940359120858,0,824
"dog",0.701915610042928,0.926940359120858,0,825
"cat",0.695980591251694,1.01920890619539,0.867457595158494,825
"mouse",0.768347858550416,1.10481593397117,1.00358886691622,825
"rat",0.727509091713982,1.07995102832886,1.00412039494565,825
"muskrat",0.780076861113989,1.17414527403126,1.15608242745107,825
"frog",0.790455532199258,1.09311266529606,1.05010319320121,825
"fish",0.730273469027826,0.98859879554237,0.991729370751397,825
"giraffe",0.811349441010461,1.18844274658855,1.1766182122444,825
"horse",0.698216028722612,0.965888696108949,0.899299490539192,825
"elephant",0.73504272057732,1.04619490980886,1.11684809080827,825
"zebra",0.790780223955284,1.11765828858977,1.16176651615411,825
"leopard",0.777355981897561,1.13797163209713,1.14684930401292,825
"cheetah",0.767329807242954,1.1395872374058,1.14695160232405,825
"tiger",0.765875701049148,1.13699789913431,1.11649752645681,825
"eagle",0.818206459564942,1.17344117800103,1.12579073078095,825
"cockatoo",0.804817581244295,1.20713620253153,1.11296009072442,825
"dog",0.701915610042928,0.926940359120858,0,825
"cat",0.695980591251694,1.01920890619539,0.867457595158494,825
"ferret",0.798051091579918,1.15848646747173,1.10725467719149,825
"goldfish",0.811869534174686,1.06808974496028,1.09075150698093,825
"bass",0.872036483677515,1.18137962304228,1.16292166583625,825
"crappie",0.866012690270078,1.27277313042336,1.2212850303123,825
"tapir",0.776555887331923,1.11870978386706,1.12946910615265,825
"elephant",0.73504272057732,1.04619490980886,1.11684809080827,825
"crocodile",0.778692345138061,1.14277096325739,1.10561877282043,825
"snail",0.808236511571347,1.20042229615771,0,826
"eagle",0.793756982799621,1.17344117800103,1.26940851370973,826
"canary",0.833910783426711,1.19541719321321,1.21470718565695,826
"crow",0.811772333400587,1.21928077291798,1.22666684991086,826
"bird",0.679645771174613,1.07379314834099,1.11613605376093,826
"dog",0.746872213028301,0.926940359120858,1.1152276790185,826
"cat",0.739563887896407,1.01920890619539,1.10944261646417,826
"mouse",0.772577180294477,1.10481593397117,1.08308377130857,826
"lizard",0.804805739499598,1.15827964655824,1.25515975799432,826
"frog",0.74514100260168,1.09311266529606,1.09780969300747,826
"slug",0.792715352843255,1.20753319248615,0.873217921048178,826
"crane",0.835432430912669,1.22665468877589,1.24722386761564,826
"flamingo",0.788092805974758,1.20073936665349,1.22653958896595,826
"egret",0.78127584691911,1.20411669590078,1.17766392721908,826
"snake",0.755552434444979,1.10865295182169,1.0963441649351,826
"hippopotamus",0.804903640690528,1.15659977897511,1.12500721645459,826
"giraffe",0.806466449537571,1.18844274658855,1.18575797711422,826
"lion",0.795529171943031,1.05855193950452,1.21399037299771,826
"dog",0.787214151506408,0.926940359120858,0,827
"cat",0.783529513547293,1.01920890619539,0.867457595158494,827
"bird",0.759042103919273,1.07379314834099,1.01009507359507,827
"elephant",0.714571227796694,1.04619490980886,1.11684809080827,827
"giraffe",0.766167225461902,1.18844274658855,1.1766182122444,827
"gorilla",0.777198714111397,1.11245245959525,1.11311897594554,827
"monkey",0.7500110626266,1.07765782046529,1.02394317171624,827
"ostrich",0.756144289752841,1.22836893673411,1.23191979429873,827
"armadillo",0.803361034010567,1.17354896519193,1.21947061801334,827
"pangolin",0.783514758400371,1.1956242820337,1.19509378105317,827
"lion",0.716709581064596,1.05855193950452,1.09555253396067,827
"puma",0.785920915745436,1.15576661050537,1.17269928062431,827
"cheetah",0.708824085781869,1.1395872374058,1.14695160232405,827
"octopus",0.799987983329241,1.1974860366461,1.20465638047758,827
"tiger",0.742389184464964,1.13699789913431,1.11649752645681,827
"eagle",0.788946486588748,1.17344117800103,1.12579073078095,827
"hawk",0.800266423070685,1.18909948871919,1.17307740149811,827
"horse",0.750152027523142,0.965888696108949,0.899299490539192,827
"zebra",0.762473552050776,1.11765828858977,1.16176651615411,827
"baboon",0.698930421114005,1.15012684992934,1.15099198393117,827
"hyena",0.773708493479045,1.11958025880767,1.18207745823593,827
"gorilla",0.824350194725325,1.11245245959525,0,828
"monkey",0.756947759836622,1.07765782046529,0.95607547781684,828
"salamander",0.811345460437393,1.18879501552329,1.19095396077573,828
"horse",0.691648624362725,0.965888696108949,1.17478193272842,828
"pig",0.745612887512483,1.1056965981979,1.19234703759537,828
"cow",0.756155337409745,1.03939429814665,1.1006408802803,828
"chicken",0.766705210906345,1.12164530625985,1.18704561392764,828
"goat",0.773432327581445,1.08472378545158,1.16864589987808,828
"donkey",0.76635950504315,1.08371708158835,1.08817652625258,828
"bird",0.734179216971566,1.07379314834099,1.07190117765283,828
"snake",0.735616081412803,1.10865295182169,1.15728236041292,828
"rat",0.694702124712801,1.07995102832886,1.15428740228155,828
"mouse",0.739689087029814,1.10481593397117,1.16461610505866,828
"mole",0.869675442828382,1.21726216691728,1.22184601569357,828
"dog",0.699011544298716,0.926940359120858,1.11311897594554,828
"cat",0.702933247867262,1.01920890619539,1.16565787368717,828
"hamster",0.766491143558641,1.09038119952137,1.11971642112996,828
"guinea pig",0.789297195069367,1.0762220833286,1.13527682269075,828
"spider",0.761414439149196,1.17267982481853,1.1728502136092,828
"fly",0.818697780230935,1.185276732661,1.26085012815547,828
"bee",0.813995238942741,1.20129180582889,1.18374987218831,828
"wasp",0.854585636374372,1.22894322981949,1.1887007026723,828
"centipede",0.871591236643156,1.23432319385558,1.17167712611242,828
"bat",0.749287588822908,1.14760293454915,1.16433501190466,828
"dog",0.690569732975448,0.926940359120858,0,829
"cat",0.682212240639251,1.01920890619539,0.867457595158494,829
"rabbit",0.691360288928728,1.04671233415507,0.976801833619715,829
"gerbil",0.754639273120019,1.1190891012329,1.06847284925107,829
"mouse",0.680843212463345,1.10481593397117,1.00358886691622,829
"chinchilla",0.776158965456492,1.16267681872322,1.13401978199914,829
"iguana",0.82897563291457,1.18559506970146,1.12772959703542,829
"bird",0.721983413804808,1.07379314834099,1.01009507359507,829
"owl",0.798478926690071,1.18092650248244,1.16433237850303,829
"fish",0.754204793383701,0.98859879554237,0.991729370751397,829
"snake",0.719866902592257,1.10865295182169,1.04570627686665,829
"lion",0.789005247302475,1.05855193950452,1.09555253396067,829
"bear",0.806724665826653,1.12388948326659,1.03308931617168,829
"peacock",0.826673540203778,1.1683612548568,1.19224441146023,829
"mouse",0.680843212463345,1.10481593397117,1.00358886691622,829
"cat",0.75182952013451,1.01920890619539,0,830
"dog",0.751738780179962,0.926940359120858,0.867457595158494,830
"fish",0.778059021024315,0.98859879554237,1.03820680338852,830
"frog",0.757763015490924,1.09311266529606,1.05377036144737,830
"duck",0.818019442601953,1.17873004365005,1.07417529512646,830
"eagle",0.771796239105673,1.17344117800103,1.14973933430312,830
"zebra",0.78579308296028,1.11765828858977,1.14692971349433,830
"giraffe",0.823193194178059,1.18844274658855,1.17450121575645,830
"alligator",0.76513784197331,1.17218049712303,1.12875287048276,830
"shark",0.772956952517602,1.18051224038711,1.0996689429111,830
"whale",0.803314866997648,1.143048159231,1.10235163517106,830
"ladybug",0.886602934718986,1.24070408417798,1.20397939983436,830
"worm",0.843733603404228,1.22780003846999,1.13872973726062,830
"fly",0.814152447433876,1.185276732661,1.08079926937237,830
"bee",0.836178996429659,1.20129180582889,1.11440654992153,830
"snake",0.756942130344021,1.10865295182169,1.05716809941006,830
"hawk",0.800071788223014,1.18909948871919,1.20803752946435,830
"vulture",0.830387871787405,1.21277925549494,1.22733350263623,830
"elephant",0.756976502779914,1.04619490980886,1.0988771715258,830
"panda",0.842490215935387,1.14953149364335,1.13323148485296,830
"panther",0.759899570624973,1.12540293292384,1.00659497552622,830
"wolf",0.746168764326996,1.0770628836108,1.0534889515561,830
"mountain lion",0.840783316706784,1.16768866695378,1.10644689331966,830
"fox",0.832318850041787,1.15622103762418,1.12916428611752,830
"antelope",0.773360013554856,1.09219980795382,1.17792789674247,830
"deer",0.7752883188508,1.06700221239762,1.13658827631235,830
"turtle",0.775714975269416,1.18890452583575,1.09912758412688,830
"toad",0.830209699812639,1.20527216386212,1.19210285888983,830
"owl",0.769650914404321,1.18092650248244,1.1313287103127,830
"cat",0.75780087879687,1.01920890619539,0,831
"dog",0.76663695771332,0.926940359120858,0.867457595158494,831
"tiger",0.751335977906101,1.13699789913431,1.02701213766712,831
"lion",0.680579454887758,1.05855193950452,1.05198879526451,831
"pig",0.809011080667169,1.1056965981979,1.02566879138511,831
"sheep",0.823224220854112,1.07674053126268,1.14767692544516,831
"cow",0.782288460799641,1.03939429814665,1.05862459059943,831
"bird",0.781787303616109,1.07379314834099,0.998394950185039,831
"eagle",0.800301386412494,1.17344117800103,1.14973933430312,831
"lion",0.680579454887758,1.05855193950452,1.05198879526451,831
"cheetah",0.778197425917878,1.1395872374058,1.10568407721678,831
"whale",0.748350971961986,1.143048159231,1.10235163517106,831
"dolphin",0.807920611840617,1.14812093430291,1.167126732287,831
"fish",0.763152366762237,0.98859879554237,1.03820680338852,831
"seal",0.84742497904548,1.20738285987118,1.226261689896,831
"sea lion",0.710099911901502,1.10739831907327,1.16893166484572,831
"shark",0.761047596943282,1.18051224038711,1.0996689429111,831
"badger",0.840087564494414,1.21181567465781,1.21067457840792,831
"honey badger",0.808006919720795,1.16513047914704,1.20416667452993,831
"grasshopper",0.871467822859677,1.226238483788,1.20311229469772,831
"penguin",0.756407333931373,1.15620002078011,1.09431074790964,831
"giraffe",0.799595605247643,1.18844274658855,1.17450121575645,831
"sea lion",0.710099911901502,1.10739831907327,1.16893166484572,831
"dog",0.698179799978357,0.926940359120858,0,832
"cat",0.698248079182839,1.01920890619539,0.867457595158494,832
"fish",0.74754720210295,0.98859879554237,0.991729370751397,832
"pig",0.783288550297861,1.1056965981979,1.04714921396337,832
"cow",0.733671652035768,1.03939429814665,1.04145565319362,832
"horse",0.69198483077373,0.965888696108949,0.899299490539192,832
"chicken",0.74664760068163,1.12164530625985,1.04643623667542,832
"bear",0.74038236077334,1.12388948326659,1.03308931617168,832
"lion",0.770369440356527,1.05855193950452,1.09555253396067,832
"tiger",0.754993308378523,1.13699789913431,1.11649752645681,832
"koala",0.823238399531358,1.18959738674953,1.17679292989032,832
"giraffe",0.8192055279699,1.18844274658855,1.1766182122444,832
"polar bear",0.759951556826891,1.16102285916568,1.12858856323028,832
"bird",0.753765101898276,1.07379314834099,1.01009507359507,832
"snake",0.74767494318929,1.10865295182169,1.04570627686665,832
"iguana",0.79711960026448,1.18559506970146,1.12772959703542,832
"lizard",0.7743469079153,1.15827964655824,1.115947767103,832
"dog",0.721521134330896,0.926940359120858,0,833
"cat",0.695164720708308,1.01920890619539,0.867457595158494,833
"mouse",0.788463193523175,1.10481593397117,1.00358886691622,833
"tiger",0.729952637985317,1.13699789913431,1.11649752645681,833
"penguin",0.750506818472268,1.15620002078011,1.09024062195603,833
"giraffe",0.763789576801756,1.18844274658855,1.1766182122444,833
"elephant",0.695507762548732,1.04619490980886,1.11684809080827,833
"lion",0.694290182446583,1.05855193950452,1.09555253396067,833
"horse",0.70765016019374,0.965888696108949,0.899299490539192,833
"donkey",0.769189123005713,1.08371708158835,1.07791091585768,833
"meerkat",0.716433228065439,1.04673646944988,1.10531843707928,833
"cheetah",0.751108855477477,1.1395872374058,1.14695160232405,833
"polar bear",0.774678250256138,1.16102285916568,1.12858856323028,833
"dog",0.710430572915485,0.926940359120858,0,834
"cat",0.702080834039403,1.01920890619539,0.867457595158494,834
"cow",0.714481077037088,1.03939429814665,1.04145565319362,834
"chicken",0.766584296974223,1.12164530625985,1.04643623667542,834
"pig",0.739812404528235,1.1056965981979,1.04714921396337,834
"lion",0.754271651348594,1.05855193950452,1.09555253396067,834
"zebra",0.811609392075245,1.11765828858977,1.16176651615411,834
"elephant",0.725417458562219,1.04619490980886,1.11684809080827,834
"moose",0.77073822753785,1.16497628200128,1.13924183367507,834
"deer",0.74382186772904,1.06700221239762,1.06696015999775,834
"rat",0.708794775416248,1.07995102832886,1.00412039494565,834
"tiger",0.763010610975964,1.13699789913431,1.11649752645681,834
"fish",0.763758156890679,0.98859879554237,0.991729370751397,834
"groundhog",0.879259175898626,1.2798767044961,1.22072380047568,834
"possum",0.782674111556275,1.1384574350749,1.14819749110142,834
"horse",0.666796164263533,0.965888696108949,0.899299490539192,834
"dog",0.754823775922971,0.926940359120858,0,835
"human",0.811130170905557,1.00013231519785,0.993288173898034,835
"ape",0.79546467645788,1.156598483866,1.13060365036776,835
"insect",0.817531147802616,1.06849834917833,1.06488261804606,835
"spider",0.797586173946413,1.17267982481853,1.07483080059683,835
"elephant",0.712372550256976,1.04619490980886,1.11684809080827,835
"tiger",0.745646974485955,1.13699789913431,1.11649752645681,835
"moonglow boa",0.931886311698765,1.24184307743589,1.26010418217286,835
"monkey",0.746705321424367,1.07765782046529,1.02394317171624,835
"white tiger",0.781727195581805,1.18407963607085,1.16758100078487,835
"bird",0.73286158251602,1.07379314834099,1.01009507359507,835
"mockingjay",0.943222086404017,1.29668439171169,1.29393076681874,835
"peacock",0.770984159501014,1.1683612548568,1.19224441146023,835
"whale",0.770265837193949,1.143048159231,1.1239687715978,835
"fish",0.721636078393306,0.98859879554237,0.991729370751397,835
"tuna",0.83120542456593,1.27465422411242,1.22897827035395,835
"cod",0.872528984069146,1.18115732847604,1.20613324548824,835
"giraffe",0.807095416354427,1.18844274658855,1.1766182122444,835
"bonobo",0.81726923728608,1.05540213134542,0,837
"orangutan",0.739340569989752,1.17108604624696,0.934594873404314,837
"chimpanzee",0.732537379733774,1.08717052779837,0.852547334188118,837
"monkey",0.727319855799191,1.07765782046529,1.03421770397286,837
"whale",0.785671663180522,1.143048159231,1.19758970084433,837
"dolphin",0.793504668174924,1.14812093430291,1.08065258837241,837
"tuna",0.832436527016375,1.27465422411242,1.25068112229569,837
"goldfish",0.833521499320843,1.06808974496028,1.22590781290352,837
"salmon",0.787800085793042,1.24305737962748,1.17287732260005,837
"trout",0.869108315331694,1.28485087227141,1.23030471583469,837
"tuna",0.832436527016375,1.27465422411242,1.25068112229569,837
"gorilla",0.743647955994887,1.11245245959525,1.08740882975265,837
"giraffe",0.791502823478984,1.18844274658855,1.14375561185449,837
"rhino",0.796193480204031,1.18483103768089,1.13534048752167,837
"cheetah",0.747316529545613,1.1395872374058,1.1816370857395,837
"lion",0.747982334037955,1.05855193950452,1.12654674693513,837
"leopard",0.762656754186012,1.13797163209713,1.22318285499286,837
"panther",0.717915088537239,1.12540293292384,1.19297389020217,837
"dog",0.782286768672532,0.926940359120858,1.17303539344461,837
"cat",0.76628306882465,1.01920890619539,1.19715420804927,837
"panther",0.717915088537239,1.12540293292384,1.19297389020217,837
"pig",0.798820315186376,1.1056965981979,1.23745936831005,837
"horse",0.773480135221976,0.965888696108949,1.17498703693342,837
"elephant",0.719401112278634,1.04619490980886,1.09990617028109,837
"panda",0.789078231042559,1.14953149364335,0,838
"red panda",0.822616843406165,1.17859554864119,0.582126259222684,838
"fox",0.792951682900931,1.15622103762418,1.1714441589901,838
"wolf",0.736977716055406,1.0770628836108,1.11081701699472,838
"lion",0.728925992778357,1.05855193950452,1.09969103150298,838
"tiger",0.743008570749254,1.13699789913431,1.06899318677252,838
"monkey",0.733449137054433,1.07765782046529,1.06369719660825,838
"snake",0.77476801560185,1.10865295182169,1.21075091779544,838
"horse",0.71212973803255,0.965888696108949,1.15686250360299,838
"chicken",0.757674883530226,1.12164530625985,1.16521316906708,838
"pig",0.797684189180255,1.1056965981979,1.12854025052072,838
"mouse",0.786444924829984,1.10481593397117,1.22451705382458,838
"cat",0.712177111202414,1.01920890619539,1.13323148485296,838
"dog",0.721438999556343,0.926940359120858,1.14271921469821,838
"rabbit",0.728978268904416,1.04671233415507,1.15107240428158,838
"mountain lion",0.806085203231099,1.16768866695378,1.16890914607937,838
"sheep",0.811244091040004,1.07674053126268,1.18996612082698,838
"eagle",0.776413286063976,1.17344117800103,1.2073145478911,838
"bluebird",0.829779108239433,1.17305194938537,1.20202256957614,838
"blue jay",0.882189211935212,1.2682472456516,1.18933887412624,838
"crow",0.812622725893283,1.21928077291798,1.15037919119093,838
"lion",0.74090979938481,1.05855193950452,0,839
"tiger",0.752506337717805,1.13699789913431,0.970815129732415,839
"bear",0.690733495064312,1.12388948326659,1.00896987656731,839
"zebra",0.795071188266672,1.11765828858977,1.05157695284697,839
"cat",0.754086042582899,1.01920890619539,1.05198879526451,839
"dog",0.746351722651219,0.926940359120858,1.09555253396067,839
"polar bear",0.710998596510125,1.16102285916568,1.04501815273375,839
"grizzly bear",0.719392924320592,1.14143784847236,1.04210265285618,839
"black bear",0.738104232410656,1.13117148488037,1.07465213022469,839
"brown bear",0.782603437570243,1.18852684851716,1.08743691565395,839
"fish",0.775686751912653,0.98859879554237,1.16479119545868,839
"shark",0.778059136009396,1.18051224038711,1.1243831357053,839
"penguin",0.762796564713601,1.15620002078011,1.11918677860705,839
"otter",0.838749008312416,1.22638632683781,1.13276181046218,839
"seal",0.840316938273314,1.20738285987118,1.09973786737086,839
"hippo",0.7931964665076,1.15746428721802,1.09933572868942,839
"pig",0.806953529337629,1.1056965981979,1.15244990899264,839
"horse",0.722473481714084,0.965888696108949,1.06426455217394,839
"cow",0.766660856438323,1.03939429814665,1.17242330129717,839
"llama",0.773039902323684,1.1520927992141,1.08990448617297,839
"alpaca",0.822427311418765,1.17494183822496,1.11046082192997,839
"camel",0.828701804720395,1.1599943725029,1.13936210013042,839
"bird",0.809750529175916,1.07379314834099,1.1590624304701,839
"dog",0.751686482121131,0.926940359120858,0,840
"cat",0.766240229666569,1.01920890619539,0.867457595158494,840
"snake",0.726922071396579,1.10865295182169,1.04570627686665,840
"turtle",0.788956386531557,1.18890452583575,1.08414286552553,840
"centipede",0.836377417012322,1.23432319385558,1.20548762492652,840
"mouse",0.769957858415584,1.10481593397117,1.00358886691622,840
"caribou",0.848732841861223,1.13490886332842,1.25624514199866,840
"wolf",0.748983737239723,1.0770628836108,0.973612122068049,840
"husky",0.846907202869674,1.1660405585046,0.981371851318472,840
"frog",0.779916293066909,1.09311266529606,1.05010319320121,840
"scorpion",0.837709194224861,1.21413020439407,1.16582923271754,840
"grasshopper",0.824793617591606,1.226238483788,1.20484160221324,840
"cockroach",0.795403730558725,1.20339152015345,1.17466078749266,840
"black bear",0.784417807354007,1.13117148488037,1.11406762662737,840
"polar bear",0.78906438918799,1.16102285916568,1.12858856323028,840
"grizzly bear",0.742582261385749,1.14143784847236,1.15207353264172,840
"antelope",0.762373190139871,1.09219980795382,1.16513816870806,840
"deer",0.75831250417719,1.06700221239762,1.06696015999775,840
"tiger",0.786988800172628,1.13699789913431,1.11649752645681,840
"lion",0.761391803911712,1.05855193950452,1.09555253396067,840
"swordfish",0.852839621953701,1.25976042656161,1.22528195020386,840
"gopher",0.82023022918581,1.22079710953646,1.21039144545172,840
"porcupine",0.763966652689186,1.14777247577638,1.15913462701491,840
"rat",0.76266452409853,1.07995102832886,1.00412039494565,840
"mouse",0.769957858415584,1.10481593397117,1.00358886691622,840
"viper",0.839263574947026,1.30372543606857,1.22768559840085,840
"cottonmouth",0.847990968241916,1.20834638260217,1.14780317301708,840
"giraffe",0.821910242573362,1.18844274658855,0,841
"elephant",0.732616581166232,1.04619490980886,0.967751303315793,841
"cat",0.760818762666847,1.01920890619539,1.17450121575645,841
"dog",0.744231071690719,0.926940359120858,1.1766182122444,841
"mantis",0.869994662067848,1.27640854188245,1.08866649594757,841
"shrimp",0.841562396801158,1.21639049815389,1.22825770390405,841
"whale",0.79474836461602,1.143048159231,1.13316297690244,841
"lion",0.783753272298806,1.05855193950452,1.08668088619405,841
"tiger",0.778157456220297,1.13699789913431,1.19358684641506,841
"hyena",0.82820875857826,1.11958025880767,1.11690175641201,841
"dingo",0.832745014213648,1.26604476943448,1.22894170994979,841
"crab",0.804634143260346,1.21016342559086,1.16770687568121,841
"scorpion",0.826868633633552,1.21413020439407,1.19333374131492,841
"bird",0.756055001473501,1.07379314834099,1.11677037959994,841
"eagle",0.802354135845058,1.17344117800103,1.13669910015542,841
"hawk",0.815951900262967,1.18909948871919,1.18707072884511,841
"horse",0.728003836785346,0.965888696108949,1.10083193517547,841
"cow",0.76000831168233,1.03939429814665,1.13056823366891,841
"chicken",0.781261950114897,1.12164530625985,1.1854217589273,841
"pig",0.78672339856587,1.1056965981979,1.20350259538419,841
"goat",0.800203700454287,1.08472378545158,1.11868016347391,841
"snake",0.749708417753001,1.10865295182169,1.1926000839269,841
"cricket",0.842830451419812,1.17761881381565,1.2487677709318,841
"frog",0.759608245246828,1.09311266529606,1.20055057613328,841
"salamander",0.778687912625653,1.18879501552329,1.25830743147867,841
"crocodile",0.750213815241587,1.14277096325739,1.23052665291499,841
"alligator",0.748240817943465,1.17218049712303,1.19457015698324,841
"armadillo",0.811547786706732,1.17354896519193,1.09528678302038,841
"anteater",0.786320338285434,1.10601893960943,1.07541271539278,841
"dog",0.73647344981339,0.926940359120858,0,842
"cat",0.725520163138314,1.01920890619539,0.867457595158494,842
"spider",0.761411460486982,1.17267982481853,1.07483080059683,842
"ant",0.774909895114993,1.18589992980761,1.12090654357064,842
"centipede",0.869218823967103,1.23432319385558,1.20548762492652,842
"penguin",0.799691211488095,1.15620002078011,1.09024062195603,842
"dinosaur",0.819524272431612,1.19602662292496,1.17832171002285,842
"tiger",0.792633711457978,1.13699789913431,1.11649752645681,842
"lion",0.78308556171636,1.05855193950452,1.09555253396067,842
"horse",0.70078448799251,0.965888696108949,0.899299490539192,842
"mouse",0.776068702156338,1.10481593397117,1.00358886691622,842
"hamster",0.781638540988737,1.09038119952137,1.03307469530268,842
"gerbil",0.802378066202094,1.1190891012329,1.06847284925107,842
"guinea pig",0.769739403463009,1.0762220833286,1.06985844792638,842
"pig",0.725132333371916,1.1056965981979,1.04714921396337,842
"hog",0.787365451456569,1.17623306875946,1.12255717119604,842
"boar",0.805390017075212,1.23810575470391,1.24763276723197,842
"bat",0.760444162961534,1.14760293454915,1.08672150474628,842
"whale",0.799562973610434,1.143048159231,1.1239687715978,842
"rhino",0.803949219440435,1.18483103768089,1.2113231152707,842
"gopher",0.845299458192756,1.22079710953646,1.21039144545172,842
"camel",0.824240256975201,1.1599943725029,1.17566039449834,842
"lion",0.786604055102121,1.05855193950452,0,843
"tiger",0.806048668862206,1.13699789913431,0.970815129732415,843
"bear",0.820772630925703,1.12388948326659,1.00896987656731,843
"cat",0.788933046500832,1.01920890619539,1.05198879526451,843
"turtle",0.754262513936244,1.18890452583575,1.14043572028038,843
"flamingo",0.794723850368332,1.20073936665349,1.13239418078284,843
"shark",0.754499119361751,1.18051224038711,1.1243831357053,843
"octopus",0.753474416685833,1.1974860366461,1.09645441871287,843
"clam",0.789785902599547,1.23081016466193,1.25162086376072,843
"lobster",0.798584145531226,1.23174696520555,1.18797329293063,843
"dolphin",0.810958619741109,1.14812093430291,1.17853094684985,843
"alligator",0.744686057144706,1.17218049712303,1.15463377347235,843
"bird",0.780005064392209,1.07379314834099,1.1590624304701,843
"pterodactyl",0.7795788720069,1.25221204521506,1.19180077123267,843
"dinosaur",0.756481550668937,1.19602662292496,1.18664941862351,843
"amphibian",0.786945688913104,1.10558105844707,1.17953692620069,843
"crab",0.748480840876945,1.21016342559086,1.18486115872174,843
"shrimp",0.779643805936893,1.21639049815389,1.20354177526097,843
"elephant",0.716604502059164,1.04619490980886,0.994507647791182,843
"dog",0.751626840582357,0.926940359120858,0,844
"cat",0.751475422816963,1.01920890619539,0.867457595158494,844
"penguin",0.77800092415112,1.15620002078011,1.09024062195603,844
"pig",0.749062922487206,1.1056965981979,1.04714921396337,844
"rhino",0.797418025485806,1.18483103768089,1.2113231152707,844
"zebra",0.778069725743337,1.11765828858977,1.16176651615411,844
"leopard",0.782808062096089,1.13797163209713,1.14684930401292,844
"cheetah",0.755050248653964,1.1395872374058,1.14695160232405,844
"tiger",0.764485526556424,1.13699789913431,1.11649752645681,844
"deer",0.757395510619585,1.06700221239762,1.06696015999775,844
"bear",0.796105839725466,1.12388948326659,1.03308931617168,844
"moose",0.771744361469955,1.16497628200128,1.13924183367507,844
"elephant",0.717514520015621,1.04619490980886,1.11684809080827,844
"giraffe",0.787232168956195,1.18844274658855,1.1766182122444,844
"hippo",0.792695522485689,1.15746428721802,1.15496101920195,844
"hyena",0.8217186864436,1.11958025880767,1.18207745823593,844
"snake",0.777923261857157,1.10865295182169,1.04570627686665,844
"horse",0.704553283145269,0.965888696108949,0.899299490539192,844
"sheep",0.811990605309568,1.07674053126268,1.12137023053543,844
"cow",0.741209952535811,1.03939429814665,1.04145565319362,844
"pig",0.749062922487206,1.1056965981979,1.04714921396337,844
"chicken",0.794956564892945,1.12164530625985,1.04643623667542,844
"eagle",0.805409805464679,1.17344117800103,1.12579073078095,844
"crow",0.841633827391438,1.21928077291798,1.18798805299164,844
"bird",0.775648352737946,1.07379314834099,1.01009507359507,844
"hedgehog",0.812004553956283,1.18158664327682,1.15129495754967,844
"groundhog",0.869151821084344,1.2798767044961,1.22072380047568,844
"beaver",0.814748083037073,1.17642596565355,1.16434848506933,844
"dog",0.711291002315714,0.926940359120858,0,845
"cat",0.714373791809817,1.01920890619539,0.867457595158494,845
"shark",0.766684240861224,1.18051224038711,1.0906027082874,845
"mouse",0.783446014620573,1.10481593397117,1.00358886691622,845
"lion",0.729794239945372,1.05855193950452,1.09555253396067,845
"giraffe",0.786534063362293,1.18844274658855,1.1766182122444,845
"chimpanzee",0.759785599533211,1.08717052779837,1.14015587363641,845
"tiger",0.756849730831384,1.13699789913431,1.11649752645681,845
"gorilla",0.751318176068693,1.11245245959525,1.11311897594554,845
"horse",0.718584649021269,0.965888696108949,0.899299490539192,845
"polar bear",0.785151750846628,1.16102285916568,1.12858856323028,845
"lizard",0.793678468272686,1.15827964655824,1.115947767103,845
"fish",0.744954438922597,0.98859879554237,0.991729370751397,845
"gazelle",0.865214745898062,1.22821881686673,1.26587302973454,845
"dog",0.765795725975917,0.926940359120858,0,846
"cat",0.75614227996811,1.01920890619539,0.867457595158494,846
"canary",0.855805478743452,1.19541719321321,1.16801244173706,846
"crow",0.82027798961797,1.21928077291798,1.18798805299164,846
"eagle",0.804334591489521,1.17344117800103,1.12579073078095,846
"cow",0.789948108847371,1.03939429814665,1.04145565319362,846
"pig",0.792068441000996,1.1056965981979,1.04714921396337,846
"jaguar",0.798090225389796,1.22303102406277,1.19712490544683,846
"cheetah",0.776878543249666,1.1395872374058,1.14695160232405,846
"rooster",0.793049184031873,1.12657324745214,1.09373444817241,846
"llama",0.803681066464645,1.1520927992141,1.10603303430282,846
"frog",0.798437353697547,1.09311266529606,1.05010319320121,846
"fish",0.751564793132384,0.98859879554237,0.991729370751397,846
"shark",0.767007811438374,1.18051224038711,1.0906027082874,846
"dolphin",0.824850568186726,1.14812093430291,1.16095531211422,846
"starfish",0.816939115402513,1.20170058753075,1.1733402246176,846
"clam",0.82920836091506,1.23081016466193,1.1733294942357,846
"oyster",0.854403106090587,1.26861712809642,1.22895326974953,846
"horseshoe crab",0.887325208723947,1.27861940128911,1.25539054158302,846
"osprey",0.846963311761318,1.17943617782798,1.22663765080369,846
"leech",0.880115488334129,1.2987446731337,1.26507110527427,846
"grasshopper",0.833234901016794,1.226238483788,1.20484160221324,846
"beetle",0.822587632611751,1.21702995763416,1.17856635753455,846
"stinkbug",0.809460698196155,1.1370332974089,1.06055099189859,846
"lion",0.76662384737992,1.05855193950452,1.09555253396067,846
"tiger",0.787920398337907,1.13699789913431,1.11649752645681,846
"bear",0.800531266648179,1.12388948326659,1.03308931617168,846
"mountain lion",0.833840051253813,1.16768866695378,1.1939367288286,846
"hedgehog",0.814261090294116,1.18158664327682,1.15129495754967,846
"wolverine",0.859290217240184,1.24116321030287,1.19767109284625,846
"monkey",0.761936653578145,1.07765782046529,0,847
"elephant",0.68375846916078,1.04619490980886,1.07440403350309,847
"rhino",0.777138440359998,1.18483103768089,1.17733583450926,847
"dog",0.787192047008824,0.926940359120858,1.02394317171624,847
"cat",0.789619309279723,1.01920890619539,1.0166223194662,847
"otter",0.840123654574602,1.22638632683781,1.2145902952902,847
"manatee",0.770721798194884,1.16357463908658,1.15778121030603,847
"shark",0.788176691359041,1.18051224038711,1.08282503747366,847
"bengal tiger",0.776926662632487,1.20066984265893,1.10558554712444,847
"lion",0.737893811587253,1.05855193950452,0.983402146206724,847
"african elephant",0.752072330025866,1.10206741121429,1.1084695147291,847
"asian elephant",0.751566402158976,1.15144121224649,1.10652139882433,847
"woolly mammoth",0.828365956151998,1.28341215314118,1.19216746614649,847
"dinosaur",0.805724933690943,1.19602662292496,1.17338622577934,847
"stingray",0.851651932055474,1.22149222059251,1.20997327860746,847
"shrimp",0.879044566705689,1.21639049815389,1.20654460376725,847
"siberian cat",0.789892825907714,1.17572762843916,1.1177114432562,847
"husky",0.826561256596626,1.1660405585046,1.23373646298559,847
"polar bear",0.741166775972304,1.16102285916568,1.17513486390737,847
"grizzly bear",0.701345914627943,1.14143784847236,1.1407190323246,847
"black bear",0.765404568939869,1.13117148488037,1.15155341319434,847
"wolf",0.7569964864503,1.0770628836108,1.08911758946217,847
"fox",0.877168150092331,1.15622103762418,1.15718347760677,847
"chimpanzee",0.769003525832919,1.08717052779837,0.829419794330898,847
"gorilla",0.753661113491033,1.11245245959525,0.95607547781684,847
"cat",0.783794117901123,1.01920890619539,0,848
"mouse",0.850987574944269,1.10481593397117,0.92672767064338,848
"rat",0.831162374952469,1.07995102832886,0.972506627932039,848
"dog",0.795164485558954,0.926940359120858,0.867457595158494,848
"lion",0.753114971708002,1.05855193950452,1.05198879526451,848
"tiger",0.767755520768589,1.13699789913431,1.02701213766712,848
"bengal tiger",0.812989475162393,1.20066984265893,1.10052170016375,848
"polar bear",0.739359816413656,1.16102285916568,1.13058062625004,848
"grizzly bear",0.72252520167287,1.14143784847236,1.17891312963934,848
"sun bear",0.786054482275423,1.16552726602082,1.17677433352252,848
"black bear",0.753749961833601,1.13117148488037,1.14181449863568,848
"giraffe",0.797723206515095,1.18844274658855,1.17450121575645,848
"bear",0.737168190276666,1.12388948326659,1.05355914921225,848
"okapi",0.821798672140937,1.11972082048245,1.22385329974893,848
"zebra",0.820346559442979,1.11765828858977,1.14692971349433,848
"deer",0.794056916868882,1.06700221239762,1.13658827631235,848
"elk",0.801000804432921,1.08271571891172,1.15688998636379,848
"horse",0.775872874577635,0.965888696108949,0.958066607342226,848
"whale",0.695226472838308,1.143048159231,1.10235163517106,848
"blue whale",0.746492753684929,1.18039054339547,1.13955490883592,848
"sperm whale",0.776646595674225,1.19385701361933,1.21571780329969,848
"humpback whale",0.747219795263011,1.24494286768153,1.22192516992266,848
"shark",0.7150064585575,1.18051224038711,1.0996689429111,848
"hammerhead shark",0.809362256696362,1.28476438869271,1.25595938314532,848
"great white shark",0.741616604038265,1.20705688138977,1.14166025148004,848
"whale shark",0.69963594451454,1.20797412896324,1.18631772178041,848
"orca",0.760374620197186,1.17160340326078,1.19262156551938,848
"dolphin",0.823662436601009,1.14812093430291,1.167126732287,848
"jellyfish",0.831015985939107,1.16127957600804,1.19820603840663,848
"goldfish",0.837451376114454,1.06808974496028,1.13267603787276,848
"giraffe",0.790969077982663,1.18844274658855,0,849
"zebra",0.764056718657712,1.11765828858977,1.04606651292038,849
"cat",0.743599229876509,1.01920890619539,1.17450121575645,849
"parrot",0.761962368865988,1.1556004162,1.11822043649549,849
"dog",0.753565406638653,0.926940359120858,1.1766182122444,849
"bunny",0.78750794147265,1.12719759752837,1.17895326651373,849
"bird",0.729671527527206,1.07379314834099,1.11677037959994,849
"snake",0.779371981010909,1.10865295182169,1.1926000839269,849
"jellyfish",0.855861554907239,1.16127957600804,1.15249426907555,849
"shark",0.770371561423832,1.18051224038711,1.13719171477272,849
"whale",0.787448897091999,1.143048159231,1.13316297690244,849
"horse",0.733193619485016,0.965888696108949,1.10083193517547,849
"platypus",0.796828419181336,1.17150547090275,1.07895340812995,849
"penguin",0.742074283734351,1.15620002078011,1.02712776644804,849
"tiger",0.767166729098028,1.13699789913431,1.19358684641506,849
"lion",0.766495141689289,1.05855193950452,1.08668088619405,849
"zebra",0.764056718657712,1.11765828858977,1.04606651292038,849
"rhino",0.81002738851415,1.18483103768089,1.02976919337218,849
"monkey",0.739932286589879,1.07765782046529,1.15868301197865,849
"gorilla",0.783495933923797,1.11245245959525,1.1070919657318,849
"flamingo",0.804826173680521,1.20073936665349,1.08156967703754,849
"owl",0.788136224202762,1.18092650248244,1.10371497664392,849
"duck",0.797921196642197,1.17873004365005,1.21710328004006,849
"goose",0.814424686943697,1.22944068126678,1.14145765021904,849
"alligator",0.782000030624373,1.17218049712303,1.19457015698324,849
"crocodile",0.762920508164384,1.14277096325739,1.23052665291499,849
"bear",0.778159144512407,1.12388948326659,0,850
"cheetah",0.722617008434004,1.1395872374058,1.16575560855565,850
"snake",0.735965189426255,1.10865295182169,1.12277305137837,850
"bobcat",0.768012548949404,1.20517836055836,1.20088954356973,850
"cat",0.711355344016693,1.01920890619539,1.05355914921225,850
"parakeet",0.849830101426155,1.1946089193589,1.29806151287289,850
"raccoon",0.771703870206539,1.16925510079619,1.13995913609221,850
"rabbit",0.700691971433392,1.04671233415507,1.07459882648524,850
"jaguar",0.793665752148634,1.22303102406277,1.16836015763927,850
"kangaroo",0.768976751382491,1.11054092420269,1.08372008008803,850
"dog",0.764714001620352,0.926940359120858,0,851
"bird",0.773932953002541,1.07379314834099,1.01009507359507,851
"human",0.860184325514519,1.00013231519785,0.993288173898034,851
"monkey",0.755924588584985,1.07765782046529,1.02394317171624,851
"dragon",0.771359484174118,1.12991408664459,1.06759611014923,851
"unicorn",0.814685430603437,1.1664242969419,1.19107375542577,851
"griffon",0.877361622108721,1.25307673733289,1.16695766899849,851
"cat",0.766276992730711,1.01920890619539,0.867457595158494,851
"turtle",0.776735731109309,1.18890452583575,1.08414286552553,851
"meerkat",0.766930810433487,1.04673646944988,1.10531843707928,851
"bobcat",0.841054927873976,1.20517836055836,1.21610382540211,851
"lion",0.752631918156866,1.05855193950452,1.09555253396067,851
"tiger",0.772492772043654,1.13699789913431,1.11649752645681,851
"walrus",0.768520373809462,1.19558220880476,1.18344811469104,851
"hippo",0.778604371027528,1.15746428721802,1.15496101920195,851
"seal",0.861148886381797,1.20738285987118,1.20117014375163,851
"whale",0.74644688810462,1.143048159231,1.1239687715978,851
"killer whale",0.766365658630116,1.16854122686492,1.16730493677298,851
"jellyfish",0.84142755647286,1.16127957600804,1.21275635757194,851
"koi fish",0.867940729010874,1.11874501740128,1.16810819060242,851
"suckerfish",0.849798036310881,1.20455992095461,1.13234404860187,851
"manatee",0.754933433861403,1.16357463908658,1.16309671733952,851
"alligator",0.779531953784759,1.17218049712303,1.11561137194911,851
"crocodile",0.760987261548235,1.14277096325739,1.10561877282043,851
"iguana",0.822643395890516,1.18559506970146,1.12772959703542,851
"ostrich",0.777445234370675,1.22836893673411,1.23191979429873,851
"ox",0.862848161393841,1.22733856807562,1.22469754535743,851
"mule",0.844053846075826,1.19213430441657,1.1774969182662,851
"donkey",0.752825433026401,1.08371708158835,1.07791091585768,851
"horse",0.728794255768122,0.965888696108949,0.899299490539192,851
"camel",0.812141931898004,1.1599943725029,1.17566039449834,851
"cat",0.780583250024174,1.01920890619539,0,852
"dog",0.769482933145317,0.926940359120858,0.867457595158494,852
"iguana",0.804459319249793,1.18559506970146,1.16632172306451,852
"elephant",0.70612224394695,1.04619490980886,1.0988771715258,852
"tiger",0.777672107428618,1.13699789913431,1.02701213766712,852
"manatee",0.747336374696187,1.16357463908658,1.16776485323007,852
"lizard",0.779665222039137,1.15827964655824,1.12781263326051,852
"penguin",0.770625110899214,1.15620002078011,1.09431074790964,852
"hyena",0.805161297315515,1.11958025880767,1.25650468486222,852
"cheetah",0.768931306407786,1.1395872374058,1.10568407721678,852
"worm",0.856310648854415,1.22780003846999,1.13872973726062,852
"antelope",0.75539709263603,1.09219980795382,1.17792789674247,852
"anteater",0.765348470055818,1.10601893960943,1.16012889100258,852
"hippo",0.755201682249185,1.15746428721802,1.17830875759957,852
"crocodile",0.71211772837559,1.14277096325739,1.11614177272574,852
"alligator",0.722408870221465,1.17218049712303,1.12875287048276,852
"seagull",0.832431154840902,1.20116823669497,1.15807746142891,852
"cardinal",0.87156341797314,1.22105323193002,1.23744557521854,852
"ant",0.800064221589388,1.18589992980761,1.1306459791942,852
"spider",0.784072589525281,1.17267982481853,1.08740790105025,852
"bear",0.811983244882008,1.12388948326659,1.05355914921225,852
"fish",0.785233201026586,0.98859879554237,1.03820680338852,852
"shark",0.771497661924767,1.18051224038711,1.0996689429111,852
"octopus",0.794646809840061,1.1974860366461,1.20578138567062,852
"mosquito",0.814245998599691,1.1364711014753,1.18922448910613,852
"dog",0.73495073104055,0.926940359120858,0,853
"cat",0.738990506728916,1.01920890619539,0.867457595158494,853
"fish",0.671051077498684,0.98859879554237,0.991729370751397,853
"crab",0.776701828085389,1.21016342559086,1.1367809129018,853
"shark",0.725380975081225,1.18051224038711,1.0906027082874,853
"whale",0.704600806412759,1.143048159231,1.1239687715978,853
"manatee",0.723722344263064,1.16357463908658,1.16309671733952,853
"snake",0.761303640123633,1.10865295182169,1.04570627686665,853
"walrus",0.736142511281824,1.19558220880476,1.18344811469104,853
"otter",0.818521668335912,1.22638632683781,1.24555026651213,853
"dog",0.712189911026097,0.926940359120858,0,854
"cat",0.70083422519,1.01920890619539,0.867457595158494,854
"dolphin",0.835208395509702,1.14812093430291,1.16095531211422,854
"crocodile",0.789725744879418,1.14277096325739,1.10561877282043,854
"sheep",0.811294556330737,1.07674053126268,1.12137023053543,854
"bear",0.792240150912557,1.12388948326659,1.03308931617168,854
"pig",0.774414517233852,1.1056965981979,1.04714921396337,854
"cow",0.748041442747643,1.03939429814665,1.04145565319362,854
"cat",0.70083422519,1.01920890619539,0.867457595158494,854
"insect",0.822048309659857,1.06849834917833,1.06488261804606,854
"parakeet",0.848059670647354,1.1946089193589,1.12171325978222,854
"rhino",0.811405665331882,1.18483103768089,1.2113231152707,854
"lion",0.763646411574727,1.05855193950452,1.09555253396067,854
"giraffe",0.781812089675492,1.18844274658855,1.1766182122444,854
"hippo",0.795095614863572,1.15746428721802,1.15496101920195,854
"deer",0.789385060046517,1.06700221239762,1.06696015999775,854
"gazelle",0.862077227271149,1.22821881686673,1.26587302973454,854
"meerkat",0.757430189088788,1.04673646944988,1.10531843707928,854
"fish",0.745193136749763,0.98859879554237,0.991729370751397,854
"goldfish",0.823911311204309,1.06808974496028,1.09075150698093,854
"bird",0.749572284522789,1.07379314834099,1.01009507359507,854
"frog",0.766471293996676,1.09311266529606,1.05010319320121,854
"lion",0.744377860517118,1.05855193950452,0,855
"zebra",0.799587037523759,1.11765828858977,1.05157695284697,855
"giraffe",0.804428554711073,1.18844274658855,1.08668088619405,855
"alligator",0.794055967025744,1.17218049712303,1.15463377347235,855
"gazelle",0.86077025392931,1.22821881686673,1.16146943043616,855
"wildebeest",0.692971046357179,1.07902457408176,0.892966376467695,855
"bear",0.802098419368091,1.12388948326659,1.00896987656731,855
"salmon",0.829078235948468,1.24305737962748,1.21395873935681,855
"whale",0.77337533662383,1.143048159231,1.09436316654823,855
"squid",0.796612764274823,1.23101554735844,1.23756537391798,855
"octopus",0.760126830271158,1.1974860366461,1.09645441871287,855
"shellfish",0.834618962247397,1.16650419053769,1.21877783690202,855
"crab",0.818249431921147,1.21016342559086,1.18486115872174,855
"snail",0.80056179766493,1.20042229615771,1.21399037299771,855
"dog",0.775498793828277,0.926940359120858,1.09555253396067,855
"cat",0.767735787421295,1.01920890619539,1.05198879526451,855
"mouse",0.780245176830243,1.10481593397117,1.14146421124039,855
"canary",0.871498299930888,1.19541719321321,1.21439623022387,855
"eagle",0.795241113973499,1.17344117800103,1.08579951937092,855
"blackbird",0.842630593628685,1.18062243607136,1.23776676294073,855
"crow",0.827281566890817,1.21928077291798,1.12919805709559,855
"lion",0.744377860517118,1.05855193950452,0,855
"dolphin",0.823268747487785,1.14812093430291,1.17853094684985,855
"anglerfish",0.785822902481075,1.17194523625965,1.15247481501253,855
"puma",0.827408739031911,1.15576661050537,0.991593067592704,855
"rabbit",0.774961287397745,1.04671233415507,1.08731844655873,855
"squirrel",0.797100384925457,1.1857650114949,1.17123478507235,855
"mole",0.876246387658414,1.21726216691728,1.2416002097714,855
"chipmunk",0.783963432477321,1.14683035711037,1.10830787961817,855
"lion",0.7474230889743,1.05855193950452,0,856
"tiger",0.7589814838897,1.13699789913431,0.970815129732415,856
"bear",0.748032490726004,1.12388948326659,1.00896987656731,856
"monkey",0.727929010460907,1.07765782046529,0.983402146206724,856
"caterpillar",0.846068175506552,1.19198543571259,1.17020380581288,856
"dog",0.708585632862024,0.926940359120858,1.09555253396067,856
"cat",0.718002759407506,1.01920890619539,1.05198879526451,856
"german shepherd",0.846469732197398,1.13415910659818,1.14214395109807,856
"chicken",0.769864184721677,1.12164530625985,1.13291712274483,856
"goat",0.777711038971228,1.08472378545158,1.16064084782157,856
"cow",0.731111833072475,1.03939429814665,1.17242330129717,856
"squirrel",0.775781721862631,1.1857650114949,1.17123478507235,856
"deer",0.754013931336614,1.06700221239762,1.08523678541617,856
"polar bear",0.781728697478248,1.16102285916568,1.04501815273375,856
"bison",0.85137317752068,1.21049740565957,1.17711898768384,856
"sheep",0.790255551673315,1.07674053126268,1.11896373366559,856
"orangutan",0.808134128721795,1.17108604624696,1.07630459927908,856
"bird",0.764158967629423,1.07379314834099,1.1590624304701,856
"grasshopper",0.854388558170202,1.226238483788,1.19309167256703,856
"cat",0.728726206286338,1.01920890619539,0,857
"dog",0.714859452447974,0.926940359120858,0.867457595158494,857
"lion",0.753948325685748,1.05855193950452,1.05198879526451,857
"shark",0.74155282588976,1.18051224038711,1.0996689429111,857
"dolphin",0.781917667441835,1.14812093430291,1.167126732287,857
"blue jay",0.890152559275527,1.2682472456516,1.24357277386248,857
"fox",0.82227869558348,1.15622103762418,1.12916428611752,857
"monkey",0.713406328124527,1.07765782046529,1.0166223194662,857
"gorilla",0.754859770500822,1.11245245959525,1.16565787368717,857
"snake",0.749243363134768,1.10865295182169,1.05716809941006,857
"giraffe",0.822145125666374,1.18844274658855,1.17450121575645,857
"alligator",0.769437447629406,1.17218049712303,1.12875287048276,857
"goldfish",0.804075536043978,1.06808974496028,1.13267603787276,857
"cat",0.740652732887518,1.01920890619539,0,858
"kangaroo",0.800197126897497,1.11054092420269,1.12815262010473,858
"dog",0.733079238231817,0.926940359120858,0.867457595158494,858
"rabbit",0.745249626646276,1.04671233415507,0.986053177081525,858
"shark",0.731824721878687,1.18051224038711,1.0996689429111,858
"octopus",0.770681453804783,1.1974860366461,1.20578138567062,858
"cow",0.761195719947236,1.03939429814665,1.05862459059943,858
"chicken",0.738657730090962,1.12164530625985,1.01193635536428,858
"rooster",0.796868971072767,1.12657324745214,1.06487265710028,858
"frog",0.753258965051627,1.09311266529606,1.05377036144737,858
"toad",0.829210992080107,1.20527216386212,1.19210285888983,858
"chicken",0.738657730090962,1.12164530625985,1.01193635536428,858
"turtle",0.745623866383647,1.18890452583575,1.09912758412688,858
"lizard",0.798851922097647,1.15827964655824,1.12781263326051,858
"whale",0.784673565075554,1.143048159231,1.10235163517106,858
"fish",0.699571057091449,0.98859879554237,1.03820680338852,858
"shark",0.731824721878687,1.18051224038711,1.0996689429111,858
"octopus",0.770681453804783,1.1974860366461,1.20578138567062,858
"gerbil",0.826735114973403,1.1190891012329,1.1094487038188,858
"hamster",0.775631996292288,1.09038119952137,1.02240206147048,858
"dolphin",0.810682442453821,1.14812093430291,1.167126732287,858
"starfish",0.803742533387895,1.20170058753075,1.21975793790968,858
"dog",0.753015083279861,0.926940359120858,0,859
"cat",0.754905764271643,1.01920890619539,0.867457595158494,859
"parrot",0.783315083444111,1.1556004162,1.09334945637094,859
"bird",0.74027913121128,1.07379314834099,1.01009507359507,859
"toucan",0.88077148438364,1.26095605853567,1.24246137250245,859
"butterfly",0.829367082092033,1.17392380856495,1.10796020026342,859
"lizard",0.846996537819422,1.15827964655824,1.115947767103,859
"horse",0.728405123752917,0.965888696108949,0.899299490539192,859
"cow",0.764369340852004,1.03939429814665,1.04145565319362,859
"chicken",0.775894533865675,1.12164530625985,1.04643623667542,859
"donkey",0.735661606876724,1.08371708158835,1.07791091585768,859
"goose",0.815765951601302,1.22944068126678,1.1558221936693,859
"dolphin",0.806235822186819,1.14812093430291,1.16095531211422,859
"whale",0.758562336516545,1.143048159231,1.1239687715978,859
"killer whale",0.786514225898539,1.16854122686492,1.16730493677298,859
"shark",0.752431035226738,1.18051224038711,1.0906027082874,859
"eel",0.781717479842193,1.2522132155866,1.19717749101621,859
"fish",0.688188659720943,0.98859879554237,0.991729370751397,859
"catfish",0.782183203682536,1.12634328036673,1.14394741578242,859
"blowfish",0.796293894102289,1.2239497444363,1.18728715224957,859
"pufferfish",0.76405109779796,1.17776891414754,1.15715641882465,859
"shellfish",0.834587037680713,1.16650419053769,1.20377606017798,859
"goat",0.795809831556027,1.08472378545158,1.06788424763946,859
"lamb",0.801085143301549,1.13880384013632,1.10694645474148,859
"donkey",0.735661606876724,1.08371708158835,1.07791091585768,859
"elephant",0.754946703373452,1.04619490980886,1.11684809080827,859
"zebra",0.813996690831226,1.11765828858977,1.16176651615411,859
"flamingo",0.835025241520678,1.20073936665349,1.16838665448443,859
"dog",0.734458986553422,0.926940359120858,0,860
"cat",0.714045981339053,1.01920890619539,0.867457595158494,860
"bird",0.676760200249611,1.07379314834099,1.01009507359507,860
"parakeet",0.804553841752771,1.1946089193589,1.12171325978222,860
"cheetah",0.770855431103453,1.1395872374058,1.14695160232405,860
"lion",0.768551291155075,1.05855193950452,1.09555253396067,860
"rhino",0.794792880434881,1.18483103768089,1.2113231152707,860
"frog",0.770521895259548,1.09311266529606,1.05010319320121,860
"gorilla",0.783402411887482,1.11245245959525,1.11311897594554,860
"ostrich",0.770086409318599,1.22836893673411,1.23191979429873,860
"lizard",0.779947525680322,1.15827964655824,1.115947767103,860
"cow",0.764689298560091,1.03939429814665,1.04145565319362,860
"goat",0.797041105528113,1.08472378545158,1.06788424763946,860
"chicken",0.731803520341265,1.12164530625985,1.04643623667542,860
"rooster",0.759807441417882,1.12657324745214,1.09373444817241,860
"puma",0.816438879059107,1.15576661050537,1.17269928062431,860
"dog",0.715620043428148,0.926940359120858,0,861
"cat",0.714434607203345,1.01920890619539,0.867457595158494,861
"bird",0.694770167704185,1.07379314834099,1.01009507359507,861
"snake",0.764101115945414,1.10865295182169,1.04570627686665,861
"rabbit",0.685055588774136,1.04671233415507,0.976801833619715,861
"bunny",0.745971692022497,1.12719759752837,1.01091947523195,861
"ant",0.83289451814339,1.18589992980761,1.12090654357064,861
"anteater",0.803700347743215,1.10601893960943,1.13802874561522,861
"mammoth",0.842818403825848,1.21342657999391,1.23963643385532,861
"sabertoothed tiger",0.808933912289297,1.22175105997683,1.22917067879676,861
"tiger",0.735339366517944,1.13699789913431,1.11649752645681,861
"lion",0.753090828665433,1.05855193950452,1.09555253396067,861
"bird",0.694770167704185,1.07379314834099,1.01009507359507,861
"eagle",0.77452036204502,1.17344117800103,1.12579073078095,861
"camel",0.831849208095215,1.1599943725029,1.17566039449834,861
"horse",0.686618385148081,0.965888696108949,0.899299490539192,861
"dog",0.723072398664517,0.926940359120858,0,862
"cat",0.719881341735167,1.01920890619539,0.867457595158494,862
"ferret",0.810101223130277,1.15848646747173,1.10725467719149,862
"pig",0.763843265420603,1.1056965981979,1.04714921396337,862
"cow",0.74655709264225,1.03939429814665,1.04145565319362,862
"chicken",0.740572743797572,1.12164530625985,1.04643623667542,862
"dolphin",0.835433849670244,1.14812093430291,1.16095531211422,862
"gorilla",0.796159563257256,1.11245245959525,1.11311897594554,862
"sparrow",0.86206251809917,1.20587558419462,1.17628294476551,862
"crow",0.823991313596163,1.21928077291798,1.18798805299164,862
"frog",0.77166673654853,1.09311266529606,1.05010319320121,862
"mouse",0.769331814612223,1.10481593397117,1.00358886691622,862
"rat",0.735478133498095,1.07995102832886,1.00412039494565,862
"horse",0.712967018854281,0.965888696108949,0.899299490539192,862
"llama",0.787094382302848,1.1520927992141,1.10603303430282,862
"chicken",0.740572743797572,1.12164530625985,1.04643623667542,862
"giraffe",0.807621013915244,1.18844274658855,1.1766182122444,862
"rhinoceros",0.776058803254432,1.11236943592377,1.18702199470307,862
"shark",0.796172453894913,1.18051224038711,1.0906027082874,862
"toucan",0.876496913786533,1.26095605853567,1.24246137250245,862
"lemur",0.790166112698458,1.20569701119529,1.18156181193929,862
"monkey",0.724169760118067,1.07765782046529,1.02394317171624,862
"dog",0.744025167342895,0.926940359120858,0,863
"cat",0.741190208165112,1.01920890619539,0.867457595158494,863
"chicken",0.781038374838071,1.12164530625985,1.04643623667542,863
"cow",0.761859759802511,1.03939429814665,1.04145565319362,863
"giraffe",0.797255432175775,1.18844274658855,1.1766182122444,863
"lion",0.683907633185223,1.05855193950452,1.09555253396067,863
"antelope",0.739491735610125,1.09219980795382,1.16513816870806,863
"hyena",0.812041340643967,1.11958025880767,1.18207745823593,863
"tiger",0.74162002049518,1.13699789913431,1.11649752645681,863
"lion",0.683907633185223,1.05855193950452,1.09555253396067,863
"snake",0.795258769086893,1.10865295182169,1.04570627686665,863
"penguin",0.778018428466423,1.15620002078011,1.09024062195603,863
"bird",0.773770916789113,1.07379314834099,1.01009507359507,863
"skunk",0.829026439696673,1.17735568001305,1.16439197268452,863
"anteater",0.811863870344914,1.10601893960943,1.13802874561522,863
"eagle",0.786144065449684,1.17344117800103,1.12579073078095,863
"bear",0.748254274817632,1.12388948326659,1.03308931617168,863
"polar bear",0.774845496691627,1.16102285916568,1.12858856323028,863
"puma",0.802395537294072,1.15576661050537,1.17269928062431,863
"mountain lion",0.782388850639793,1.16768866695378,1.1939367288286,863
"ram",0.89621901001074,1.1975310995479,1.18852767182378,863
"bull",0.80692099374525,1.15566818750897,1.10637785319266,863
"horse",0.708466279462644,0.965888696108949,0.899299490539192,863
"dog",0.744726675331084,0.926940359120858,0,865
"zebra",0.779150677989333,1.11765828858977,1.16176651615411,865
"goat",0.797258912180528,1.08472378545158,1.06788424763946,865
"bat",0.750398542498438,1.14760293454915,1.08672150474628,865
"baboon",0.75295139702085,1.15012684992934,1.15099198393117,865
"elephant",0.721712455966298,1.04619490980886,1.11684809080827,865
"giraffe",0.790055125210367,1.18844274658855,1.1766182122444,865
"turtle",0.763216565713776,1.18890452583575,1.08414286552553,865
"horse",0.719188971031863,0.965888696108949,0.899299490539192,865
"mouse",0.78282104209573,1.10481593397117,1.00358886691622,865
"lizard",0.770676904961684,1.15827964655824,1.115947767103,865
"alligator",0.76756544511947,1.17218049712303,1.11561137194911,865
"chimpanzee",0.776631389755667,1.08717052779837,1.14015587363641,865
"bird",0.73027719769042,1.07379314834099,1.01009507359507,865
"owl",0.765480373284737,1.18092650248244,1.16433237850303,865
"groundhog",0.86836554897036,1.2798767044961,1.22072380047568,865
"raccoon",0.792329146087787,1.16925510079619,1.18511234830246,865
"fish",0.779422115970531,0.98859879554237,0.991729370751397,865
"dog",0.751504107841669,0.926940359120858,0,866
"cow",0.777513169021636,1.03939429814665,1.04145565319362,866
"elephant",0.7318135789809,1.04619490980886,1.11684809080827,866
"giraffe",0.820047150873374,1.18844274658855,1.1766182122444,866
"groundhog",0.847348898160364,1.2798767044961,1.22072380047568,866
"squirrel",0.74959362807467,1.1857650114949,1.1451519891576,866
"raccoon",0.791928090283382,1.16925510079619,1.18511234830246,866
"possum",0.740426421123123,1.1384574350749,1.14819749110142,866
"deer",0.740055521412427,1.06700221239762,1.06696015999775,866
"cat",0.739926287320097,1.01920890619539,0.867457595158494,866
"mouse",0.771028108915139,1.10481593397117,1.00358886691622,866
"fish",0.78977193147494,0.98859879554237,0.991729370751397,866
"eagle",0.783639544204218,1.17344117800103,1.12579073078095,866
"canary",0.872369456060931,1.19541719321321,1.16801244173706,866
"crow",0.789028121647703,1.21928077291798,1.18798805299164,866
"bluebird",0.81301148897751,1.17305194938537,1.20340375021732,866
"mole",0.871727244017975,1.21726216691728,1.17834647450173,866
"vole",0.766080649213278,1.15197884480885,1.08618866022063,866
"ferret",0.795608893469828,1.15848646747173,1.10725467719149,866
"lion",0.774849772566382,1.05855193950452,1.09555253396067,866
"tiger",0.780975150074294,1.13699789913431,1.11649752645681,866
"ant",0.805528458369986,1.18589992980761,0,867
"dog",0.775036937285916,0.926940359120858,1.12090654357064,867
"cat",0.7496990480864,1.01920890619539,1.1306459791942,867
"squirrel",0.781637627706354,1.1857650114949,1.09917341554801,867
"elephant",0.726380484720526,1.04619490980886,1.02376551986184,867
"zebra",0.80225536752099,1.11765828858977,1.16866638654342,867
"hippo",0.795291681069769,1.15746428721802,1.12173388639932,867
"crocodile",0.748099129761337,1.14277096325739,1.16767056351791,867
"shark",0.781612424054873,1.18051224038711,1.16690621391344,867
"sea cucumber",0.852203861443631,1.27113978109271,1.17135669326058,867
"stingray",0.818541845602865,1.22149222059251,1.19239631031998,867
"octopus",0.796310039241049,1.1974860366461,1.15939190094209,867
"jellyfish",0.817637381083153,1.16127957600804,1.10752289720906,867
"bird",0.756919391077516,1.07379314834099,1.15208354875144,867
"blue jay",0.881317758132309,1.2682472456516,1.25808231513657,867
"cardinal",0.856636178071437,1.22105323193002,1.2085083938352,867
"hamster",0.8185167308267,1.09038119952137,1.17221345210083,867
"mouse",0.775021095493897,1.10481593397117,1.11525970016226,867
"rat",0.73823353587925,1.07995102832886,1.0978542675496,867
"beaver",0.80387249402669,1.17642596565355,1.15069750944404,867
"crane",0.870590127683996,1.22665468877589,1.13081841755134,867
"mink",0.79411983959533,1.18852734042341,1.1629854374085,867
"lion",0.767942124772376,1.05855193950452,1.17971000178014,867
"bobcat",0.833611815959184,1.20517836055836,1.19946330203479,867
"panther",0.746724034287175,1.12540293292384,1.15704502922154,867
"jaguar",0.822385852578351,1.22303102406277,1.20901656922248,867
"frog",0.791038102426709,1.09311266529606,1.16416050220183,867
"lizard",0.785910498189734,1.15827964655824,1.14885581880968,867
"cat",0.788443606629819,1.01920890619539,0,868
"fox",0.816821600413974,1.15622103762418,1.12916428611752,868
"wolf",0.76635714430228,1.0770628836108,1.0534889515561,868
"dog",0.768026150013251,0.926940359120858,0.867457595158494,868
"lemur",0.781700534211181,1.20569701119529,1.1528643999795,868
"chimpanzee",0.717802555085256,1.08717052779837,1.18186078750365,868
"gorilla",0.741096168234064,1.11245245959525,1.16565787368717,868
"orangutan",0.737319002092892,1.17108604624696,1.21344882383628,868
"bonobo",0.794236547192744,1.05540213134542,1.19715420804927,868
"whale",0.768634880824384,1.143048159231,1.10235163517106,868
"dolphin",0.719677655479741,1.14812093430291,1.167126732287,868
"fish",0.733328774817368,0.98859879554237,1.03820680338852,868
"shark",0.75762171289062,1.18051224038711,1.0996689429111,868
"dolphin",0.719677655479741,1.14812093430291,1.167126732287,868
"eagle",0.807590506097956,1.17344117800103,1.14973933430312,868
"woodpecker",0.832517736757075,1.16985680724891,1.11415159675654,868
"blowfish",0.791729194085543,1.2239497444363,1.19621699668604,868
"swordfish",0.808399219538592,1.25976042656161,1.23334582220453,868
"cat",0.716471396458227,1.01920890619539,0,869
"dog",0.710621441456276,0.926940359120858,0.867457595158494,869
"bear",0.808772077921238,1.12388948326659,1.05355914921225,869
"hen",0.788019422662595,1.13780170119715,1.03078768963036,869
"elephant",0.754676532585209,1.04619490980886,1.0988771715258,869
"giraffe",0.82534954846791,1.18844274658855,1.17450121575645,869
"zebra",0.815476894081985,1.11765828858977,1.14692971349433,869
"tiger",0.778110628155319,1.13699789913431,1.02701213766712,869
"salmon",0.848051306563566,1.24305737962748,1.20678880045011,869
"shark",0.767537682020564,1.18051224038711,1.0996689429111,869
"whale",0.779060138544364,1.143048159231,1.10235163517106,869
"fish",0.69150114399905,0.98859879554237,1.03820680338852,869
"cow",0.739443061287126,1.03939429814665,1.05862459059943,869
"pig",0.739640091131043,1.1056965981979,1.02566879138511,869
"hawk",0.862254583654083,1.18909948871919,1.20803752946435,869
"chicken",0.768390316364861,1.12164530625985,1.01193635536428,869
"bird",0.738702458082177,1.07379314834099,0.998394950185039,869
"insect",0.844282085405116,1.06849834917833,1.1069103565724,869
"crocodile",0.78853477030334,1.14277096325739,1.11614177272574,869
"guinea pig",0.782843757017317,1.0762220833286,1.08450519086932,869
"fish",0.69150114399905,0.98859879554237,1.03820680338852,869
"pig",0.739640091131043,1.1056965981979,1.02566879138511,869
"chinchilla",0.826555219677409,1.16267681872322,1.16545321316133,869
"hamster",0.767363661225215,1.09038119952137,1.02240206147048,869
"gerbil",0.803582305725525,1.1190891012329,1.1094487038188,869
"tiger",0.747391482143914,1.13699789913431,0,870
"lion",0.718307840609503,1.05855193950452,0.970815129732415,870
"bear",0.778366550123582,1.12388948326659,1.04819410700281,870
"eagle",0.799292723988651,1.17344117800103,1.10068145982575,870
"cockroach",0.830491895300738,1.20339152015345,1.21287560083542,870
"ant",0.821760285427724,1.18589992980761,1.25242297997563,870
"falcon",0.84346890169152,1.23281064372965,1.13061883311792,870
"flamingo",0.826428269968822,1.20073936665349,1.09862616540199,870
"roadrunner",0.85680358605739,1.2099240610924,1.19261222796795,870
"kangaroo",0.779202417436299,1.11054092420269,1.1241360777768,870
"tasmanian devil",0.833354753596598,1.25138701205912,1.10315620812572,870
"zebra",0.793098595219241,1.11765828858977,1.1302161335658,870
"leopard",0.750513229184979,1.13797163209713,0.958682485798797,870
"mountain lion",0.772976414835238,1.16768866695378,1.05915509604965,870
"cat",0.75541607916051,1.01920890619539,1.02701213766712,870
"chihuahua",0.839166761108092,1.19181382684572,1.23779151045104,870
"golden retriever",0.884612085504173,1.19141601811632,1.22411507745437,870
"wolf",0.742596423129159,1.0770628836108,1.05737517294192,870
"pig",0.792201752878676,1.1056965981979,1.10093160968611,870
"cow",0.794405109717631,1.03939429814665,1.07047874095219,870
"horse",0.7230168090707,0.965888696108949,1.09606629775128,870
"gopher",0.843090032954233,1.22079710953646,1.23806683958594,870
"aardvark",0.746757012950396,1.16505430228589,0,871
"bat",0.731146567950122,1.14760293454915,1.10865103587098,871
"cat",0.736224123679177,1.01920890619539,1.14095638197804,871
"dog",0.73528736531485,0.926940359120858,1.15327614053286,871
"elephant",0.724327785326087,1.04619490980886,1.00629834752997,871
"fish",0.767938583488115,0.98859879554237,1.18434294721349,871
"giraffe",0.777479503390976,1.18844274658855,1.04730202524427,871
"iguana",0.818694647402348,1.18559506970146,1.18322298170753,871
"jaguar",0.817937867844758,1.22303102406277,1.1336604461983,871
"monkey",0.768035479356743,1.07765782046529,1.15156989642777,871
"gnat",0.80095349006537,1.26784631336985,0.990902568782108,871
"praying mantis",0.816398601415537,1.1923823270382,1.17297447592049,871
"bee",0.792701330934864,1.20129180582889,1.10112281664002,871
"beetle",0.788465932270366,1.21702995763416,1.08687671199996,871
"bear",0.786068012742592,1.12388948326659,1.10800092947482,871
"okapi",0.789006259680858,1.11972082048245,0,872
"lion",0.741865207241491,1.05855193950452,1.08157648678735,872
"snow leopard",0.769357284484753,1.185196446325,1.11282683118805,872
"otter",0.837157888070884,1.22638632683781,1.10710553812962,872
"eagle",0.768177772114753,1.17344117800103,1.17092560450443,872
"snowy owl",0.80550618067784,1.28190043472752,1.10170533687446,872
"bear",0.808191471355688,1.12388948326659,1.1869623916422,872
"boa constrictor",0.817318492681683,1.22911375582577,1.14682721801942,872
"green tree python",0.905401144535746,1.2883312217805,1.23972286699953,872
"kiwi",0.840950412803351,1.23486110945772,1.17045021795045,872
"cat",0.806190651009905,1.01920890619539,1.22385329974893,872
"black panther",0.800171951242031,1.15425236835627,1.21242401796723,872
"tiger",0.759300424762247,1.13699789913431,1.11288803684853,872
"elephant",0.748811239257536,1.04619490980886,1.05470411312829,872
"crane",0.860096529654579,1.22665468877589,1.25458066404534,872
"parrot",0.748737625764759,1.1556004162,1.13766925449133,872
"armadillo",0.822611512442868,1.17354896519193,1.02177519827234,872
"copperhead",0.805517069720513,1.15143179000771,1.11298551016546,872
"canary",0.846485999253916,1.19541719321321,1.23307283841995,872
"sparrow",0.792221978934604,1.20587558419462,1.2423431228826,872
"horse",0.754971081960224,0.965888696108949,1.1200125290599,872
"grackle",0.687513228078727,1.16501489639409,1.02512954495878,872
"frog",0.726871542432203,1.09311266529606,0,873
"toad",0.817113325279806,1.20527216386212,0.795635684531567,873
"cat",0.714061008546766,1.01920890619539,1.05377036144737,873
"dog",0.696507457546707,0.926940359120858,1.05010319320121,873
"whale",0.781889315190957,1.143048159231,1.10515089197154,873
"fish",0.71142119913187,0.98859879554237,1.07719385404622,873
"dolphin",0.825949139795145,1.14812093430291,1.18837858030204,873
"shark",0.766425107037287,1.18051224038711,1.15376921697134,873
"chicken",0.761862089305317,1.12164530625985,1.13041631900826,873
"sheep",0.823467493281765,1.07674053126268,1.18622689920802,873
"wolf",0.749763009253769,1.0770628836108,1.066681697864,873
"human",0.797460742480711,1.00013231519785,1.15699684124678,873
"rat",0.73727485647676,1.07995102832886,1.10843662859178,873
"snake",0.703470200924845,1.10865295182169,1.04829507937642,873
"anaconda",0.882738693314629,1.23400377287013,1.23000805136123,873
"bird",0.742738540761114,1.07379314834099,1.05101772390089,873
"salamander",0.781243996722495,1.18879501552329,0.958305849977707,873
"cat",0.782594785623199,1.01920890619539,0,874
"dog",0.807221913496671,0.926940359120858,0.867457595158494,874
"dinosaur",0.826203728522705,1.19602662292496,1.20764183193375,874
"sabertoothed tiger",0.771835970231801,1.22175105997683,1.19346156672864,874
"lion",0.703705241559197,1.05855193950452,1.05198879526451,874
"jaguar",0.788297039200016,1.22303102406277,1.1244788047416,874
"panther",0.724454842901966,1.12540293292384,1.00659497552622,874
"beetle",0.813742334582089,1.21702995763416,1.19984012506282,874
"dragonfly",0.814829476965265,1.22603351038703,1.22320054027168,874
"ocelot",0.88079997917856,1.23998855390369,1.14947981768913,874
"lion",0.703705241559197,1.05855193950452,1.05198879526451,874
"sea lion",0.755931463524358,1.10739831907327,1.16893166484572,874
"seal",0.85189945105666,1.20738285987118,1.226261689896,874
"shark",0.772134086349932,1.18051224038711,1.0996689429111,874
"pleco",0.871309343872983,1.28318614460756,1.26701596059165,874
"platypus",0.827287569301395,1.17150547090275,1.18307595154292,874
"caterpillar",0.837064780449582,1.19198543571259,1.07794481826129,874
"spider",0.773665399320645,1.17267982481853,1.08740790105025,874
"black widow",0.863216188742589,1.23381733384848,1.21592103986553,874
"wolverine",0.842411165783878,1.24116321030287,1.20964874567753,874
"bear",0.779402187381672,1.12388948326659,1.05355914921225,874
"bengal tiger",0.771990580210124,1.20066984265893,1.10052170016375,874
"crane",0.853449413873395,1.22665468877589,1.19375514386657,874
"heron",0.826085745551685,1.20330789918958,1.22602487083851,874
"flamingo",0.803908171209692,1.20073936665349,1.18003143365603,874
"polar bear",0.785921134608731,1.16102285916568,1.13058062625004,874
"cat",0.753322299674262,1.01920890619539,0,875
"dog",0.757118314656666,0.926940359120858,0.867457595158494,875
"fish",0.792213973023769,0.98859879554237,1.03820680338852,875
"bird",0.748678005582587,1.07379314834099,0.998394950185039,875
"whale",0.823121478021499,1.143048159231,1.10235163517106,875
"dolphin",0.851348632874928,1.14812093430291,1.167126732287,875
"giraffe",0.797138377029913,1.18844274658855,1.17450121575645,875
"elephant",0.745947531720063,1.04619490980886,1.0988771715258,875
"hippo",0.79508407922004,1.15746428721802,1.17830875759957,875
"flamingo",0.820910175125237,1.20073936665349,1.18003143365603,875
"parakeet",0.81041787491377,1.1946089193589,1.13309593950469,875
"emu",0.870088645465594,1.29548511968627,1.24439833713768,875
"rhino",0.824969561777225,1.18483103768089,1.16170844143932,875
"rabbit",0.72255549374825,1.04671233415507,0.986053177081525,875
"lizard",0.798229384272702,1.15827964655824,1.12781263326051,875
"snake",0.764565829685907,1.10865295182169,1.05716809941006,875
"shark",0.803505087596235,1.18051224038711,1.0996689429111,875
"mouse",0.772977894754453,1.10481593397117,0.92672767064338,875
"rat",0.723983109639181,1.07995102832886,0.972506627932039,875
"ferret",0.742981010168816,1.15848646747173,1.09507427395091,875
"guinea pig",0.75702792323661,1.0762220833286,1.08450519086932,875
"hamster",0.740003809184793,1.09038119952137,1.02240206147048,875
"gerbil",0.763898735877041,1.1190891012329,1.1094487038188,875
"chinchilla",0.750138840761829,1.16267681872322,1.16545321316133,875
"sugar glider",0.83324317834699,1.22216633293255,1.21202957239505,875
"squirrel",0.77331836140353,1.1857650114949,1.09228534730863,875
"chipmunk",0.748661315565895,1.14683035711037,1.12329340061911,875
"raccoon",0.811139313160757,1.16925510079619,1.17761709620326,875
"possum",0.775411947107772,1.1384574350749,1.1369060435575,875
"llama",0.784673280000023,1.1520927992141,1.11529523617002,875
"alpaca",0.820303299265212,1.17494183822496,1.20808731439163,875
"elephant",0.758385230629417,1.04619490980886,0,876
"giraffe",0.823207477015588,1.18844274658855,0.967751303315793,876
"monkey",0.697387118183484,1.07765782046529,1.07440403350309,876
"dog",0.720714691211621,0.926940359120858,1.11684809080827,876
"cat",0.68088600037313,1.01920890619539,1.0988771715258,876
"goose",0.783204474243346,1.22944068126678,1.18445496335692,876
"swan",0.794719487849418,1.22322953142548,1.1450607852623,876
"penguin",0.752188848656407,1.15620002078011,1.07731315581203,876
"monkey",0.697387118183484,1.07765782046529,1.07440403350309,876
"gorilla",0.794911909345021,1.11245245959525,1.06296170275475,876
"hummingbird",0.826230248998485,1.16048176140612,1.06369075344737,876
"sparrow",0.838099584407618,1.20587558419462,1.19653043745613,876
"eagle",0.789850375568162,1.17344117800103,1.16476108987709,876
"snake",0.763083468587364,1.10865295182169,1.1122615591676,876
"rat",0.724747008511809,1.07995102832886,1.11153057799248,876
"mouse",0.752966951517321,1.10481593397117,1.12744551517211,876
"cat",0.68088600037313,1.01920890619539,1.0988771715258,876
"dog",0.764879947620507,0.926940359120858,0,877
"cat",0.763436281079028,1.01920890619539,0.867457595158494,877
"lizard",0.822555964927154,1.15827964655824,1.115947767103,877
"chicken",0.788164235413176,1.12164530625985,1.04643623667542,877
"turkey",0.85768490627341,1.21857096228981,1.14448632209888,877
"doe",0.828038930968416,1.21610572908469,1.08097783495077,877
"cow",0.780749023947744,1.03939429814665,1.04145565319362,877
"deer",0.734942914867238,1.06700221239762,1.06696015999775,877
"bear",0.784542443615326,1.12388948326659,1.03308931617168,877
"shark",0.796432331518567,1.18051224038711,1.0906027082874,877
"elk",0.797320626675584,1.08271571891172,1.16056105827029,877
"moose",0.786362859598148,1.16497628200128,1.13924183367507,877
"pigeon",0.777969720157652,1.12021210941644,1.10923874305633,877
"bluebird",0.819956143122755,1.17305194938537,1.20340375021732,877
"hummingbird",0.811871804457276,1.16048176140612,1.18737951992776,877
"polar bear",0.814454592668564,1.16102285916568,1.12858856323028,877
"snake",0.765166085774446,1.10865295182169,1.04570627686665,877
"spider",0.776148969038593,1.17267982481853,1.07483080059683,877
"caterpillar",0.824164087723777,1.19198543571259,1.16762565043333,877
"cricket",0.839540678030093,1.17761881381565,1.15448079523185,877
"locust",0.887121372989619,1.27733265399738,1.31910591283618,877
"horsefly",0.786366651080379,1.13679368397915,1.10610196165445,877
"owl",0.785111041012191,1.18092650248244,1.16433237850303,877
"tuna",0.859407907866219,1.27465422411242,1.22897827035395,877
"bluegill",0.818440365272122,1.25691282615943,1.22883565632888,877
"carp",0.831926811947544,1.23552010728885,1.23404184372733,877
"bass",0.842763407725465,1.18137962304228,1.16292166583625,877
"raccoon",0.834209688786675,1.16925510079619,1.18511234830246,877
"dog",0.769811186921661,0.926940359120858,0,878
"elephant",0.685232610359235,1.04619490980886,1.11684809080827,878
"giraffe",0.769849076702444,1.18844274658855,1.1766182122444,878
"monkey",0.762674557112534,1.07765782046529,1.02394317171624,878
"pig",0.779677769962209,1.1056965981979,1.04714921396337,878
"horse",0.722771864171479,0.965888696108949,0.899299490539192,878
"cow",0.744740260632421,1.03939429814665,1.04145565319362,878
"sheep",0.820122570238598,1.07674053126268,1.12137023053543,878
"manatee",0.746667084875577,1.16357463908658,1.16309671733952,878
"whale",0.777328210380981,1.143048159231,1.1239687715978,878
"seal",0.878104922086868,1.20738285987118,1.20117014375163,878
"kangaroo",0.760134262636968,1.11054092420269,1.13555650751255,878
"crocodile",0.77368342192941,1.14277096325739,1.10561877282043,878
"hippopotamus",0.755815395100055,1.15659977897511,1.1666862854957,878
"lion",0.731372820152185,1.05855193950452,1.09555253396067,878
"cheetah",0.732397880823487,1.1395872374058,1.14695160232405,878
"leopard",0.759652588224994,1.13797163209713,1.14684930401292,878
"panther",0.757176480799097,1.12540293292384,1.12144495036248,878
"panda",0.824032252746466,1.14953149364335,1.14271921469821,878
"grizzly bear",0.766226669654218,1.14143784847236,1.15207353264172,878
"deer",0.773224697478386,1.06700221239762,1.06696015999775,878
"gazelle",0.836604597792659,1.22821881686673,1.26587302973454,878
"bird",0.807632958398991,1.07379314834099,1.01009507359507,878
"rabbit",0.776950639721739,1.04671233415507,0,879
"monkey",0.740757936718822,1.07765782046529,1.06348856345083,879
"llama",0.791927353166025,1.1520927992141,1.14079781136693,879
"kangaroo",0.696556723640149,1.11054092420269,1.0591816411028,879
"orangutan",0.724103793276937,1.17108604624696,1.15026885298553,879
"koala",0.718274774308553,1.18959738674953,1.09286319256625,879
"bat",0.77850925428912,1.14760293454915,1.13759663727808,879
"giraffe",0.729063112054173,1.18844274658855,1.17379581052525,879
"cheetah",0.748612246835027,1.1395872374058,1.12323787966615,879
"rhino",0.79470904458657,1.18483103768089,1.1886392861149,879
"polar bear",0.76543901536957,1.16102285916568,1.1059161434487,879
"penguin",0.728940519590458,1.15620002078011,1.1637737381177,879
